Ad_ID,Campaign_Name,Clicks,Impressions,Cost,Leads,Conversions,Conversion Rate,Sale_Amount,Ad_Date,Location,Device,Keyword
A1000,CyberSecurtyFundamentals,104.0,4498.0,231.88,14.0,7.0,0.058,1892.0,2024-11-16,Pune,Desktop,learn data analytics
A1001,SQLDatabseTraining,173.0,5107.0,216.84,10.0,8.0,0.046,1679.0,2024-11-20,New Delhi,Mobile,data analytics course
A1002,Python4D@ta,90.0,4544.0,203.66,26.0,9.0,0.09122252747252749,1624.0,2024-11-16,Pune,Desktop,data analitics online
A1003,AI_Marketing1011,142.0,3185.0,237.66,17.0,6.0,0.04225352112676056,1225.0,2024-11-26,Mumbai,Tablet,data anaytics training
A1004,SQLDatabseTraining1,156.0,3361.0,195.9,30.0,8.0,0.05128205128205128,1091.0,2024-11-22,Mumbai,Desktop,online data analytic
A1005,ai_mARKETING101,195.0,3776.0,243.57,10.0,8.0,0.041025641025641026,1315.0,2024-11-16,New Delhi,Mobile,data anaytics training
A1006,SQLD@tabseTraining,116.0,4480.0,237.79,17.0,5.0,0.043,1640.0,2024-11-06,Delhi,Tablet,data analytics course
A1007,Python4Data,184.0,5060.0,229.61,23.0,3.0,0.016,1509.0,2024-11-24,Delhi,Tablet,analytics for data
A1008,Machn3LearningBasics,113.0,5434.0,216.48,27.0,4.0,0.058,1362.0,2024-11-24,Mumbai,Tablet,data anaytics training
A1009,W3bDevMastery,166.0,3355.0,186.78,24.0,9.0,0.054,1029.0,2024-11-12,Mumbai,Mobile,online data analytic
A1010,W3bDevMastery,101.0,5399.0,236.79,20.0,6.0,0.059,1900.0,2024-11-14,Chennai,Desktop,learn data analytics
A1011,D3epLearnngPro,101.0,3613.0,208.12,24.0,5.0,0.05,1130.0,2024-11-22,Delhi,Desktop,online data analytic
A1012,pYTHON4dATA,125.0,3259.0,191.3,18.0,3.0,0.024,1959.0,2024-11-27,Chennai,Desktop,data analitics online
A1013,Python4Data,196.0,3742.0,207.46,10.0,7.0,0.038,1623.0,2024-11-12,Mumbai,Mobile,data anaytics training
A1014,Webdevmastery,181.0,4311.0,185.09,11.0,9.0,0.05,1538.0,2024-11-04,Pune,Desktop,data anaytics training
A1015,W3bDevMastery,102.0,5461.0,201.69,22.0,8.0,0.078,1755.0,2024-11-29,Mumbai,Desktop,data analytics course
A1016,SQLD@tabseTraining,193.0,5159.0,218.27999999999997,15.0,9.0,0.047,1614.0,2024-11-10,Chennai,Mobile,learn data analytics
A1017,CyberSecurtyFund@mentals,149.0,4431.0,207.4,19.0,9.0,0.06,1693.0,2024-11-12,Mumbai,Mobile,learn data analytics
A1018,SQLD@tabseTraining,150.0,3113.0,217.41,20.0,5.0,0.03333333333333333,1785.0,2024-11-07,Delhi,Mobile,analytics for data
A1019,CloudComputngCours3,145.0,5278.0,220.13,25.0,6.0,0.041,1516.0,2024-11-05,Chennai,Desktop,data analytics course
A1020,Cybersecurtyfundamentals,184.0,4143.0,223.3,10.0,10.0,0.044,1735.0,2024-11-21,Chennai,Tablet,learn data analytics
A1021,mACHNElEARNINGbASICS,171.0,4154.0,184.23,30.0,7.0,0.041,1803.0,2024-11-08,Pune,Tablet,data analitics online
A1022,DataSci3nceBootcamp,122.0,5187.0,211.24,27.0,6.0,0.049,1322.0,2024-11-20,Pune,Desktop,online data analytic
A1023,D@taScienceBootcamp,188.0,5798.0,230.17,28.0,5.0,0.047,1452.0,2024-11-30,Delhi,Tablet,data analytics course
A1024,DataSci3nceBootcamp,87.0,3718.0,216.48,12.0,3.0,0.034,1652.0,2024-11-20,Mumbai,Tablet,learn data analytics
A1025,Python4Data,88.0,3349.0,181.92,22.0,8.0,0.091,1456.0,2024-11-20,Bangalore,Tablet,learn data analytics
A1026,dEEPlEARNNGpRO,119.0,5323.0,205.92,17.0,10.0,0.06,1656.0,2024-11-02,Pune,Desktop,online data analytic
A1027,Machn3LearningBasics,137.0,5286.0,234.89,22.0,10.0,0.05,1688.0,2024-11-21,Delhi,Desktop,data anaytics training
A1028,Python4data,128.0,5469.0,188.49,16.0,3.0,0.0234375,1783.0,2024-11-23,Pune,Mobile,learn data analytics
A1029,dATAsCIENCEbOOTCAMP,86.0,3351.0,237.75,21.0,9.0,0.09122252747252749,1975.0,2024-11-13,Chennai,Mobile,analytics for data
A1030,Python4D@ta,188.0,4834.0,213.58,15.0,4.0,0.021,1590.0,2024-11-08,Mumbai,Tablet,online data analytic
A1031,DeepLearnngPro1,113.0,5065.0,212.37,11.0,5.0,0.04424778761061947,1111.0,2024-11-22,Mumbai,Desktop,online data analytic
A1032,Busin3ssAnlyticsClass,136.0,3872.0,244.38,20.0,4.0,0.047,1041.0,2024-11-12,Pune,Tablet,data analitics online
A1033,DataSci3nceBootcamp,176.0,5509.0,234.59,19.0,7.0,0.054,1710.0,2024-11-03,Chennai,Tablet,data analytics course
A1034,Cyb3rSecurtyFundamentals,121.0,5610.0,214.96,23.0,8.0,0.06611570247933884,1472.5,2024-11-25,Delhi,Mobile,data analytics course
A1035,sqldATABSEtRAINING,104.0,5275.0,236.48,16.0,9.0,0.031,1824.0,2024-11-01,Mumbai,Desktop,data anaytics training
A1036,BusinessAnlyticsCl@ss,146.0,5939.0,242.9,11.0,8.0,0.035,1833.0,2024-11-07,Bangalore,Desktop,data anaytics training
A1037,Businessanlyticsclass,123.0,5131.0,217.98,19.0,5.0,0.041,1307.0,2024-11-09,Bangalore,Mobile,learn data analytics
A1038,AI_Marketing101_,90.0,5786.0,197.55,11.0,6.0,0.043,1704.0,2024-11-16,New Delhi,Mobile,online data analytic
A1039,CyberSecurtyFundamentals_,171.0,4304.0,192.61,17.0,10.0,0.058,1427.0,2024-11-26,Chennai,Mobile,learn data analytics
A1040,DeepLearnngPr0,94.0,5549.0,231.23,25.0,9.0,0.09122252747252749,1849.0,2024-11-12,Chennai,Mobile,data anaytics training
A1041,AI_M@rketing101,112.0,4271.0,196.07,27.0,6.0,0.05357142857142857,1209.0,2024-11-14,Bangalore,Desktop,data analitics online
A1042,M@chneLearningBasics,113.0,4418.0,191.55,27.0,10.0,0.08849557522123894,1634.0,2024-11-09,Pune,Mobile,data analytics course
A1043,AI_Mark3ting101,145.0,3721.0,180.95,21.0,7.0,0.048,1960.0,2024-11-29,Chennai,Desktop,data analitics online
A1044,Machn3LearningBasics,197.0,5783.0,204.46,23.0,6.0,0.030456852791878174,1729.0,2024-11-01,Pune,Tablet,data anaytics training
A1045,BusinessAnlyticsClass ,109.0,4866.0,236.78,27.0,5.0,0.045871559633027525,1585.0,2024-11-15,Chennai,Mobile,online data analytic
A1046,CyberSecurtyFund@mentals,188.0,5857.0,222.98,20.0,4.0,0.048,1303.0,2024-11-11,Mumbai,Desktop,data anaytics training
A1047,Cloudcomputngcourse,142.0,5103.0,234.1,24.0,3.0,0.021,1835.0,2024-11-08,Bangalore,Mobile,analytics for data
A1048,Ai_marketing101,168.0,4653.0,240.84,27.0,9.0,0.054,1367.0,2024-11-24,Bangalore,Mobile,online data analytic
A1049,cLOUDcOMPUTNGcOURSE,110.0,3524.0,248.86,19.0,10.0,0.091,1524.0,2024-11-21,Delhi,Mobile,learn data analytics
A1050,sqldATABSEtRAINING,192.0,5938.0,182.84,26.0,5.0,0.039,1080.0,2024-11-12,Delhi,Mobile,analytics for data
A1051,CloudComputngCourse,101.0,3942.0,206.62,16.0,5.0,0.05,1746.0,2024-11-24,Chennai,Tablet,analytics for data
A1052,Ai_marketing101,157.0,3315.0,189.56,15.0,10.0,0.064,1026.0,2024-11-25,Mumbai,Mobile,online data analytic
A1053,Python4Data1,113.0,4945.0,187.66,15.0,10.0,0.08849557522123894,1564.0,2024-11-26,Bangalore,Tablet,learn data analytics
A1054,WebDevMastery ,96.0,3166.0,196.15,29.0,7.0,0.073,1902.0,2024-11-26,New Delhi,Desktop,learn data analytics
A1055,AI_Marketing1011,125.0,4223.0,183.68,15.0,6.0,0.048,1267.0,2024-11-05,Pune,Desktop,data analitics online
A1056,Cyb3rSecurtyFundamentals,104.0,4798.0,210.1,18.0,3.0,0.028846153846153848,1340.0,2024-11-21,New Delhi,Desktop,analytics for data
A1057,Cyb3rSecurtyFundamentals,194.0,5655.0,208.58,13.0,6.0,0.031,1692.0,2024-11-16,Chennai,Mobile,data anaytics training
A1058,Cybersecurtyfundamentals,144.0,5140.0,219.48,19.0,8.0,0.047,1054.0,2024-11-18,New Delhi,Desktop,data analitics online
A1059,DataScienceB0otcamp,179.0,3025.0,238.81,17.0,3.0,0.017,1548.0,2024-11-11,New Delhi,Mobile,data analitics online
A1060,M@chneLearningBasics,166.0,5223.0,189.76,18.0,7.0,0.042,1219.0,2024-11-16,Chennai,Tablet,data analytics course
A1061,D3epLearnngPro,166.0,5089.0,209.76,26.0,7.0,0.042,1946.0,2024-11-11,Bangalore,Tablet,analytics for data
A1062,Sqldatabsetraining,118.0,5016.0,204.31,19.0,9.0,0.045,1833.0,2024-11-08,Bangalore,Desktop,analytics for data
A1063,dATAsCIENCEbOOTCAMP,185.0,3617.0,222.32,24.0,7.0,0.038,1963.0,2024-11-23,Bangalore,Mobile,data analytics course
A1064,Machnelearningbasics,116.0,3764.0,232.03,28.0,10.0,0.086,1348.0,2024-11-20,Bangalore,Tablet,data analytics course
A1065,AI_Marketing101_,99.0,4489.0,183.73,15.0,6.0,0.061,1264.0,2024-11-05,Mumbai,Desktop,online data analytic
A1066,BusinessAnlyticsClass_,172.0,4441.0,221.18,14.0,8.0,0.047,1771.0,2024-11-27,Bangalore,Mobile,analytics for data
A1067,DeepLearnngPro ,138.0,5751.0,199.11,26.0,9.0,0.052,1337.0,2024-11-10,Pune,Desktop,data analitics online
A1068,mACHNElEARNINGbASICS,84.0,4036.0,234.22,23.0,10.0,0.09122252747252749,1287.0,2024-11-04,Chennai,Desktop,learn data analytics
A1069,CyberSecurtyFund@mentals,124.0,4942.0,240.59,18.0,3.0,0.024,1922.0,2024-11-16,Chennai,Desktop,learn data analytics
A1070,Cl0udComputngCourse,122.0,4989.0,215.48,12.0,5.0,0.041,1975.0,2024-11-06,New Delhi,Mobile,data analitics online
A1071,Deeplearnngpro,180.0,3006.0,228.14,22.0,7.0,0.039,1556.0,2024-11-04,Mumbai,Tablet,learn data analytics
A1072,AI_Marketing101 ,133.0,3728.0,199.13,11.0,10.0,0.07518796992481203,1510.0,2024-11-09,Bangalore,Desktop,data analitics online
A1073,SQLDatabs3Training,164.0,3734.0,225.39,27.0,8.0,0.04,1728.0,2024-11-12,Pune,Tablet,learn data analytics
A1074,DataScienceB0otcamp,150.0,4621.0,246.3,15.0,6.0,0.049,1554.0,2024-11-09,Bangalore,Desktop,data analitics online
A1075,Machn3LearningBasics,97.0,3212.0,212.55,27.0,10.0,0.09122252747252749,1994.0,2024-11-23,Bangalore,Desktop,analytics for data
A1076,ai_mARKETING101,128.0,4225.0,228.24,30.0,4.0,0.031,1618.0,2024-11-08,Pune,Mobile,learn data analytics
A1077,Sqldatabsetraining,99.0,4779.0,233.78,26.0,10.0,0.09122252747252749,1086.0,2024-11-05,Pune,Desktop,online data analytic
A1078,CloudComputngCourse1,86.0,5352.0,234.05,11.0,5.0,0.058,1364.0,2024-11-09,Pune,Tablet,online data analytic
A1079,Python4D@ta,118.0,5405.0,187.28,25.0,7.0,0.058,1836.0,2024-11-05,New Delhi,Tablet,analytics for data
A1080,CloudComputngCourse,127.0,5430.0,199.13,14.0,6.0,0.047,1932.0,2024-11-25,Pune,Mobile,analytics for data
A1081,Deeplearnngpro,83.0,4808.0,241.35,20.0,7.0,0.084,1038.0,2024-11-30,Chennai,Mobile,learn data analytics
A1082,CyberSecurtyFundamentals,149.0,3587.0,217.53,23.0,8.0,0.053691275167785234,1464.0,2024-11-17,Pune,Mobile,data analitics online
A1083,WebDevMastery ,168.0,4683.0,215.28,30.0,8.0,0.048,1327.0,2024-11-28,Bangalore,Mobile,data analitics online
A1084,SQLD@tabseTraining,112.0,5814.0,227.38,11.0,8.0,0.071,1467.0,2024-11-03,Mumbai,Tablet,analytics for data
A1085,AI_Marketing101 ,123.0,3292.0,233.2,28.0,6.0,0.049,1174.0,2024-11-19,Pune,Desktop,data anaytics training
A1086,Sqldatabsetraining,174.0,4305.0,206.02,20.0,3.0,0.034,1057.0,2024-11-23,Pune,Desktop,learn data analytics
A1087,Businessanlyticsclass,143.0,4368.0,216.48,27.0,7.0,0.049,1199.0,2024-11-03,Mumbai,Tablet,analytics for data
A1088,CyberSecurtyFund@mentals,195.0,5935.0,209.68,23.0,9.0,0.046,1966.0,2024-11-07,Chennai,Tablet,online data analytic
A1089,WebDevM@stery,176.0,5847.0,241.04,13.0,6.0,0.034,1194.0,2024-11-02,Bangalore,Desktop,online data analytic
A1090,Machnelearningbasics,141.0,4851.0,227.39,28.0,5.0,0.03546099290780142,1821.0,2024-11-15,Delhi,Desktop,analytics for data
A1091,Cyb3rSecurtyFundamentals,108.0,4710.0,204.16,19.0,10.0,0.09122252747252749,1731.0,2024-11-20,Bangalore,Tablet,data analitics online
A1092,AI_Marketing1011,112.0,3345.0,216.48,11.0,6.0,0.047,1859.0,2024-11-23,Mumbai,Tablet,analytics for data
A1093,Cyb3rSecurtyFundamentals,143.0,5903.0,184.41,23.0,9.0,0.048,1188.0,2024-11-20,Bangalore,Tablet,online data analytic
A1094,CloudComputngCours3,145.0,5004.0,216.45,22.0,5.0,0.034,1496.0,2024-11-01,Chennai,Tablet,data analitics online
A1095,WebDevMastery_,183.0,3947.0,197.3,15.0,8.0,0.044,1645.0,2024-11-14,Mumbai,Desktop,data anaytics training
A1096,ai_mARKETING101,113.0,3690.0,229.42,20.0,5.0,0.044,1915.0,2024-11-28,Pune,Tablet,learn data analytics
A1097,bUSINESSaNLYTICScLASS,101.0,5943.0,187.32,27.0,6.0,0.059,1614.0,2024-11-15,Bangalore,Tablet,data analitics online
A1098,Machn3LearningBasics,189.0,5357.0,222.5,24.0,3.0,0.05,1839.0,2024-11-25,Bangalore,Tablet,data analytics course
A1099,Cl0udComputngCourse,154.0,3596.0,236.14,30.0,9.0,0.058,1036.0,2024-11-06,Mumbai,Tablet,online data analytic
A1100,Cybersecurtyfundamentals,179.0,5162.0,246.76,16.0,5.0,0.05,1052.0,2024-11-29,Delhi,Desktop,online data analytic
A1101,CloudComputngCourse,148.0,3747.0,244.41,18.0,8.0,0.054,1092.0,2024-11-17,Chennai,Tablet,learn data analytics
A1102,M@chneLearningBasics,177.0,4822.0,197.03,26.0,9.0,0.051,1909.0,2024-11-04,Pune,Mobile,online data analytic
A1103,Cl0udComputngCourse,119.0,5800.0,221.36,11.0,8.0,0.06722689075630252,1532.0,2024-11-29,Chennai,Desktop,analytics for data
A1104,W3bDevMastery,89.0,3594.0,216.48,14.0,6.0,0.067,1026.0,2024-11-15,Mumbai,Tablet,data analytics course
A1105,DataSci3nceBootcamp,146.0,4765.0,230.22,23.0,5.0,0.034,1944.0,2024-11-28,Pune,Tablet,analytics for data
A1106,CyberSecurtyFund@mentals,109.0,4128.0,183.65,12.0,5.0,0.045871559633027525,1488.5,2024-11-30,Mumbai,Desktop,data analitics online
A1107,CyberSecurtyFund@mentals,159.0,5127.0,197.16,21.0,4.0,0.025,1867.0,2024-11-03,Chennai,Tablet,learn data analytics
A1108,CloudComputngCourse,144.0,5674.0,235.36,12.0,3.0,0.021,1505.0,2024-11-22,Chennai,Desktop,analytics for data
A1109,Datasciencebootcamp,122.0,3793.0,237.22,19.0,8.0,0.066,1842.0,2024-11-20,Chennai,Tablet,online data analytic
A1110,Cyb3rSecurtyFundamentals,112.0,4315.0,235.33,28.0,9.0,0.08,1116.0,2024-11-08,Mumbai,Mobile,data analytics course
A1111,sqldATABSEtRAINING,174.0,4704.0,192.32,21.0,10.0,0.049,1501.0,2024-11-24,New Delhi,Mobile,learn data analytics
A1112,CyberSecurtyFundamentals_,168.0,3349.0,235.6,23.0,9.0,0.054,1894.0,2024-11-09,New Delhi,Mobile,online data analytic
A1113,mACHNElEARNINGbASICS,173.0,3501.0,223.9,28.0,10.0,0.044,1179.0,2024-11-25,Pune,Mobile,data analytics course
A1114,DataSci3nceBootcamp,91.0,4808.0,203.52,20.0,9.0,0.09122252747252749,1838.0,2024-11-20,Delhi,Desktop,data analytics course
A1115,MachneLearningBasics_,140.0,5405.0,195.69,21.0,8.0,0.05714285714285714,1094.0,2024-11-21,Bangalore,Desktop,data anaytics training
A1116,MachneLearningBasics,93.0,3425.0,229.76,26.0,4.0,0.043,1344.0,2024-11-24,New Delhi,Mobile,online data analytic
A1117,AI_M@rketing101,114.0,5263.0,189.13,23.0,5.0,0.044,1434.0,2024-11-05,Mumbai,Mobile,data analytics course
A1118,SQLDatabs3Training,172.0,3889.0,211.85,21.0,10.0,0.05813953488372093,1766.0,2024-11-16,Delhi,Tablet,online data analytic
A1119,Businessanlyticsclass,188.0,3327.0,193.76,24.0,6.0,0.047,1220.0,2024-11-03,Mumbai,Tablet,online data analytic
A1120,Datasciencebootcamp,117.0,4649.0,214.18,29.0,4.0,0.034,1348.0,2024-11-23,Bangalore,Mobile,learn data analytics
A1121,WebDevM@stery,113.0,5471.0,215.57,27.0,9.0,0.038,1123.0,2024-11-23,Mumbai,Mobile,analytics for data
A1122,AI_M@rketing101,109.0,3550.0,240.33,14.0,8.0,0.073,1982.0,2024-11-24,Bangalore,Tablet,learn data analytics
A1123,AI_Mark3ting101,174.0,3178.0,225.67,18.0,10.0,0.057,1140.0,2024-11-20,Bangalore,Desktop,data analitics online
A1124,BusinessAnlyticsCl@ss,96.0,4673.0,192.88,24.0,5.0,0.052,1962.0,2024-11-10,Chennai,Mobile,learn data analytics
A1125,Pyth0n4Data,110.0,4254.0,187.87,11.0,4.0,0.03636363636363636,1172.0,2024-11-04,Chennai,Mobile,data anaytics training
A1126,CyberSecurtyFundamentals,163.0,3658.0,237.63,23.0,7.0,0.043,1699.0,2024-11-23,Chennai,Tablet,online data analytic
A1127,SQLDatabseTraining ,161.0,5319.0,235.98,13.0,4.0,0.025,1423.0,2024-11-18,Bangalore,Mobile,learn data analytics
A1128,DeepLe@rnngPro,195.0,5278.0,193.49,30.0,7.0,0.047,1456.0,2024-11-04,Delhi,Mobile,data analytics course
A1129,mACHNElEARNINGbASICS,84.0,3755.0,218.88,14.0,9.0,0.047,1299.0,2024-11-05,Bangalore,Tablet,analytics for data
A1130,Python4D@ta,113.0,4580.0,194.82,11.0,6.0,0.059,1248.0,2024-11-28,Bangalore,Tablet,data analytics course
A1131,Cybersecurtyfundamentals,117.0,3809.0,225.14,12.0,5.0,0.032,1495.0,2024-11-09,Pune,Desktop,data anaytics training
A1132,MachneLearningBasics,135.0,5118.0,219.99,27.0,6.0,0.044,1089.0,2024-11-20,Delhi,Mobile,online data analytic
A1133,WebDevMastery,92.0,5766.0,186.14,28.0,7.0,0.076,1013.0,2024-11-27,Delhi,Tablet,data anaytics training
A1134,M@chneLearningBasics,188.0,3934.0,206.21,16.0,9.0,0.048,1531.5,2024-11-04,Delhi,Desktop,data analytics course
A1135,Pyth0n4Data,101.0,4724.0,228.38,13.0,7.0,0.034,1243.0,2024-11-20,Mumbai,Desktop,learn data analytics
A1136,Machnelearningbasics,111.0,5895.0,205.25,29.0,4.0,0.036,1693.0,2024-11-04,Mumbai,Mobile,data analytics course
A1137,cLOUDcOMPUTNGcOURSE,122.0,4048.0,202.23,28.0,10.0,0.082,1464.0,2024-11-26,Pune,Mobile,online data analytic
A1138,Cloudcomputngcourse,99.0,3169.0,237.68,21.0,6.0,0.06060606060606061,1509.0,2024-11-22,Pune,Mobile,online data analytic
A1139,cYBERsECURTYfUNDAMENTALS,154.0,4535.0,229.29,11.0,3.0,0.019,1434.0,2024-11-01,Pune,Tablet,data anaytics training
A1140,wEBdEVmASTERY,129.0,3849.0,249.29,22.0,10.0,0.078,1767.0,2024-11-11,New Delhi,Desktop,analytics for data
A1141,D@taScienceBootcamp,253.5,4259.0,182.98,10.0,10.0,0.031,1048.0,2024-11-16,Chennai,Mobile,analytics for data
A1142,CyberSecurtyFundamentals,143.0,3628.0,209.76,18.0,9.0,0.063,1566.0,2024-11-17,Bangalore,Tablet,data analytics course
A1143,WebDevM@stery,80.0,3269.0,213.5,12.0,4.0,0.05,1753.0,2024-11-23,Mumbai,Desktop,data analitics online
A1144,Cyb3rSecurtyFundamentals,134.0,3724.0,188.02,26.0,9.0,0.047,1891.0,2024-11-07,Mumbai,Desktop,online data analytic
A1145,BusinessAnlyticsClass,174.0,4838.0,242.35,21.0,3.0,0.017,1599.0,2024-11-22,Pune,Desktop,data analitics online
A1146,CloudComputngCourse1,196.0,4524.0,192.01,15.0,8.0,0.041,1048.0,2024-11-13,Mumbai,Desktop,data analytics course
A1147,MachneLearningBasics,194.0,4694.0,228.15,17.0,7.0,0.036,1874.0,2024-11-14,Mumbai,Tablet,learn data analytics
A1148,W3bDevMastery,180.0,4326.0,221.67,13.0,7.0,0.0495,1427.0,2024-11-06,Delhi,Tablet,online data analytic
A1149,pYTHON4dATA,100.0,4235.0,222.61,10.0,8.0,0.051,1814.0,2024-11-01,Pune,Desktop,data anaytics training
A1150,AI_Mark3ting101,153.0,4367.0,184.51,29.0,9.0,0.059,1507.0,2024-11-13,Chennai,Mobile,analytics for data
A1151,Cl0udComputngCourse,110.0,3748.0,198.68,24.0,9.0,0.082,1041.0,2024-11-05,Bangalore,Tablet,data anaytics training
A1152,DeepLe@rnngPro,116.0,3901.0,217.04000000000002,21.0,4.0,0.034,1483.0,2024-11-13,Pune,Tablet,online data analytic
A1153,mACHNElEARNINGbASICS,156.0,3335.0,236.98,29.0,7.0,0.045,1143.0,2024-11-14,Bangalore,Desktop,data analytics course
A1154,Sqldatabsetraining,177.0,5671.0,210.74,19.0,6.0,0.058,1172.0,2024-11-25,Chennai,Tablet,data analytics course
A1155,MachneLearningBasics,89.0,3408.0,214.78,25.0,9.0,0.09122252747252749,1898.0,2024-11-15,Chennai,Mobile,data analytics course
A1156,SQLDatabseTraining,155.0,4422.0,183.96,14.0,8.0,0.037,1143.0,2024-11-15,Mumbai,Mobile,analytics for data
A1157,CyberSecurtyFund@mentals,123.0,3097.0,190.55,20.0,8.0,0.065,1640.0,2024-11-22,Delhi,Tablet,data analytics course
A1158,Machn3LearningBasics,102.0,3621.0,244.82,10.0,5.0,0.049,1375.0,2024-11-12,Chennai,Mobile,learn data analytics
A1159,SQLD@tabseTraining,150.0,4806.0,244.53,15.0,9.0,0.06,1602.0,2024-11-07,Pune,Mobile,data analitics online
A1160,Python4data,160.0,4297.0,245.87,11.0,6.0,0.037,1510.0,2024-11-05,Bangalore,Desktop,analytics for data
A1161,CloudComputngCourse,143.0,3901.0,191.38,29.0,4.0,0.053,1786.0,2024-11-24,Mumbai,Mobile,learn data analytics
A1162,CloudComputngCourse1,178.0,4673.0,222.46,29.0,6.0,0.051,1219.0,2024-11-04,Bangalore,Tablet,online data analytic
A1163,SQLDatabs3Training,152.0,3542.0,208.96,13.0,9.0,0.05921052631578947,1735.0,2024-11-13,Pune,Desktop,data analytics course
A1164,Sqldatabsetraining,139.0,4347.0,238.19,26.0,5.0,0.03597122302158273,1384.0,2024-11-13,Mumbai,Tablet,analytics for data
A1165,Cl0udComputngCourse,175.0,5014.0,247.24,25.0,7.0,0.04,1499.0,2024-11-15,Mumbai,Mobile,learn data analytics
A1166,Datasciencebootcamp,92.0,4185.0,218.46,21.0,9.0,0.035,1567.0,2024-11-03,Pune,Mobile,data analitics online
A1167,MachneLearningBasics1,123.0,5964.0,220.13,17.0,6.0,0.04878048780487805,1363.0,2024-11-03,Chennai,Desktop,data anaytics training
A1168,Cl0udComputngCourse,86.0,5124.0,183.71,13.0,10.0,0.09122252747252749,1137.0,2024-11-20,Bangalore,Mobile,data anaytics training
A1169,Ai_marketing101,117.0,4162.0,238.08,28.0,10.0,0.085,1186.0,2024-11-22,Delhi,Mobile,online data analytic
A1170,DeepLe@rnngPro,146.0,4330.0,191.9,20.0,3.0,0.021,1748.0,2024-11-09,Chennai,Mobile,online data analytic
A1171,Python4Data_,89.0,3268.0,212.245,17.0,4.0,0.045,1233.0,2024-11-13,Pune,Desktop,online data analytic
A1172,Deeplearnngpro,195.0,3483.0,213.99,27.0,7.0,0.036,1796.0,2024-11-23,Mumbai,Desktop,learn data analytics
A1173,DeepLe@rnngPro,170.0,4519.0,240.63,22.0,7.0,0.041,1012.0,2024-11-27,Chennai,Mobile,analytics for data
A1174,Python4Data,97.0,3605.0,240.29,21.0,7.0,0.045,1682.0,2024-11-10,Mumbai,Desktop,data analitics online
A1175,Busin3ssAnlyticsClass,159.0,5076.0,204.97,15.0,10.0,0.063,1638.0,2024-11-17,Mumbai,Tablet,data analytics course
A1176,dEEPlEARNNGpRO,131.0,5352.0,225.86,24.0,10.0,0.07633587786259542,1961.0,2024-11-20,Chennai,Mobile,online data analytic
A1177,D@taScienceBootcamp,108.0,5503.0,185.26,11.0,7.0,0.065,1921.0,2024-11-06,Delhi,Mobile,data analitics online
A1178,W3bDevMastery,93.0,4308.0,209.83,19.0,9.0,0.09122252747252749,1694.0,2024-11-20,Chennai,Mobile,data analytics course
A1179,Deeplearnngpro,137.0,3555.0,213.5,29.0,3.0,0.021897810218978103,1488.5,2024-11-06,Mumbai,Desktop,data analytics course
A1180,Cloudcomputngcourse,81.0,5615.0,193.14,30.0,6.0,0.074,1255.0,2024-11-28,New Delhi,Mobile,analytics for data
A1181,AI_M@rketing101,160.0,4743.0,206.22,23.0,10.0,0.062,1825.0,2024-11-20,Chennai,Mobile,learn data analytics
A1182,BusinessAnlyticsCl@ss,186.0,3337.0,183.58,16.0,8.0,0.043,1045.0,2024-11-30,Bangalore,Desktop,online data analytic
A1183,sqldATABSEtRAINING,105.0,3234.0,238.8,27.0,10.0,0.09122252747252749,1248.0,2024-11-06,Bangalore,Desktop,online data analytic
A1184,Cybersecurtyfundamentals,131.0,3913.0,203.69,14.0,10.0,0.07633587786259542,1079.0,2024-11-25,Delhi,Desktop,data anaytics training
A1185,Webdevmastery,129.0,3208.0,204.2,18.0,8.0,0.032,1456.0,2024-11-29,New Delhi,Desktop,learn data analytics
A1186,AI_Marketing101_,187.0,5972.0,220.64,30.0,7.0,0.037,1980.0,2024-11-14,Pune,Desktop,data analytics course
A1187,Machnelearningbasics,167.0,3662.0,235.43,10.0,7.0,0.042,1684.0,2024-11-25,Mumbai,Mobile,data anaytics training
A1188,BusinessAnlyticsClass,140.0,3359.0,182.13,29.0,7.0,0.045,1973.0,2024-11-28,Chennai,Desktop,data analitics online
A1189,mACHNElEARNINGbASICS,198.0,3700.0,220.67,14.0,5.0,0.025252525252525252,1531.0,2024-11-10,Bangalore,Mobile,analytics for data
A1190,Cyb3rSecurtyFundamentals,196.0,3835.0,218.07,10.0,9.0,0.041,1871.0,2024-11-04,Chennai,Tablet,online data analytic
A1191,DataScienceBootcamp1,140.0,5638.0,208.02,22.0,5.0,0.03571428571428571,1652.0,2024-11-18,Mumbai,Desktop,data anaytics training
A1192,Sqldatabsetraining,157.0,5825.0,230.6,16.0,3.0,0.019,1041.0,2024-11-16,Pune,Desktop,data anaytics training
A1193,ai_mARKETING101,91.0,5428.0,248.38,11.0,3.0,0.033,1835.0,2024-11-22,New Delhi,Tablet,learn data analytics
A1194,DataScienceB0otcamp,140.0,3571.0,238.12,21.0,9.0,0.064,1762.0,2024-11-16,Pune,Desktop,learn data analytics
A1195,BusinessAnlyticsClass,154.0,3638.0,182.17,11.0,8.0,0.056,1413.0,2024-11-04,Pune,Mobile,online data analytic
A1196,wEBdEVmASTERY,133.0,4505.0,200.52,23.0,3.0,0.039,1562.0,2024-11-26,Mumbai,Tablet,analytics for data
A1197,Datasciencebootcamp,141.0,5016.0,238.59,26.0,9.0,0.044,1620.0,2024-11-20,Bangalore,Mobile,data analitics online
A1198,DeepLearnngPro1,141.0,3071.0,208.2,10.0,6.0,0.043,1647.0,2024-11-18,New Delhi,Tablet,data analitics online
A1199,BusinessAnlyticsClass,135.0,5682.0,216.48,30.0,3.0,0.022222222222222223,1445.0,2024-11-15,Mumbai,Tablet,data anaytics training
A1200,CyberSecurtyFundamentals,199.0,5067.0,247.38,24.0,8.0,0.059,1365.0,2024-11-19,Chennai,Mobile,analytics for data
A1201,Deeplearnngpro,138.0,3971.0,184.87,28.0,3.0,0.022,1718.0,2024-11-07,Mumbai,Tablet,learn data analytics
A1202,W3bDevMastery,175.0,4481.0,236.38,21.0,10.0,0.057,1257.0,2024-11-20,Mumbai,Desktop,data analytics course
A1203,bUSINESSaNLYTICScLASS,170.0,5476.0,186.29,25.0,4.0,0.024,1731.0,2024-11-08,New Delhi,Mobile,analytics for data
A1204,mACHNElEARNINGbASICS,138.0,4426.0,203.75,24.0,10.0,0.072,1838.0,2024-11-05,Mumbai,Mobile,data analytics course
A1205,WebDevM@stery,108.0,4080.0,247.8,18.0,4.0,0.037,1363.0,2024-11-30,Bangalore,Tablet,online data analytic
A1206,M@chneLearningBasics,150.0,4113.0,219.67,12.0,7.0,0.047,1196.0,2024-11-22,New Delhi,Mobile,learn data analytics
A1207,Cyb3rSecurtyFundamentals,90.0,5119.0,226.58,14.0,10.0,0.09122252747252749,1348.0,2024-11-07,Chennai,Desktop,analytics for data
A1208,MachneLearningBasics,98.0,3422.0,223.55,17.0,7.0,0.07142857142857142,1414.0,2024-11-19,Mumbai,Tablet,online data analytic
A1209,AI_M@rketing101,130.0,3327.0,224.83,13.0,3.0,0.023,1668.0,2024-11-16,Chennai,Mobile,online data analytic
A1210,DeepLe@rnngPro,199.0,4382.5,199.98,15.0,8.0,0.04,1467.0,2024-11-08,Mumbai,Tablet,data anaytics training
A1211,Cyb3rSecurtyFundamentals,101.0,3241.0,183.34,24.0,6.0,0.046,1483.0,2024-11-10,Chennai,Tablet,data anaytics training
A1212,Businessanlyticsclass,118.0,3970.0,213.5,27.0,9.0,0.076,1036.0,2024-11-19,Mumbai,Desktop,data analytics course
A1213,W3bDevMastery,199.0,5734.0,247.99,18.0,7.0,0.048,1455.0,2024-11-11,Pune,Desktop,data analitics online
A1214,WebDevMastery_,183.0,4001.0,237.85,23.0,4.0,0.022,1430.0,2024-11-21,Chennai,Mobile,online data analytic
A1215,sqldATABSEtRAINING,126.0,4206.0,233.76,29.0,10.0,0.041,1998.0,2024-11-06,Mumbai,Tablet,online data analytic
A1216,M@chneLearningBasics,199.0,4745.0,217.04000000000002,13.0,9.0,0.04522613065326633,1800.0,2024-11-28,Pune,Tablet,analytics for data
A1217,Machn3LearningBasics,92.0,4042.0,200.75,15.0,7.0,0.076,1234.0,2024-11-24,Mumbai,Tablet,learn data analytics
A1218,D@taScienceBootcamp,136.0,4883.0,249.61,10.0,3.0,0.047,1464.0,2024-11-12,Pune,Tablet,online data analytic
A1219,DeepLearnngPr0,92.0,3748.0,208.15,14.0,8.0,0.087,1297.0,2024-11-02,Bangalore,Desktop,analytics for data
A1220,pYTHON4dATA,135.0,3480.0,224.94,11.0,4.0,0.03,1398.0,2024-11-23,Mumbai,Tablet,data analitics online
A1221,WebDevM@stery,177.0,3007.0,223.22,30.0,8.0,0.045,1766.0,2024-11-02,Bangalore,Mobile,data analitics online
A1222,Cyb3rSecurtyFundamentals,117.0,3380.0,186.73,21.0,10.0,0.055,1958.0,2024-11-19,Chennai,Desktop,data anaytics training
A1223,wEBdEVmASTERY,127.0,4823.0,194.69,11.0,10.0,0.057,1496.0,2024-11-15,Pune,Desktop,data analytics course
A1224,D@taScienceBootcamp,132.0,4490.0,202.45,10.0,7.0,0.053,1441.0,2024-11-10,Delhi,Mobile,data analitics online
A1225,AI_M@rketing101,102.0,5149.0,229.48,27.0,9.0,0.088,1137.0,2024-11-26,Delhi,Desktop,learn data analytics
A1226,CloudComputngCourse,91.0,4290.0,213.74,20.0,10.0,0.09122252747252749,1797.0,2024-11-16,Mumbai,Mobile,online data analytic
A1227,pYTHON4dATA,163.0,5643.0,217.4,30.0,6.0,0.03680981595092025,1678.0,2024-11-01,Mumbai,Desktop,data analitics online
A1228,AI_M@rketing101,92.0,3916.0,188.1,21.0,6.0,0.065,1005.0,2024-11-14,Mumbai,Desktop,online data analytic
A1229,Busin3ssAnlyticsClass,165.0,4551.0,185.35,30.0,6.0,0.046,1662.0,2024-11-06,Mumbai,Desktop,data analitics online
A1230,Cyb3rSecurtyFundamentals,127.0,3344.0,201.7,10.0,8.0,0.06299212598425197,1190.0,2024-11-11,Chennai,Desktop,analytics for data
A1231,Machnelearningbasics,178.0,4441.0,231.97,22.0,4.0,0.022,1886.0,2024-11-24,Bangalore,Mobile,analytics for data
A1232,WebDevMastery ,101.0,4649.0,234.17,29.0,5.0,0.05,1568.0,2024-11-27,Bangalore,Mobile,data anaytics training
A1233,M@chneLearningBasics,161.0,5977.0,193.27,24.0,7.0,0.047,1366.0,2024-11-13,Bangalore,Desktop,online data analytic
A1234,D@taScienceBootcamp,95.0,4562.0,187.62,24.0,9.0,0.09122252747252749,1239.0,2024-11-26,Bangalore,Desktop,data anaytics training
A1235,MachneLearningBasics,85.0,5099.0,232.56,28.0,9.0,0.09122252747252749,1526.0,2024-11-02,Pune,Mobile,data anaytics training
A1236,Deeplearnngpro,192.0,5852.0,181.05,16.0,8.0,0.042,1600.0,2024-11-21,Mumbai,Desktop,analytics for data
A1237,Python4D@ta,80.0,3823.0,181.57,13.0,4.0,0.05,1564.0,2024-11-13,Bangalore,Desktop,online data analytic
A1238,SQLDatabseTraining,191.0,4612.0,238.23,20.0,10.0,0.052,1531.0,2024-11-01,Mumbai,Mobile,learn data analytics
A1239,Busin3ssAnlyticsClass,147.0,5881.0,196.34,23.0,7.0,0.048,1614.0,2024-11-18,Pune,Desktop,data anaytics training
A1240,wEBdEVmASTERY,100.0,5204.0,197.53,26.0,4.0,0.04,1675.0,2024-11-24,Mumbai,Tablet,data analytics course
A1241,MachneLearningBasics1,82.0,5130.0,233.75,20.0,9.0,0.09122252747252749,1505.0,2024-11-15,Chennai,Mobile,data analitics online
A1242,CloudComputngCourse,123.0,5231.0,202.93,30.0,10.0,0.081,1551.0,2024-11-23,Pune,Desktop,online data analytic
A1243,WebDevM@stery,165.0,5980.0,248.41,17.0,3.0,0.018,1803.0,2024-11-06,Pune,Tablet,online data analytic
A1244,AI_Marketing101,167.0,3202.0,214.87,26.0,6.0,0.036,1571.0,2024-11-12,Pune,Desktop,data analitics online
A1245,WebDevMastery_,111.0,5847.0,196.71,21.0,9.0,0.081,1445.0,2024-11-30,Chennai,Mobile,online data analytic
A1246,Cloudcomputngcourse,94.0,4359.0,214.97000000000003,28.0,5.0,0.045,1920.0,2024-11-07,Chennai,Tablet,learn data analytics
A1247,CyberSecurtyFundamentals_,179.0,3185.0,236.74,29.0,5.0,0.027932960893854747,1156.0,2024-11-11,Chennai,Desktop,data analytics course
A1248,SQLD@tabseTraining,166.0,5592.0,183.03,22.0,4.0,0.024,1636.0,2024-11-22,Delhi,Tablet,online data analytic
A1249,Sqldatabsetraining,90.0,5062.0,191.4,23.0,6.0,0.06666666666666667,1775.0,2024-11-19,Bangalore,Tablet,data analytics course
A1250,WebDevMastery1,106.0,5830.0,241.9,29.0,10.0,0.035,1897.0,2024-11-02,Mumbai,Desktop,data anaytics training
A1251,CloudComputngCourse ,135.5,4629.0,236.96,10.0,6.0,0.046,1183.0,2024-11-06,Mumbai,Desktop,data anaytics training
A1252,dATAsCIENCEbOOTCAMP,158.0,4780.0,247.2,23.0,9.0,0.056962025316455694,1005.0,2024-11-24,Mumbai,Desktop,learn data analytics
A1253,sqldATABSEtRAINING,187.0,3800.0,241.0,16.0,8.0,0.043,1842.0,2024-11-09,Mumbai,Mobile,analytics for data
A1254,SQLDatabseTraining_,95.0,4096.0,242.69,26.0,9.0,0.09122252747252749,1550.0,2024-11-22,Pune,Tablet,online data analytic
A1255,cYBERsECURTYfUNDAMENTALS,118.0,3562.0,231.5,12.0,3.0,0.025,1856.0,2024-11-19,Delhi,Desktop,data analytics course
A1256,CyberSecurtyFund@mentals,166.0,3910.0,191.32,27.0,7.0,0.042,1539.0,2024-11-15,Bangalore,Mobile,analytics for data
A1257,Businessanlyticsclass,146.0,5411.0,201.76,28.0,7.0,0.048,1393.0,2024-11-14,Chennai,Desktop,data analitics online
A1258,Ai_marketing101,101.0,4026.0,219.68,22.0,9.0,0.089,1149.0,2024-11-15,Pune,Desktop,analytics for data
A1259,SQLDatabseTraining,185.0,3716.0,218.23,27.0,7.0,0.056,1015.0,2024-11-03,New Delhi,Desktop,online data analytic
A1260,SQLD@tabseTraining,147.0,5162.0,186.79,30.0,7.0,0.048,1733.0,2024-11-25,Delhi,Desktop,analytics for data
A1261,WebDevMastery,188.0,3859.0,211.83,30.0,9.0,0.048,1719.0,2024-11-28,Mumbai,Mobile,online data analytic
A1262,sqldATABSEtRAINING,122.0,3350.0,225.89,28.0,3.0,0.02459016393442623,1509.0,2024-11-24,Chennai,Desktop,data analitics online
A1263,Busin3ssAnlyticsClass,143.0,5340.0,216.48,20.0,9.0,0.063,1223.0,2024-11-05,Mumbai,Tablet,online data analytic
A1264,WebDevM@stery,170.0,3124.0,234.92,17.0,3.0,0.018,1232.0,2024-11-11,Bangalore,Desktop,data anaytics training
A1265,SQLDatabs3Training,114.0,5017.0,242.62,11.0,6.0,0.053,1303.0,2024-11-17,Pune,Mobile,data analitics online
A1266,W3bDevMastery,186.0,3424.0,201.81,27.0,3.0,0.016,1337.0,2024-11-26,Pune,Desktop,data anaytics training
A1267,CyberSecurtyFund@mentals,120.0,4060.0,210.95,24.0,9.0,0.075,1376.0,2024-11-05,Bangalore,Tablet,data analitics online
A1268,DeepLearnngPro_,130.0,5688.0,212.05,21.0,5.0,0.038,1454.0,2024-11-17,Delhi,Desktop,learn data analytics
A1269,Python4data,178.0,5029.0,189.79,25.0,8.0,0.045,1510.0,2024-11-09,Bangalore,Desktop,data anaytics training
A1270,CyberSecurtyFundamentals ,196.0,5476.0,204.63,19.0,4.0,0.02,1288.0,2024-11-26,Chennai,Desktop,data anaytics training
A1271,M@chneLearningBasics,110.0,5000.0,197.89,18.0,3.0,0.027,1110.0,2024-11-12,Pune,Desktop,online data analytic
A1272,Datasciencebootcamp,95.0,4141.0,207.14,22.0,3.0,0.054,1929.0,2024-11-11,Chennai,Tablet,learn data analytics
A1273,DeepLearnngPr0,183.0,4791.0,232.97,27.0,5.0,0.0273224043715847,1476.0,2024-11-21,Chennai,Desktop,data analitics online
A1274,CyberSecurtyFund@mentals,100.0,4168.0,193.6,30.0,3.0,0.03,1692.0,2024-11-25,Pune,Desktop,online data analytic
A1275,mACHNElEARNINGbASICS,187.0,3741.0,226.11,27.0,10.0,0.053,1342.0,2024-11-14,Mumbai,Tablet,learn data analytics
A1276,Python4Data,90.0,3577.0,233.54,24.0,5.0,0.052,1175.0,2024-11-14,Pune,Tablet,analytics for data
A1277,Cybersecurtyfundamentals,148.0,4469.0,209.76,25.0,8.0,0.054,1491.0,2024-11-25,Bangalore,Tablet,data analytics course
A1278,CyberSecurtyFundamentals ,129.0,3611.0,227.82,11.0,7.0,0.054,1250.0,2024-11-22,Chennai,Tablet,data anaytics training
A1279,M@chneLearningBasics,120.0,3947.0,193.49,15.0,6.0,0.05,1305.0,2024-11-12,Pune,Mobile,data anaytics training
A1280,CyberSecurtyFundamentals,82.0,4239.0,191.75,23.0,8.0,0.09122252747252749,1062.0,2024-11-22,Pune,Mobile,learn data analytics
A1281,bUSINESSaNLYTICScLASS,145.0,5973.0,242.16,12.0,7.0,0.048,1508.0,2024-11-14,Pune,Tablet,online data analytic
A1282,WebDevM@stery,190.0,4525.0,188.85,10.0,5.0,0.026,1875.0,2024-11-01,Pune,Tablet,data anaytics training
A1283,CyberSecurtyFundamentals_,137.0,4395.0,241.58,24.0,4.0,0.043,1512.0,2024-11-06,Delhi,Desktop,online data analytic
A1284,WebDevM@stery,157.0,3047.0,222.66,19.0,3.0,0.019,1964.0,2024-11-01,Chennai,Mobile,data analitics online
A1285,dEEPlEARNNGpRO,105.0,5348.0,226.1,27.0,5.0,0.048,1003.0,2024-11-12,Mumbai,Tablet,learn data analytics
A1286,Cyb3rSecurtyFundamentals,149.0,3101.0,231.44,15.0,9.0,0.06,1126.0,2024-11-06,Bangalore,Tablet,data anaytics training
A1287,CyberSecurtyFundamentals ,159.0,3693.0,187.09,24.0,6.0,0.038,1256.0,2024-11-24,Pune,Desktop,learn data analytics
A1288,CloudComputngCourse ,150.0,5590.0,215.94,20.0,8.0,0.05333333333333334,1286.0,2024-11-02,Delhi,Mobile,data analytics course
A1289,Python4data,142.5,5277.0,227.46,10.0,5.0,0.0495,1541.0,2024-11-15,Delhi,Tablet,data analitics online
A1290,dATAsCIENCEbOOTCAMP,98.0,4653.0,205.84,29.0,5.0,0.051,1866.0,2024-11-02,Mumbai,Mobile,data analitics online
A1291,sqldATABSEtRAINING,86.0,3513.0,211.16,22.0,7.0,0.08139534883720931,1917.0,2024-11-10,New Delhi,Desktop,data analytics course
A1292,Machnelearningbasics,128.0,5772.0,235.54,20.0,10.0,0.078,1215.0,2024-11-04,Chennai,Desktop,data anaytics training
A1293,DataScienceB0otcamp,105.0,5840.0,236.56,22.0,8.0,0.047,1811.0,2024-11-24,Pune,Tablet,data analytics course
A1294,BusinessAnlyticsCl@ss,90.0,4540.0,249.0,21.0,10.0,0.09122252747252749,1245.0,2024-11-19,Chennai,Mobile,data analytics course
A1295,Cybersecurtyfundamentals,89.0,5158.0,211.76,20.0,5.0,0.056,1119.0,2024-11-21,Pune,Desktop,online data analytic
A1296,BusinessAnlyticsCl@ss,119.0,3489.0,194.36,14.0,3.0,0.055,1633.0,2024-11-10,Bangalore,Mobile,data analytics course
A1297,Machnelearningbasics,173.0,3977.0,229.82,30.0,5.0,0.037,1584.0,2024-11-22,Chennai,Desktop,learn data analytics
A1298,sqldATABSEtRAINING,95.0,3397.0,181.89,20.0,7.0,0.074,1560.0,2024-11-27,Chennai,Tablet,data analytics course
A1299,dEEPlEARNNGpRO,112.0,5194.0,245.97,10.0,5.0,0.045,1016.0,2024-11-21,Delhi,Tablet,data anaytics training
A1300,Python4D@ta,134.0,3007.0,217.53,10.0,5.0,0.037,1371.0,2024-11-30,Chennai,Mobile,data anaytics training
A1301,Busin3ssAnlyticsClass,113.0,5721.0,216.7,11.0,6.0,0.053,1743.0,2024-11-17,Delhi,Desktop,data anaytics training
A1302,sqldATABSEtRAINING,157.0,3546.0,189.11,16.0,5.0,0.032,1333.0,2024-11-28,Mumbai,Mobile,data analitics online
A1303,Busin3ssAnlyticsClass,105.0,3670.0,245.85,24.0,9.0,0.08571428571428572,1653.0,2024-11-24,Pune,Tablet,data analytics course
A1304,AI_Marketing1011,162.0,5915.0,211.96,11.0,6.0,0.043,1394.0,2024-11-20,New Delhi,Tablet,analytics for data
A1305,ai_mARKETING101,178.57142857142856,4450.0,219.21,16.0,10.0,0.056,1917.0,2024-11-10,Delhi,Mobile,learn data analytics
A1306,Cloudcomputngcourse,136.0,5782.0,189.65,23.0,6.0,0.044,1951.0,2024-11-11,Delhi,Tablet,data anaytics training
A1307,WebDevMastery,192.0,4339.0,245.57,24.0,8.0,0.047,1284.0,2024-11-18,Bangalore,Mobile,learn data analytics
A1308,BusinessAnlyticsClass1,147.0,5870.0,218.27999999999997,14.0,8.0,0.054,1748.0,2024-11-02,Chennai,Mobile,data anaytics training
A1309,MachneLearningBasics ,164.0,5662.0,186.41,11.0,9.0,0.055,1020.0,2024-11-17,Bangalore,Tablet,data analytics course
A1310,cLOUDcOMPUTNGcOURSE,192.0,5130.0,184.63,19.0,4.0,0.020833333333333332,1087.0,2024-11-07,Delhi,Desktop,data analytics course
A1311,Sqldatabsetraining,139.0,4608.0,224.99,12.0,8.0,0.05755395683453238,1095.0,2024-11-12,Chennai,Desktop,data anaytics training
A1312,Pyth0n4Data,199.0,5290.0,218.55,20.0,7.0,0.035,1234.0,2024-11-30,Bangalore,Tablet,learn data analytics
A1313,WebDevMastery,82.0,4961.0,220.29,27.0,7.0,0.059,1149.0,2024-11-02,Pune,Tablet,data analytics course
A1314,AI_M@rketing101,175.0,4347.0,242.06,17.0,3.0,0.017,1617.0,2024-11-22,Chennai,Desktop,data anaytics training
A1315,DeepLearnngPr0,181.0,5664.0,204.74,22.0,5.0,0.028,1719.0,2024-11-22,Delhi,Desktop,data analytics course
A1316,wEBdEVmASTERY,146.0,3757.0,192.59,25.0,9.0,0.06164383561643835,1169.0,2024-11-09,Pune,Desktop,online data analytic
A1317,AI_Marketing101,192.0,4225.0,242.0,24.0,6.0,0.031,1032.0,2024-11-01,Pune,Mobile,data analitics online
A1318,MachneLearningBasics,149.0,3410.0,181.12,20.0,4.0,0.033,1806.0,2024-11-17,Chennai,Desktop,learn data analytics
A1319,DataScienceBootcamp_,93.0,3934.0,226.84,20.0,6.0,0.065,1964.0,2024-11-18,Bangalore,Mobile,data analitics online
A1320,Webdevmastery,182.0,3384.0,187.67,18.0,8.0,0.044,1769.0,2024-11-01,Pune,Desktop,analytics for data
A1321,CyberSecurtyFundamentals,99.0,3842.0,246.3,23.0,8.0,0.081,1452.0,2024-11-10,Pune,Tablet,online data analytic
A1322,BusinessAnlyticsClass,188.0,4022.0,238.61,20.0,8.0,0.043,1539.0,2024-11-06,Bangalore,Mobile,data analitics online
A1323,WebDevM@stery,193.0,5786.0,201.51,16.0,10.0,0.052,1617.0,2024-11-05,Mumbai,Tablet,data anaytics training
A1324,BusinessAnlyticsClass_,107.0,4423.0,239.47,25.0,9.0,0.084,1370.0,2024-11-23,New Delhi,Desktop,analytics for data
A1325,Python4Data,131.0,4228.0,230.18,16.0,9.0,0.069,1393.0,2024-11-07,Pune,Desktop,data anaytics training
A1326,WebDevMastery,139.0,5120.0,199.3,24.0,5.0,0.036,1835.0,2024-11-23,Pune,Mobile,data analytics course
A1327,sqldATABSEtRAINING,141.0,3600.0,227.54,20.0,6.0,0.043,1367.0,2024-11-07,Pune,Desktop,learn data analytics
A1328,DeepLearnngPro1,175.0,5016.0,216.48,16.0,3.0,0.017,1836.0,2024-11-07,Mumbai,Tablet,learn data analytics
A1329,bUSINESSaNLYTICScLASS,96.0,5771.0,213.98,30.0,3.0,0.031,1130.0,2024-11-30,Bangalore,Mobile,analytics for data
A1330,Machn3LearningBasics,135.0,4615.0,194.89,12.0,6.0,0.046,1923.0,2024-11-25,Chennai,Tablet,data anaytics training
A1331,WebDevM@stery,187.0,3115.0,184.61,12.0,3.0,0.016,1324.0,2024-11-30,Delhi,Mobile,learn data analytics
A1332,DeepLearnngPr0,153.0,5886.0,218.33,29.0,3.0,0.02,1424.0,2024-11-20,Pune,Mobile,analytics for data
A1333,DataScienceBootcamp_,122.0,4929.0,192.72,10.0,10.0,0.082,1531.5,2024-11-12,Delhi,Desktop,data anaytics training
A1334,Cl0udComputngCourse,151.0,4357.0,238.69,28.0,9.0,0.06,1447.0,2024-11-13,Delhi,Tablet,analytics for data
A1335,bUSINESSaNLYTICScLASS,116.0,4519.0,184.29,23.0,7.0,0.0603448275862069,1070.0,2024-11-12,Mumbai,Desktop,data anaytics training
A1336,CyberSecurtyFund@mentals,145.0,5612.0,207.34,22.0,4.0,0.028,1689.0,2024-11-12,Mumbai,Desktop,learn data analytics
A1337,Cyb3rSecurtyFundamentals,90.0,3251.0,198.69,12.0,7.0,0.078,1044.0,2024-11-30,Pune,Mobile,learn data analytics
A1338,Python4D@ta,133.0,3360.0,203.78,13.0,9.0,0.068,1654.0,2024-11-14,Pune,Mobile,online data analytic
A1339,M@chneLearningBasics,135.0,5891.0,245.69,21.0,6.0,0.044,1947.0,2024-11-05,Pune,Mobile,learn data analytics
A1340,Webdevmastery,155.0,5835.0,239.52,10.0,4.0,0.041,1497.0,2024-11-13,Mumbai,Mobile,analytics for data
A1341,mACHNElEARNINGbASICS,100.0,4928.0,186.68,22.0,10.0,0.09122252747252749,1071.0,2024-11-23,New Delhi,Mobile,analytics for data
A1342,BusinessAnlyticsClass,138.0,4049.0,182.66,20.0,7.0,0.051,1292.0,2024-11-20,Mumbai,Mobile,online data analytic
A1343,AI_Marketing101,109.0,4114.0,243.33,18.0,6.0,0.044,1456.0,2024-11-25,Chennai,Tablet,learn data analytics
A1344,DataSci3nceBootcamp,124.0,3947.0,198.11,11.0,4.0,0.032,1308.0,2024-11-26,Bangalore,Mobile,data analytics course
A1345,DataScienceBootcamp ,139.0,3705.0,239.26,25.0,6.0,0.046,1506.0,2024-11-02,Mumbai,Tablet,online data analytic
A1346,DeepLearnngPr0,197.0,5365.0,208.86,14.0,4.0,0.031,1106.0,2024-11-01,New Delhi,Tablet,data anaytics training
A1347,sqldATABSEtRAINING,114.0,5213.0,224.65,26.0,4.0,0.035,1218.0,2024-11-29,Mumbai,Tablet,online data analytic
A1348,dEEPlEARNNGpRO,117.0,3951.0,212.02,16.0,5.0,0.052,1949.0,2024-11-10,Chennai,Desktop,data anaytics training
A1349,sqldATABSEtRAINING,198.0,3405.0,224.9,13.0,10.0,0.051,1631.0,2024-11-14,Bangalore,Tablet,online data analytic
A1350,Machnelearningbasics,160.0,5367.0,208.47,20.0,8.0,0.05,1853.0,2024-11-15,Chennai,Tablet,data analytics course
A1351,Python4Data1,137.0,3602.0,194.55,23.0,5.0,0.036,1580.0,2024-11-02,Pune,Tablet,data analytics course
A1352,CloudComputngCourse1,163.0,3917.0,209.01,10.0,3.0,0.018404907975460124,1823.0,2024-11-17,Pune,Tablet,data anaytics training
A1353,WebDevMastery ,138.0,5671.0,244.12,26.0,3.0,0.021739130434782608,1494.0,2024-11-13,Pune,Tablet,analytics for data
A1354,Python4D@ta,194.0,5019.0,227.67,28.0,7.0,0.036,1019.0,2024-11-22,Bangalore,Mobile,learn data analytics
A1355,sqldATABSEtRAINING,177.0,3569.0,190.31,13.0,8.0,0.035,1403.0,2024-11-25,Delhi,Mobile,online data analytic
A1356,cLOUDcOMPUTNGcOURSE,113.0,3420.0,223.48,22.0,10.0,0.058,1138.0,2024-11-23,Delhi,Mobile,online data analytic
A1357,BusinessAnlyticsCl@ss,133.0,3064.0,221.8,22.0,5.0,0.038,1538.0,2024-11-11,Mumbai,Mobile,learn data analytics
A1358,AI_Marketing1011,118.0,3730.0,207.5,25.0,8.0,0.039,1011.0,2024-11-12,Chennai,Mobile,data anaytics training
A1359,BusinessAnlyticsClass,109.0,5852.0,235.44,20.0,5.0,0.046,1946.0,2024-11-14,Chennai,Desktop,analytics for data
A1360,SQLD@tabseTraining,109.0,4011.0,184.51,13.0,6.0,0.053,1375.0,2024-11-23,Delhi,Desktop,data analitics online
A1361,WebDevMastery,128.0,4636.0,243.83,20.0,10.0,0.059,1941.0,2024-11-02,Chennai,Mobile,data anaytics training
A1362,DeepLearnngPr0,181.0,3087.0,201.29,19.0,10.0,0.055248618784530384,1497.0,2024-11-20,Mumbai,Mobile,data analitics online
A1363,AI_Marketing101,89.0,5872.0,198.32,14.0,6.0,0.067,1553.0,2024-11-20,Bangalore,Mobile,online data analytic
A1364,Sqldatabsetraining,157.0,5762.0,248.1,26.0,4.0,0.025,1999.0,2024-11-05,Chennai,Tablet,data analitics online
A1365,D3epLearnngPro,88.0,3396.0,193.79,19.0,5.0,0.057,1860.0,2024-11-18,Delhi,Mobile,online data analytic
A1366,Deeplearnngpro,130.0,3092.0,211.39,28.0,7.0,0.054,1031.0,2024-11-24,Bangalore,Tablet,data analytics course
A1367,cYBERsECURTYfUNDAMENTALS,194.0,4240.0,213.45,18.0,4.0,0.020618556701030927,1890.0,2024-11-23,Mumbai,Tablet,data analitics online
A1368,Machnelearningbasics,180.0,4297.0,200.04,24.0,5.0,0.027777777777777776,1050.0,2024-11-18,Pune,Mobile,data analytics course
A1369,Cybersecurtyfundamentals,149.0,5518.0,243.83,15.0,10.0,0.05,1862.0,2024-11-22,New Delhi,Mobile,data analitics online
A1370,CloudComputngCourse1,132.0,5039.0,235.44,24.0,7.0,0.047,1839.0,2024-11-08,Bangalore,Desktop,data analitics online
A1371,BusinessAnlyticsCl@ss,142.5,3596.0,210.31,23.0,9.0,0.0495,1269.0,2024-11-01,Delhi,Tablet,online data analytic
A1372,SQLD@tabseTraining,118.0,4845.0,190.25,11.0,3.0,0.046,1446.0,2024-11-18,Chennai,Desktop,analytics for data
A1373,AI_Marketing101,101.0,4883.0,237.89,11.0,6.0,0.0594059405940594,1368.0,2024-11-14,Pune,Desktop,analytics for data
A1374,Businessanlyticsclass,120.0,4618.0,200.91,18.0,7.0,0.058,1775.0,2024-11-02,Chennai,Tablet,data analitics online
A1375,CloudComputngCours3,194.0,3941.0,240.35,27.0,10.0,0.052,1373.0,2024-11-11,Bangalore,Desktop,data analytics course
A1376,Datasciencebootcamp,135.0,5096.0,230.32,14.0,4.0,0.03,1478.0,2024-11-18,Bangalore,Mobile,data anaytics training
A1377,CloudComputngCours3,190.0,5537.0,188.98,20.0,4.0,0.021,1989.0,2024-11-04,Bangalore,Tablet,learn data analytics
A1378,dATAsCIENCEbOOTCAMP,198.0,4208.0,180.06,19.0,8.0,0.04,1462.0,2024-11-08,Bangalore,Mobile,data anaytics training
A1379,dATAsCIENCEbOOTCAMP,87.0,5358.0,236.57,19.0,5.0,0.057,1141.0,2024-11-02,Delhi,Tablet,learn data analytics
A1380,mACHNElEARNINGbASICS,106.0,5583.0,218.81,13.0,3.0,0.028,1049.0,2024-11-15,Mumbai,Desktop,data analytics course
A1381,CyberSecurtyFundamentals1,169.0,3069.0,227.7,12.0,5.0,0.03,1063.0,2024-11-28,Chennai,Mobile,data analytics course
A1382,Ai_marketing101,195.0,3738.0,202.08,18.0,7.0,0.035897435897435895,1647.0,2024-11-16,Delhi,Tablet,online data analytic
A1383,sqldATABSEtRAINING,161.0,4852.0,235.1,10.0,8.0,0.05,1738.0,2024-11-24,Bangalore,Desktop,online data analytic
A1384,SQLDatabseTraining,195.0,5120.0,249.6,26.0,3.0,0.015,1571.0,2024-11-04,Pune,Mobile,data anaytics training
A1385,Deeplearnngpro,111.0,3550.0,231.81,10.0,9.0,0.081,1462.0,2024-11-26,Pune,Mobile,data anaytics training
A1386,SQLDatabseTraining ,124.0,5618.0,205.95,25.0,7.0,0.056,1374.0,2024-11-19,New Delhi,Mobile,data analytics course
A1387,D@taScienceBootcamp,89.0,4700.0,219.95,28.0,6.0,0.067,1493.0,2024-11-19,Pune,Mobile,data analytics course
A1388,DataScienceB0otcamp,122.0,5874.0,201.04,10.0,7.0,0.05737704918032787,1352.0,2024-11-30,Bangalore,Desktop,data analytics course
A1389,AI_Mark3ting101,177.0,5965.0,199.7,28.0,3.0,0.017,1090.0,2024-11-13,Chennai,Mobile,data analitics online
A1390,mACHNElEARNINGbASICS,163.0,5774.0,221.61,29.0,9.0,0.055,1396.0,2024-11-08,Pune,Desktop,learn data analytics
A1391,CloudComputngCourse1,124.0,4079.0,189.07,18.0,3.0,0.024,1430.0,2024-11-23,Mumbai,Desktop,data analytics course
A1392,dATAsCIENCEbOOTCAMP,105.0,3670.0,218.45,25.0,6.0,0.05714285714285714,1650.0,2024-11-22,Pune,Desktop,online data analytic
A1393,AI_M@rketing101,122.0,3394.0,215.94,20.0,4.0,0.03278688524590164,1053.0,2024-11-03,Delhi,Mobile,data analitics online
A1394,SQLDatabs3Training,166.0,5730.0,241.3,16.0,5.0,0.03,1548.0,2024-11-17,New Delhi,Mobile,data analitics online
A1395,SQLDatabseTraining ,96.0,3761.0,196.45,10.0,5.0,0.035,1518.0,2024-11-30,Mumbai,Tablet,online data analytic
A1396,DeepLe@rnngPro,135.0,4505.0,214.64,17.0,9.0,0.06666666666666667,1500.0,2024-11-06,Pune,Mobile,online data analytic
A1397,AI_Mark3ting101,179.0,3975.0,183.25,14.0,3.0,0.017,1467.0,2024-11-06,Mumbai,Tablet,data analytics course
A1398,BusinessAnlyticsClass_,163.0,4494.0,206.46,14.0,3.0,0.018404907975460124,1103.0,2024-11-12,Bangalore,Tablet,learn data analytics
A1399,Pyth0n4Data,198.0,5883.0,215.94,19.0,9.0,0.045,1182.0,2024-11-27,Delhi,Mobile,data analitics online
A1400,MachneLearningBasics,86.0,3555.0,225.23,11.0,6.0,0.035,1193.0,2024-11-11,Chennai,Desktop,data anaytics training
A1401,CloudComputngCours3,89.0,3760.0,218.69,21.0,9.0,0.09122252747252749,1474.0,2024-11-25,Delhi,Desktop,learn data analytics
A1402,WebDevM@stery,118.0,3596.0,236.66,29.0,9.0,0.076,1154.0,2024-11-23,Mumbai,Tablet,data analytics course
A1403,Deeplearnngpro,143.0,3217.0,232.15,21.0,8.0,0.047,1726.0,2024-11-21,Mumbai,Mobile,data anaytics training
A1404,Deeplearnngpro,95.0,5386.0,184.96,23.0,8.0,0.051,1045.0,2024-11-20,Chennai,Desktop,online data analytic
A1405,wEBdEVmASTERY,144.0,5381.0,199.43,10.0,10.0,0.069,1085.0,2024-11-09,Chennai,Desktop,data anaytics training
A1406,cLOUDcOMPUTNGcOURSE,107.0,5536.0,238.75,15.0,3.0,0.034,1822.0,2024-11-17,Chennai,Mobile,analytics for data
A1407,WebDevMastery,146.0,3165.0,211.09,16.0,7.0,0.048,1706.0,2024-11-08,Pune,Mobile,learn data analytics
A1408,AI_Mark3ting101,114.0,5217.0,247.94,11.0,10.0,0.088,1876.0,2024-11-18,Pune,Desktop,data analitics online
A1409,WebDevMastery,162.0,4301.0,223.77,21.0,7.0,0.043,1066.0,2024-11-20,Pune,Mobile,learn data analytics
A1410,Machnelearningbasics,95.0,5971.0,214.57,29.0,10.0,0.09122252747252749,1539.0,2024-11-16,Bangalore,Mobile,analytics for data
A1411,pYTHON4dATA,163.0,5160.0,184.84,19.0,4.0,0.041,1773.0,2024-11-23,Delhi,Desktop,data analytics course
A1412,SQLDatabs3Training,148.0,5947.0,212.38,12.0,4.0,0.02702702702702703,1294.0,2024-11-24,Pune,Mobile,online data analytic
A1413,SQLDatabseTraining ,156.0,4150.0,223.17,20.0,10.0,0.064,1940.0,2024-11-14,Delhi,Tablet,learn data analytics
A1414,BusinessAnlyticsClass_,99.0,4040.0,214.97000000000003,13.0,5.0,0.051,1502.0,2024-11-26,Chennai,Tablet,online data analytic
A1415,WebDevMastery,124.0,5956.0,201.44,12.0,9.0,0.073,1598.0,2024-11-24,Delhi,Tablet,data analitics online
A1416,Python4Data ,138.0,4769.0,229.44,27.0,8.0,0.058,1505.0,2024-11-19,Chennai,Mobile,data anaytics training
A1417,ai_mARKETING101,140.0,3822.0,241.68,30.0,10.0,0.057,1138.0,2024-11-19,Pune,Tablet,data analytics course
A1418,AI_Marketing1011,81.0,3147.0,232.2,30.0,9.0,0.09122252747252749,1066.0,2024-11-29,Bangalore,Mobile,data analytics course
A1419,Ai_marketing101,165.0,4613.0,246.72,19.0,3.0,0.018,1055.0,2024-11-11,Bangalore,Tablet,data anaytics training
A1420,ai_mARKETING101,193.0,4919.0,247.24,19.0,4.0,0.021,1933.0,2024-11-25,Chennai,Desktop,data analitics online
A1421,Python4D@ta,149.0,5205.0,218.42,20.0,4.0,0.026845637583892617,1070.0,2024-11-28,Chennai,Mobile,online data analytic
A1422,Cl0udComputngCourse,81.0,3497.0,226.66,11.0,6.0,0.074,1047.0,2024-11-19,Pune,Mobile,data analitics online
A1423,cLOUDcOMPUTNGcOURSE,153.0,4057.0,197.54,23.0,5.0,0.032679738562091505,1926.0,2024-11-22,New Delhi,Tablet,data analitics online
A1424,Python4Data1,127.0,5018.0,194.25,17.0,8.0,0.06299212598425197,1350.0,2024-11-21,Chennai,Mobile,data analitics online
A1425,dATAsCIENCEbOOTCAMP,99.0,4012.0,220.76,14.0,4.0,0.04,1698.0,2024-11-12,Pune,Tablet,data anaytics training
A1426,AI_Mark3ting101,104.0,3013.0,204.07,12.0,3.0,0.058,1016.0,2024-11-20,Bangalore,Mobile,learn data analytics
A1427,DeepLearnngPro_,118.0,3824.0,184.8,16.0,5.0,0.042,1818.0,2024-11-19,Bangalore,Desktop,learn data analytics
A1428,bUSINESSaNLYTICScLASS,148.0,5000.0,224.41,11.0,3.0,0.02027027027027027,1491.0,2024-11-30,Mumbai,Mobile,online data analytic
A1429,Cloudcomputngcourse,88.0,3804.0,249.2,10.0,8.0,0.038,1044.0,2024-11-09,Chennai,Tablet,data anaytics training
A1430,CloudComputngCourse1,142.0,3791.0,207.86,23.0,4.0,0.028,1073.0,2024-11-20,Delhi,Tablet,data analitics online
A1431,AI_Mark3ting101,127.0,5198.0,242.56,26.0,6.0,0.047,1872.0,2024-11-16,Chennai,Tablet,learn data analytics
A1432,Python4Data,117.0,5329.0,212.49,14.0,5.0,0.042735042735042736,1888.0,2024-11-03,Chennai,Mobile,data analytics course
A1433,AI_Marketing101_,125.0,5435.0,202.65,25.0,5.0,0.04,1767.0,2024-11-23,Pune,Desktop,online data analytic
A1434,Machnelearningbasics,92.0,4977.0,209.78,26.0,3.0,0.03260869565217391,1834.0,2024-11-12,Mumbai,Tablet,learn data analytics
A1435,CloudComputngCours3,112.0,3850.0,233.52,14.0,8.0,0.033,1760.0,2024-11-22,Bangalore,Desktop,data analytics course
A1436,WebDevM@stery,144.0,5976.0,197.65,13.0,9.0,0.062,1743.0,2024-11-22,Pune,Mobile,data analytics course
A1437,DataSci3nceBootcamp,103.0,4693.0,218.67,14.0,10.0,0.09122252747252749,1390.0,2024-11-09,Delhi,Mobile,learn data analytics
A1438,BusinessAnlyticsCl@ss,117.0,4367.0,233.27,24.0,3.0,0.02564102564102564,1238.0,2024-11-24,Bangalore,Tablet,learn data analytics
A1439,D@taScienceBootcamp,100.0,5481.0,180.72,14.0,7.0,0.07,1185.0,2024-11-02,Pune,Desktop,analytics for data
A1440,DataScienceB0otcamp,179.0,4109.0,191.84,19.0,4.0,0.022,1961.0,2024-11-02,Bangalore,Tablet,online data analytic
A1441,bUSINESSaNLYTICScLASS,180.0,3887.0,186.26,18.0,6.0,0.033,1048.0,2024-11-05,Delhi,Desktop,data analytics course
A1442,Cyb3rSecurtyFundamentals,146.0,4633.0,186.07,26.0,3.0,0.021,1053.0,2024-11-25,Mumbai,Desktop,data anaytics training
A1443,AI_Marketing101,124.0,5353.0,239.69,13.0,4.0,0.032,1493.0,2024-11-19,Bangalore,Desktop,learn data analytics
A1444,D@taScienceBootcamp,169.0,5380.0,199.66,27.0,6.0,0.036,1059.0,2024-11-03,Chennai,Desktop,data anaytics training
A1445,mACHNElEARNINGbASICS,91.0,5104.0,211.85,29.0,9.0,0.09122252747252749,1309.0,2024-11-16,Delhi,Tablet,data analytics course
A1446,DeepLe@rnngPro,145.0,4631.0,236.03,24.0,8.0,0.05517241379310345,1220.0,2024-11-17,Mumbai,Desktop,online data analytic
A1447,SQLDatabs3Training,115.0,4345.0,229.71,15.0,4.0,0.034782608695652174,1467.0,2024-11-26,New Delhi,Mobile,data analytics course
A1448,Businessanlyticsclass,123.0,3527.0,239.31,21.0,3.0,0.024,1536.0,2024-11-04,Delhi,Tablet,analytics for data
A1449,Python4Data,101.0,3330.0,209.8,19.0,10.0,0.09122252747252749,1296.0,2024-11-14,Chennai,Mobile,data anaytics training
A1450,SQLD@tabseTraining,141.0,3913.0,245.32,21.0,3.0,0.056,1904.0,2024-11-15,Bangalore,Desktop,analytics for data
A1451,pYTHON4dATA,160.0,4597.0,211.88,21.0,4.0,0.025,1510.0,2024-11-21,Bangalore,Desktop,data anaytics training
A1452,AI_Marketing101 ,105.0,3008.0,206.91,21.0,4.0,0.038,1009.0,2024-11-10,Mumbai,Desktop,online data analytic
A1453,AI_M@rketing101,178.0,5318.0,207.05,18.0,4.0,0.031,1421.0,2024-11-20,Pune,Desktop,data analitics online
A1454,BusinessAnlyticsClass,189.0,5244.0,242.18,29.0,3.0,0.016,1080.0,2024-11-07,Pune,Mobile,analytics for data
A1455,pYTHON4dATA,114.0,4804.0,249.33,14.0,6.0,0.053,1879.0,2024-11-05,Chennai,Mobile,data analytics course
A1456,AI_M@rketing101,160.0,5920.0,201.3,30.0,7.0,0.047,1080.0,2024-11-18,Pune,Tablet,data analytics course
A1457,Python4data,101.0,5280.0,234.72,18.0,9.0,0.0891089108910891,1046.0,2024-11-27,Pune,Tablet,data analytics course
A1458,AI_Mark3ting101,146.0,3887.0,206.59,26.0,9.0,0.062,1042.0,2024-11-07,Chennai,Desktop,online data analytic
A1459,WebDevMastery ,128.0,4532.0,183.28,11.0,7.0,0.047,1571.0,2024-11-25,Chennai,Desktop,data anaytics training
A1460,Machnelearningbasics,163.0,4125.0,246.09,27.0,5.0,0.031,1910.0,2024-11-27,Delhi,Mobile,learn data analytics
A1461,DeepLearnngPr0,193.0,5571.0,213.5,19.0,8.0,0.059,1754.0,2024-11-28,Bangalore,Mobile,analytics for data
A1462,W3bDevMastery,179.0,4309.0,237.62,21.0,7.0,0.039,1719.0,2024-11-14,Pune,Mobile,data analytics course
A1463,BusinessAnlyticsCl@ss,86.0,5538.0,223.13,22.0,7.0,0.037,1544.0,2024-11-30,New Delhi,Tablet,data anaytics training
A1464,Deeplearnngpro,92.0,3162.0,202.76,25.0,5.0,0.05434782608695652,1577.0,2024-11-01,Mumbai,Mobile,data anaytics training
A1465,CyberSecurtyFund@mentals,125.0,5811.0,194.92,14.0,3.75,0.03,1499.0,2024-11-22,Chennai,Tablet,data anaytics training
A1466,Python4Data ,147.0,3112.0,206.74,12.0,8.0,0.054,1815.0,2024-11-18,Bangalore,Mobile,data analytics course
A1467,pYTHON4dATA,143.0,4492.0,188.98,13.0,3.0,0.056,1464.0,2024-11-09,Pune,Mobile,online data analytic
A1468,Ai_marketing101,181.0,4408.0,208.33,22.0,8.0,0.044,1932.0,2024-11-05,Chennai,Tablet,online data analytic
A1469,Deeplearnngpro,164.0,3872.0,210.53,12.0,5.0,0.03,1532.0,2024-11-12,Bangalore,Tablet,data analitics online
A1470,Machnelearningbasics,199.0,4255.0,212.84,14.0,6.0,0.054,1125.0,2024-11-22,Mumbai,Desktop,learn data analytics
A1471,BusinessAnlyticsClass,83.0,4638.0,229.97,12.0,8.0,0.09122252747252749,2000.0,2024-11-30,Pune,Desktop,analytics for data
A1472,cLOUDcOMPUTNGcOURSE,150.0,5619.0,191.89,23.0,6.0,0.04,1735.0,2024-11-19,New Delhi,Desktop,data anaytics training
A1473,Cloudcomputngcourse,171.0,5157.0,183.26,24.0,9.0,0.046,1430.0,2024-11-09,Chennai,Desktop,data analitics online
A1474,Python4data,139.0,4871.0,211.4,25.0,9.0,0.065,1247.0,2024-11-29,Mumbai,Mobile,data anaytics training
A1475,ai_mARKETING101,117.0,5863.0,224.69,24.0,10.0,0.054,1580.0,2024-11-16,Mumbai,Mobile,data analitics online
A1476,DataSci3nceBootcamp,196.0,3205.0,188.82,24.0,8.0,0.041,1837.0,2024-11-24,Pune,Desktop,data analytics course
A1477,BusinessAnlyticsClass_,184.0,5463.0,224.58,30.0,6.0,0.033,1565.0,2024-11-26,Bangalore,Tablet,data anaytics training
A1478,DeepLe@rnngPro,103.0,5667.0,232.48,26.0,8.0,0.07766990291262135,1888.0,2024-11-16,Mumbai,Tablet,learn data analytics
A1479,CyberSecurtyFundamentals,120.0,4666.0,180.72,30.0,3.0,0.053,1627.0,2024-11-24,Pune,Mobile,analytics for data
A1480,CloudComputngCours3,148.0,3632.0,214.46,28.0,10.0,0.06756756756756757,1589.0,2024-11-18,Bangalore,Mobile,data anaytics training
A1481,WebDevMastery1,80.0,3834.0,181.22,15.0,3.0,0.037,1270.0,2024-11-22,New Delhi,Tablet,learn data analytics
A1482,sqldATABSEtRAINING,168.0,3934.0,246.09,24.0,6.0,0.041,1592.0,2024-11-24,Mumbai,Tablet,data analitics online
A1483,Webdevmastery,136.0,5724.0,218.37,25.0,10.0,0.074,1268.0,2024-11-18,Pune,Desktop,data analytics course
A1484,W3bDevMastery,86.0,4763.0,243.78,11.0,8.0,0.09122252747252749,1770.0,2024-11-13,Chennai,Mobile,learn data analytics
A1485,cLOUDcOMPUTNGcOURSE,175.0,3095.0,236.86,22.0,4.0,0.023,1617.0,2024-11-20,Mumbai,Mobile,analytics for data
A1486,Pyth0n4Data,173.0,5554.0,185.09,22.0,4.0,0.023,1000.0,2024-11-01,Mumbai,Desktop,data analytics course
A1487,MachneLearningBasics,192.0,3407.0,223.29,29.0,9.0,0.047,1538.0,2024-11-25,Chennai,Tablet,data anaytics training
A1488,Busin3ssAnlyticsClass,190.0,4465.0,241.38,28.0,5.0,0.026,1910.0,2024-11-04,Mumbai,Desktop,analytics for data
A1489,Cyb3rSecurtyFundamentals,161.0,3311.0,221.64,16.0,5.0,0.031,1006.0,2024-11-02,Mumbai,Tablet,online data analytic
A1490,CloudComputngCours3,197.0,3265.0,200.4,15.0,3.0,0.015,1882.0,2024-11-01,Chennai,Mobile,learn data analytics
A1491,DataScienceB0otcamp,80.0,4969.0,210.7,25.0,3.0,0.037,1146.0,2024-11-05,Mumbai,Tablet,analytics for data
A1492,W3bDevMastery,145.0,5368.0,200.88,14.0,4.0,0.028,1125.0,2024-11-27,Mumbai,Tablet,learn data analytics
A1493,M@chneLearningBasics,90.0,5851.0,232.94,22.0,8.0,0.089,1421.0,2024-11-28,Chennai,Desktop,learn data analytics
A1494,Cl0udComputngCourse,109.0,4884.0,228.13,11.0,8.0,0.07339449541284404,1680.0,2024-11-15,Mumbai,Desktop,data anaytics training
A1495,Sqldatabsetraining,130.0,5719.0,212.245,10.0,5.0,0.03,1208.0,2024-11-23,Pune,Desktop,analytics for data
A1496,cLOUDcOMPUTNGcOURSE,179.0,5828.0,247.84,15.0,4.0,0.022,1127.0,2024-11-14,Mumbai,Mobile,analytics for data
A1497,DeepLearnngPr0,181.0,4935.0,239.29,15.0,5.0,0.03,1497.0,2024-11-09,Mumbai,Desktop,data anaytics training
A1498,cYBERsECURTYfUNDAMENTALS,188.0,4491.0,201.73,24.0,7.0,0.037,1906.0,2024-11-21,Mumbai,Mobile,online data analytic
A1499,M@chneLearningBasics,139.0,3659.0,189.09,16.0,4.0,0.029,1892.0,2024-11-29,Pune,Desktop,data anaytics training
A1500,DeepLearnngPro_,99.0,4809.0,210.6,24.0,8.0,0.081,1505.0,2024-11-13,Chennai,Mobile,data analytics course
A1501,Sqldatabsetraining,95.0,5844.0,211.95,10.0,9.0,0.09122252747252749,1444.0,2024-11-08,Mumbai,Tablet,learn data analytics
A1502,Webdevmastery,131.0,5559.0,209.96499999999997,28.0,5.0,0.035,1604.0,2024-11-29,Bangalore,Desktop,analytics for data
A1503,SQLDatabs3Training,190.0,4630.0,217.6,27.0,4.0,0.021052631578947368,1900.0,2024-11-23,Chennai,Tablet,data anaytics training
A1504,Machnelearningbasics,123.0,3340.0,225.16,23.0,8.0,0.06504065040650407,1563.0,2024-11-26,New Delhi,Mobile,online data analytic
A1505,cYBERsECURTYfUNDAMENTALS,97.0,3330.0,182.98,15.0,3.0,0.031,1102.0,2024-11-14,Pune,Tablet,data analitics online
A1506,dEEPlEARNNGpRO,164.0,3117.0,198.53,25.0,5.0,0.03048780487804878,1749.0,2024-11-29,Pune,Mobile,analytics for data
A1507,Cybersecurtyfundamentals,134.0,3562.0,247.59,24.0,10.0,0.075,1295.0,2024-11-01,Mumbai,Tablet,analytics for data
A1508,Cl0udComputngCourse,117.0,5144.0,221.76,23.0,3.0,0.038,1338.0,2024-11-11,Bangalore,Mobile,analytics for data
A1509,AI_Marketing101,168.0,4375.0,222.49,19.0,8.0,0.048,1267.0,2024-11-06,New Delhi,Mobile,online data analytic
A1510,pYTHON4dATA,173.0,3328.0,224.17,15.0,10.0,0.043,1904.0,2024-11-28,New Delhi,Mobile,online data analytic
A1511,Python4Data,158.0,4336.0,238.29,26.0,9.0,0.052,1245.0,2024-11-30,Pune,Tablet,online data analytic
A1512,sqldATABSEtRAINING,135.0,5063.0,195.58,22.0,6.0,0.044,1494.0,2024-11-29,Pune,Tablet,learn data analytics
A1513,Cybersecurtyfundamentals,182.0,5993.0,213.5,19.0,3.0,0.016483516483516484,1254.0,2024-11-19,Mumbai,Desktop,data anaytics training
A1514,Sqldatabsetraining,83.0,3926.0,237.07,22.0,5.0,0.06,1667.0,2024-11-07,Pune,Mobile,analytics for data
A1515,SQLDatabseTraining,85.0,5570.0,221.73,14.0,7.0,0.08235294117647059,1292.0,2024-11-29,New Delhi,Tablet,data analitics online
A1516,Busin3ssAnlyticsClass,98.0,5571.0,208.4,15.0,7.0,0.071,1890.0,2024-11-14,Pune,Desktop,analytics for data
A1517,Python4Data ,151.0,5700.0,182.27,13.0,3.0,0.054,1255.0,2024-11-23,Chennai,Mobile,data analytics course
A1518,CloudComputngCours3,122.0,4441.0,244.38,25.0,6.0,0.049,1531.5,2024-11-02,Delhi,Desktop,analytics for data
A1519,Python4Data,84.0,4646.0,226.32,11.0,7.0,0.051,1596.0,2024-11-30,Chennai,Tablet,analytics for data
A1520,CyberSecurtyFundamentals,127.0,5964.0,182.01,26.0,7.0,0.048,1490.0,2024-11-25,Pune,Desktop,data analytics course
A1521,Deeplearnngpro,148.0,4725.0,187.02,25.0,3.0,0.02,1586.0,2024-11-15,Mumbai,Mobile,learn data analytics
A1522,DeepLearnngPro_,85.0,4230.0,233.73,18.0,8.0,0.09122252747252749,1998.0,2024-11-08,Chennai,Tablet,data analytics course
A1523,BusinessAnlyticsClass ,105.0,3880.0,246.63,19.0,8.0,0.051,1598.0,2024-11-13,New Delhi,Mobile,data anaytics training
A1524,Sqldatabsetraining,187.0,3842.0,214.35,28.0,5.0,0.031,1596.0,2024-11-13,Mumbai,Mobile,online data analytic
A1525,wEBdEVmASTERY,153.0,3143.0,244.73,12.0,10.0,0.065,1365.0,2024-11-15,New Delhi,Mobile,online data analytic
A1526,Python4Data ,143.0,5781.0,208.63,21.0,9.0,0.05,1443.0,2024-11-26,New Delhi,Mobile,data analitics online
A1527,AI_Mark3ting101,183.0,3790.0,202.48,21.0,8.0,0.037,1215.0,2024-11-26,Bangalore,Desktop,data anaytics training
A1528,M@chneLearningBasics,172.0,4250.0,235.2,28.0,7.0,0.040697674418604654,1036.0,2024-11-06,Bangalore,Mobile,learn data analytics
A1529,M@chneLearningBasics,98.0,3800.0,240.45,16.0,3.0,0.031,1700.0,2024-11-01,Bangalore,Desktop,data analytics course
A1530,SQLD@tabseTraining,87.0,4675.0,200.71,28.0,6.0,0.069,1428.0,2024-11-20,Bangalore,Mobile,analytics for data
A1531,CloudComputngCours3,84.0,5711.0,216.02,13.0,6.0,0.07142857142857142,1654.0,2024-11-17,Mumbai,Desktop,data anaytics training
A1532,ai_mARKETING101,151.0,3022.0,191.35,13.0,4.0,0.026,1133.0,2024-11-18,New Delhi,Mobile,learn data analytics
A1533,BusinessAnlyticsClass,113.0,5407.0,203.23,15.0,9.0,0.037,1745.0,2024-11-16,Chennai,Desktop,data anaytics training
A1534,Python4Data1,89.0,5095.0,202.21,22.0,4.0,0.056,1065.0,2024-11-07,Delhi,Tablet,data analytics course
A1535,BusinessAnlyticsClass,174.0,3587.0,217.67,10.0,7.0,0.04,1226.0,2024-11-22,Mumbai,Mobile,data anaytics training
A1536,Cloudcomputngcourse,166.0,5524.0,205.53,25.0,7.0,0.04216867469879518,1241.0,2024-11-24,Mumbai,Mobile,analytics for data
A1537,AI_Marketing101_,196.0,3777.0,246.52,21.0,5.0,0.026,1159.0,2024-11-15,Mumbai,Desktop,data analytics course
A1538,Businessanlyticsclass,97.0,3480.0,233.32,22.0,3.0,0.031,1008.0,2024-11-28,Chennai,Desktop,data analitics online
A1539,bUSINESSaNLYTICScLASS,89.0,4200.0,200.98,23.0,8.0,0.0898876404494382,1476.0,2024-11-23,Bangalore,Mobile,data analytics course
A1540,Datasciencebootcamp,130.0,5384.0,218.6,24.0,8.0,0.062,1943.0,2024-11-28,Mumbai,Mobile,learn data analytics
A1541,Python4Data,103.0,4766.0,245.34,11.0,8.0,0.078,1488.0,2024-11-08,Mumbai,Desktop,analytics for data
A1542,CyberSecurtyFund@mentals,138.0,3322.0,196.83,17.0,8.0,0.058,1500.5,2024-11-01,Pune,Desktop,online data analytic
A1543,Cloudcomputngcourse,127.0,4625.0,207.62,17.0,3.0,0.024,1811.0,2024-11-17,New Delhi,Desktop,learn data analytics
A1544,Webdevmastery,170.0,4689.0,195.98,26.0,6.0,0.035,1873.0,2024-11-14,Chennai,Desktop,data analitics online
A1545,ai_mARKETING101,115.0,3764.0,197.47,20.0,5.0,0.043478260869565216,1952.0,2024-11-27,Mumbai,Desktop,learn data analytics
A1546,CyberSecurtyFundamentals ,132.0,3365.0,198.01,17.0,9.0,0.068,1161.0,2024-11-14,Mumbai,Desktop,analytics for data
A1547,Sqldatabsetraining,168.0,3392.0,230.77,15.0,9.0,0.054,1504.0,2024-11-11,Delhi,Mobile,online data analytic
A1548,Ai_marketing101,145.0,5978.0,223.3,30.0,10.0,0.06896551724137931,1859.0,2024-11-20,Mumbai,Mobile,online data analytic
A1549,Busin3ssAnlyticsClass,163.0,3340.0,217.35,26.0,7.0,0.043,1751.0,2024-11-24,Mumbai,Tablet,data anaytics training
A1550,CloudComputngCourse,84.0,4407.0,192.52,19.0,10.0,0.09122252747252749,1221.0,2024-11-03,Bangalore,Tablet,learn data analytics
A1551,SQLDatabs3Training,124.0,3180.0,180.8,17.0,6.0,0.048,1822.0,2024-11-11,Pune,Mobile,online data analytic
A1552,CyberSecurtyFundamentals,162.0,4947.0,233.76,23.0,6.0,0.045,1973.0,2024-11-15,Mumbai,Tablet,data analytics course
A1553,D@taScienceBootcamp,119.0,4480.0,184.25,20.0,3.0,0.025,1985.0,2024-11-22,Pune,Mobile,online data analytic
A1554,CyberSecurtyFundamentals,151.0,5595.0,246.66,24.0,4.0,0.026,1921.0,2024-11-29,Bangalore,Desktop,learn data analytics
A1555,WebDevM@stery,190.0,4808.0,199.94,16.0,6.0,0.032,1454.0,2024-11-03,Chennai,Desktop,data analitics online
A1556,DataSci3nceBootcamp,138.0,3382.0,204.12,27.0,7.0,0.051,1386.0,2024-11-05,Mumbai,Tablet,learn data analytics
A1557,ai_mARKETING101,100.0,4643.0,214.46,16.0,9.0,0.09,1179.0,2024-11-03,Chennai,Tablet,online data analytic
A1558,DataSci3nceBootcamp,187.0,5400.0,210.0,14.0,7.0,0.0374331550802139,1945.0,2024-11-15,Pune,Desktop,analytics for data
A1559,DeepLearnngPr0,176.0,3400.0,191.5,29.0,3.0,0.017045454545454544,1429.0,2024-11-28,Chennai,Mobile,online data analytic
A1560,AI_M@rketing101,117.0,4223.0,217.98,28.0,6.0,0.059,1489.0,2024-11-10,Bangalore,Mobile,data anaytics training
A1561,Datasciencebootcamp,196.0,4580.5,206.31,24.0,8.0,0.051,1426.0,2024-11-23,Delhi,Tablet,data analitics online
A1562,Cl0udComputngCourse,155.0,3864.0,222.17,12.0,3.0,0.01935483870967742,1407.0,2024-11-21,Mumbai,Mobile,data anaytics training
A1563,D@taScienceBootcamp,188.0,3838.0,240.99,15.0,3.0,0.016,1951.0,2024-11-10,Pune,Mobile,data analytics course
A1564,Cybersecurtyfundamentals,81.0,5659.0,222.98,25.0,4.0,0.057,1654.0,2024-11-19,New Delhi,Tablet,data analitics online
A1565,MachneLearningBasics1,125.0,4794.0,212.245,28.0,7.0,0.051,1453.0,2024-11-22,Pune,Desktop,data analitics online
A1566,dATAsCIENCEbOOTCAMP,158.0,5214.0,222.28,21.0,3.0,0.019,1630.0,2024-11-03,Pune,Desktop,data analytics course
A1567,Machn3LearningBasics,133.0,5762.0,196.02,10.0,5.0,0.038,1499.0,2024-11-03,Chennai,Tablet,data analytics course
A1568,W3bDevMastery,128.0,5026.0,239.88,15.0,9.0,0.07,1745.0,2024-11-25,Chennai,Mobile,analytics for data
A1569,CyberSecurtyFundamentals,148.0,3883.0,181.4,30.0,4.0,0.027,1966.0,2024-11-16,Pune,Desktop,analytics for data
A1570,WebDevM@stery,92.0,4605.0,234.69,29.0,3.0,0.03260869565217391,1264.0,2024-11-30,Chennai,Mobile,data anaytics training
A1571,CyberSecurtyFundamentals1,147.0,4808.0,205.83,25.0,8.0,0.05442176870748299,1728.0,2024-11-02,Delhi,Desktop,data analytics course
A1572,DeepLearnngPro_,136.0,5454.0,247.7,13.0,6.0,0.044,1687.0,2024-11-06,Mumbai,Mobile,data analitics online
A1573,AI_Marketing101,132.0,4957.0,220.43,28.0,6.0,0.045,1218.0,2024-11-03,Bangalore,Mobile,online data analytic
A1574,Python4D@ta,173.0,4699.0,241.61,28.0,3.0,0.017,1191.0,2024-11-13,Pune,Tablet,learn data analytics
A1575,AI_M@rketing101,85.0,4747.0,224.35,26.0,5.0,0.059,1087.0,2024-11-01,Mumbai,Tablet,data analytics course
A1576,dATAsCIENCEbOOTCAMP,129.0,5874.0,200.17,12.0,5.0,0.039,1405.0,2024-11-29,Pune,Tablet,online data analytic
A1577,D3epLearnngPro,181.0,4730.0,243.35,16.0,4.0,0.022099447513812154,1975.0,2024-11-20,Delhi,Mobile,online data analytic
A1578,Busin3ssAnlyticsClass,85.0,5341.0,249.64,21.0,6.0,0.032,1388.0,2024-11-10,Pune,Mobile,online data analytic
A1579,Ai_marketing101,92.0,4327.0,188.6,14.0,7.0,0.07608695652173914,1140.0,2024-11-22,Mumbai,Tablet,data anaytics training
A1580,Ai_marketing101,192.0,4482.0,180.82,27.0,4.0,0.021,1847.0,2024-11-09,Delhi,Mobile,data anaytics training
A1581,MachneLearningBasics,146.0,4484.0,194.67,27.0,9.0,0.052,1234.0,2024-11-02,Pune,Tablet,data anaytics training
A1582,Python4Data,178.0,4311.0,205.46,18.0,4.0,0.022,1671.0,2024-11-18,Bangalore,Tablet,analytics for data
A1583,D@taScienceBootcamp,197.0,3009.0,233.44,22.0,9.0,0.046,1374.0,2024-11-18,Mumbai,Tablet,analytics for data
A1584,Python4Data1,176.0,3110.0,205.23,23.0,5.0,0.028,1746.0,2024-11-19,New Delhi,Desktop,online data analytic
A1585,DataScienceB0otcamp,98.0,3365.0,224.28,27.0,9.0,0.09122252747252749,1108.0,2024-11-27,Pune,Desktop,data anaytics training
A1586,cYBERsECURTYfUNDAMENTALS,105.0,3274.0,187.89,24.0,4.0,0.038,1360.0,2024-11-09,Chennai,Desktop,learn data analytics
A1587,W3bDevMastery,113.0,3231.0,210.13,19.0,10.0,0.041,1234.0,2024-11-15,New Delhi,Desktop,online data analytic
A1588,Machnelearningbasics,135.0,3440.0,246.53,13.0,10.0,0.046,1217.0,2024-11-27,Chennai,Tablet,online data analytic
A1589,CloudComputngCourse,88.0,5196.0,197.32,26.0,5.0,0.057,1438.0,2024-11-03,Mumbai,Desktop,online data analytic
A1590,Sqldatabsetraining,106.0,5321.0,239.76,11.0,7.0,0.066,1910.0,2024-11-24,Mumbai,Desktop,data anaytics training
A1591,CloudComputngCourse_,148.0,5841.0,243.09,15.0,7.0,0.047,1535.0,2024-11-29,Mumbai,Mobile,data analitics online
A1592,ai_mARKETING101,174.0,4382.5,227.96,25.0,5.0,0.029,1566.0,2024-11-15,Mumbai,Tablet,online data analytic
A1593,Python4D@ta,196.0,5776.0,227.24,30.0,4.0,0.02,1539.0,2024-11-04,Bangalore,Mobile,data anaytics training
A1594,dATAsCIENCEbOOTCAMP,128.0,4729.0,243.45,25.0,9.0,0.031,1782.0,2024-11-23,Mumbai,Desktop,learn data analytics
A1595,CloudComputngCours3,163.0,5371.0,215.89,29.0,7.0,0.043,1906.0,2024-11-05,Delhi,Tablet,data analytics course
A1596,ai_mARKETING101,183.0,5268.0,203.65,17.0,5.0,0.027,1731.0,2024-11-12,Pune,Mobile,learn data analytics
A1597,CyberSecurtyFund@mentals,196.0,5386.0,224.31,23.0,4.0,0.02,1423.0,2024-11-30,Chennai,Tablet,learn data analytics
A1598,DataScienceBootcamp ,121.0,4432.0,218.71,25.0,10.0,0.08264462809917356,1568.0,2024-11-13,Mumbai,Desktop,analytics for data
A1599,dATAsCIENCEbOOTCAMP,174.0,3031.0,242.32,25.0,6.0,0.034,1381.0,2024-11-08,Chennai,Mobile,online data analytic
A1600,DataScienceB0otcamp,142.0,5999.0,214.05,27.0,6.0,0.046,1064.0,2024-11-21,Mumbai,Desktop,analytics for data
A1601,MachneLearningBasics_,118.0,3274.0,222.62,10.0,3.0,0.025,1716.0,2024-11-09,Mumbai,Tablet,analytics for data
A1602,Webdevmastery,118.0,5889.0,193.01,17.0,10.0,0.085,1789.0,2024-11-10,Bangalore,Desktop,online data analytic
A1603,DataScienceBootcamp ,149.0,5601.0,222.01,15.0,6.0,0.04,1514.0,2024-11-25,Chennai,Desktop,analytics for data
A1604,Python4Data_,127.0,4295.0,212.6,26.0,10.0,0.079,1713.0,2024-11-19,Bangalore,Tablet,data analytics course
A1605,DeepLearnngPro1,195.0,5135.0,226.37,17.0,3.0,0.015384615384615385,1488.5,2024-11-24,Mumbai,Desktop,data anaytics training
A1606,cYBERsECURTYfUNDAMENTALS,173.0,5233.0,229.38,28.0,7.0,0.04046242774566474,1322.0,2024-11-16,Bangalore,Mobile,learn data analytics
A1607,Python4Data,131.0,5727.0,218.65,28.0,4.0,0.031,1631.0,2024-11-07,Bangalore,Mobile,data anaytics training
A1608,Cloudcomputngcourse,105.0,4691.0,213.15,21.0,3.0,0.035,1276.0,2024-11-22,Bangalore,Desktop,analytics for data
A1609,AI_Marketing101,104.0,3409.0,207.63,19.0,4.0,0.038461538461538464,1195.0,2024-11-16,Bangalore,Mobile,analytics for data
A1610,WebDevM@stery,139.0,4333.0,230.05,19.0,6.0,0.043,1407.0,2024-11-21,Bangalore,Desktop,analytics for data
A1611,bUSINESSaNLYTICScLASS,110.0,4430.0,197.84,23.0,5.0,0.045,1464.0,2024-11-15,Pune,Mobile,learn data analytics
A1612,DeepLearnngPro1,193.0,4860.0,181.27,14.0,5.0,0.026,1488.5,2024-11-16,Mumbai,Desktop,online data analytic
A1613,Python4Data,109.0,4396.0,188.6,11.0,10.0,0.09122252747252749,1451.0,2024-11-18,Pune,Mobile,data anaytics training
A1614,Ai_marketing101,141.0,5000.0,223.7,29.0,10.0,0.071,1909.0,2024-11-12,Bangalore,Tablet,data analitics online
A1615,MachneLearningBasics_,182.0,3487.0,211.71,23.0,7.0,0.038,1027.0,2024-11-24,Chennai,Mobile,data analitics online
A1616,SQLDatabseTraining_,179.0,4236.0,245.01,23.0,7.0,0.039,1822.0,2024-11-07,Bangalore,Mobile,learn data analytics
A1617,dEEPlEARNNGpRO,89.0,5349.0,213.27,19.0,8.0,0.09,1371.0,2024-11-28,New Delhi,Tablet,data analitics online
A1618,dEEPlEARNNGpRO,181.0,5678.0,226.89,22.0,10.0,0.055248618784530384,1992.0,2024-11-02,Pune,Tablet,data anaytics training
A1619,Businessanlyticsclass,85.0,5247.0,219.97,15.0,7.0,0.082,1612.0,2024-11-20,Chennai,Desktop,analytics for data
A1620,cLOUDcOMPUTNGcOURSE,179.0,3685.0,202.66,15.0,6.981,0.039,1634.0,2024-11-18,Bangalore,Desktop,data analytics course
A1621,Datasciencebootcamp,172.0,5862.0,202.0,23.0,4.0,0.023,1469.0,2024-11-28,Mumbai,Desktop,online data analytic
A1622,WebDevM@stery,196.0,5040.0,197.08,11.0,9.0,0.046,1774.0,2024-11-22,Bangalore,Desktop,data analytics course
A1623,CyberSecurtyFundamentals,72.72727272727273,3423.0,223.95,30.0,4.0,0.055,1480.0,2024-11-03,Pune,Desktop,analytics for data
A1624,AI_M@rketing101,135.0,5981.0,228.66,26.0,6.0,0.044444444444444446,1515.0,2024-11-12,Mumbai,Desktop,data anaytics training
A1625,Datasciencebootcamp,97.0,3495.0,230.83,16.0,6.0,0.062,1675.0,2024-11-23,New Delhi,Tablet,analytics for data
A1626,Machn3LearningBasics,137.0,3702.0,215.41,25.0,9.0,0.066,1010.0,2024-11-10,Bangalore,Desktop,learn data analytics
A1627,wEBdEVmASTERY,164.0,3405.0,217.58,10.0,3.0,0.018,1885.0,2024-11-30,Chennai,Desktop,data analitics online
A1628,M@chneLearningBasics,178.0,3370.0,180.66,25.0,9.0,0.051,1830.0,2024-11-24,Bangalore,Desktop,online data analytic
A1629,ai_mARKETING101,146.0,4455.0,227.13,16.0,5.0,0.03424657534246575,1040.0,2024-11-24,New Delhi,Tablet,online data analytic
A1630,D@taScienceBootcamp,149.0,4670.0,218.31,10.0,10.0,0.067,1623.0,2024-11-02,Pune,Mobile,analytics for data
A1631,SQLDatabseTraining,193.0,4287.0,204.62,15.0,3.0,0.015544041450777202,1800.0,2024-11-09,Mumbai,Tablet,data anaytics training
A1632,wEBdEVmASTERY,149.0,3546.0,183.41,27.0,7.0,0.05,1701.0,2024-11-28,New Delhi,Mobile,data anaytics training
A1633,AI_M@rketing101,106.0,4740.0,229.13,19.0,3.0,0.028,1149.0,2024-11-11,New Delhi,Desktop,online data analytic
A1634,SQLDatabs3Training,131.0,5642.0,184.57,20.0,9.0,0.06870229007633588,1827.0,2024-11-16,Chennai,Mobile,data analytics course
A1635,Machnelearningbasics,111.0,4161.0,185.58,10.0,7.0,0.06306306306306306,1434.0,2024-11-04,Chennai,Desktop,data anaytics training
A1636,SQLDatabseTraining,144.0,4241.0,181.4,24.0,5.0,0.035,1693.0,2024-11-19,New Delhi,Mobile,online data analytic
A1637,Busin3ssAnlyticsClass,151.0,5875.0,192.46,28.0,6.0,0.045,1459.0,2024-11-18,Chennai,Mobile,data analitics online
A1638,AI_Mark3ting101,146.0,5457.0,213.5,15.0,5.0,0.034,1029.0,2024-11-02,Mumbai,Desktop,data analytics course
A1639,SQLD@tabseTraining,133.0,4780.0,198.66,22.0,4.0,0.03,1905.0,2024-11-09,Bangalore,Tablet,online data analytic
A1640,D3epLearnngPro,62.5,5922.0,239.1,12.0,3.0,0.048,1733.0,2024-11-06,Mumbai,Desktop,data analytics course
A1641,AI_Mark3ting101,82.0,3454.0,228.02,30.0,7.0,0.049,1463.0,2024-11-09,Pune,Desktop,learn data analytics
A1642,DataScienceBootcamp_,135.0,3449.0,200.06,17.0,5.0,0.037,1950.0,2024-11-07,Chennai,Mobile,data analytics course
A1643,WebDevMastery1,199.0,4287.0,235.58,12.0,10.0,0.05,1276.0,2024-11-10,Mumbai,Tablet,data analytics course
A1644,WebDevMastery ,123.0,5000.0,187.67,25.0,3.0,0.024,1351.0,2024-11-07,Chennai,Tablet,data analitics online
A1645,cYBERsECURTYfUNDAMENTALS,154.0,3437.0,211.63,28.0,4.0,0.026,1604.0,2024-11-14,Pune,Tablet,data anaytics training
A1646,Machnelearningbasics,88.0,3475.0,191.96,12.0,7.0,0.08,1204.0,2024-11-25,Mumbai,Desktop,online data analytic
A1647,DeepLe@rnngPro,165.0,4889.0,180.19,21.0,4.0,0.024,1458.0,2024-11-19,Bangalore,Mobile,analytics for data
A1648,WebDevM@stery,87.0,3639.0,220.76,22.0,3.0,0.036,1231.0,2024-11-14,Pune,Mobile,analytics for data
A1649,MachneLearningBasics1,147.0,3959.0,181.18,27.0,9.0,0.061,1627.0,2024-11-26,Pune,Mobile,analytics for data
A1650,Machn3LearningBasics,137.0,5400.0,180.04,10.0,10.0,0.073,1375.0,2024-11-29,Delhi,Tablet,analytics for data
A1651,sqldATABSEtRAINING,188.0,5528.0,245.03,13.0,10.0,0.053,1202.0,2024-11-29,Mumbai,Desktop,analytics for data
A1652,Webdevmastery,162.0,5456.0,193.69,10.0,6.0,0.037,1992.0,2024-11-29,Mumbai,Tablet,online data analytic
A1653,Python4D@ta,102.0,4308.0,221.54,13.0,7.0,0.06,1096.0,2024-11-08,Pune,Mobile,data analitics online
A1654,W3bDevMastery,120.0,3245.0,196.09,15.0,9.0,0.075,1056.0,2024-11-22,Mumbai,Desktop,data anaytics training
A1655,sqldATABSEtRAINING,125.0,3339.0,205.32,18.0,4.0,0.054,1985.0,2024-11-28,New Delhi,Desktop,data analytics course
A1656,AI_Marketing101,155.0,5977.0,187.28,16.0,7.0,0.04516129032258064,1607.0,2024-11-10,Pune,Desktop,online data analytic
A1657,MachneLearningBasics1,137.0,4231.0,226.49,25.0,5.0,0.036,1078.0,2024-11-12,Bangalore,Tablet,analytics for data
A1658,Machn3LearningBasics,91.0,4506.0,195.99,12.0,3.0,0.045,1179.0,2024-11-22,Chennai,Tablet,learn data analytics
A1659,Ai_marketing101,87.0,4869.0,220.97,29.0,5.0,0.057,1480.0,2024-11-05,Chennai,Desktop,data anaytics training
A1660,D@taScienceBootcamp,124.0,5716.0,217.84,28.0,8.0,0.06451612903225806,1791.0,2024-11-24,Mumbai,Mobile,data anaytics training
A1661,SQLDatabseTraining,128.0,3243.0,208.41,14.0,6.0,0.037,1514.0,2024-11-02,Pune,Mobile,online data analytic
A1662,Datasciencebootcamp,111.0,3911.0,239.24,28.0,9.0,0.08108108108108109,1097.0,2024-11-01,Mumbai,Tablet,online data analytic
A1663,D3epLearnngPro,89.0,3982.0,209.87,27.0,7.0,0.079,1920.0,2024-11-04,Delhi,Desktop,data analytics course
A1664,Cybersecurtyfundamentals,107.0,5299.0,207.36,19.0,8.0,0.07476635514018691,1567.0,2024-11-26,Mumbai,Tablet,data anaytics training
A1665,CyberSecurtyFundamentals,181.0,4150.0,236.69,15.0,5.0,0.027624309392265192,1251.0,2024-11-10,New Delhi,Mobile,data analitics online
A1666,SQLDatabseTraining_,110.0,5925.0,188.18,29.0,9.0,0.082,1682.0,2024-11-23,Bangalore,Desktop,data anaytics training
A1667,Deeplearnngpro,85.0,4010.0,195.26,17.0,4.0,0.042,1853.0,2024-11-06,Bangalore,Mobile,data analitics online
A1668,WebDevMastery,125.0,5767.0,213.27,12.0,8.0,0.035,1020.0,2024-11-19,New Delhi,Tablet,data analitics online
A1669,Busin3ssAnlyticsClass,163.0,4494.0,209.76,11.0,3.0,0.018,1819.0,2024-11-20,Bangalore,Tablet,data anaytics training
A1670,Python4Data ,129.0,3787.0,229.81,10.0,6.0,0.047,1221.0,2024-11-13,Chennai,Desktop,online data analytic
A1671,MachneLearningBasics,112.0,4834.0,212.27,11.0,7.0,0.062,1524.0,2024-11-27,Bangalore,Mobile,data analitics online
A1672,sqldATABSEtRAINING,104.0,3031.0,188.47,13.0,6.0,0.043,1998.0,2024-11-05,Bangalore,Desktop,data anaytics training
A1673,D3epLearnngPro,132.0,3754.0,180.88,21.0,10.0,0.076,1601.0,2024-11-24,Bangalore,Mobile,online data analytic
A1674,BusinessAnlyticsCl@ss,113.0,3281.0,241.85,16.0,6.0,0.053,1491.0,2024-11-08,Bangalore,Tablet,data analitics online
A1675,mACHNElEARNINGbASICS,109.0,4910.0,236.2,20.0,8.0,0.054,1145.0,2024-11-08,Pune,Tablet,data anaytics training
A1676,BusinessAnlyticsClass_,144.0,5026.0,231.82,14.0,4.0,0.028,1645.0,2024-11-10,Chennai,Desktop,data analytics course
A1677,Machn3LearningBasics,179.0,5091.0,238.62,10.0,6.0,0.034,1259.0,2024-11-24,Chennai,Mobile,learn data analytics
A1678,Machnelearningbasics,149.0,5622.0,190.87,14.0,8.0,0.05,1400.0,2024-11-17,New Delhi,Mobile,analytics for data
A1679,SQLDatabseTraining,116.0,4538.0,221.74,23.0,9.0,0.078,1639.0,2024-11-24,Delhi,Desktop,data anaytics training
A1680,Python4data,89.0,3509.0,192.14,27.0,9.0,0.09122252747252749,1564.0,2024-11-12,Mumbai,Mobile,online data analytic
A1681,cYBERsECURTYfUNDAMENTALS,96.0,3346.0,248.48,15.0,7.0,0.073,1118.0,2024-11-28,Delhi,Desktop,data analitics online
A1682,AI_Mark3ting101,193.0,4706.0,213.41,24.0,8.0,0.046,1058.0,2024-11-09,Chennai,Desktop,data analytics course
A1683,Cl0udComputngCourse,122.0,3896.0,194.3,23.0,3.0,0.025,1355.0,2024-11-21,Pune,Mobile,data analytics course
A1684,SQLDatabs3Training,133.0,3332.0,201.59,14.0,7.0,0.05263157894736842,1943.0,2024-11-15,Mumbai,Tablet,data analytics course
A1685,CyberSecurtyFundamentals1,177.0,5738.0,249.21,11.0,7.0,0.04,1435.0,2024-11-16,New Delhi,Mobile,data anaytics training
A1686,DataScienceBootcamp ,162.0,5346.0,223.12,25.0,5.0,0.031,1052.0,2024-11-28,Chennai,Desktop,data analytics course
A1687,D3epLearnngPro,182.0,5857.0,192.69,15.0,4.0,0.048,1384.0,2024-11-02,Pune,Desktop,data analytics course
A1688,Busin3ssAnlyticsClass,154.0,4836.0,233.8,26.0,10.0,0.06493506493506493,1838.0,2024-11-30,Delhi,Desktop,data analytics course
A1689,SQLDatabseTraining,104.0,5291.0,186.93,19.0,10.0,0.09122252747252749,1805.0,2024-11-29,Delhi,Tablet,data analytics course
A1690,wEBdEVmASTERY,101.0,4840.0,230.68,21.0,9.0,0.089,1556.0,2024-11-22,Pune,Desktop,data anaytics training
A1691,Datasciencebootcamp,173.0,4246.0,202.95,27.0,3.0,0.017,1276.0,2024-11-29,Chennai,Tablet,learn data analytics
A1692,Cybersecurtyfundamentals,186.0,5824.0,224.48,29.0,6.0,0.03225806451612903,1882.0,2024-11-28,Chennai,Mobile,data analitics online
A1693,sqldATABSEtRAINING,148.0,5952.0,186.32,14.0,4.0,0.044,1469.0,2024-11-10,Delhi,Mobile,data analytics course
A1694,sqldATABSEtRAINING,181.0,3691.0,229.14,25.0,10.0,0.055248618784530384,1375.0,2024-11-06,Delhi,Mobile,analytics for data
A1695,cYBERsECURTYfUNDAMENTALS,110.0,4350.0,243.88,16.0,9.0,0.08181818181818182,1157.0,2024-11-15,New Delhi,Tablet,online data analytic
A1696,Machnelearningbasics,151.0,5656.0,191.95,18.0,7.0,0.046357615894039736,1813.0,2024-11-02,Chennai,Mobile,data analitics online
A1697,Businessanlyticsclass,90.0,4566.0,228.82,29.0,9.0,0.051,1697.0,2024-11-13,Mumbai,Desktop,data anaytics training
A1698,BusinessAnlyticsClass1,111.0,4245.0,245.76,22.0,8.0,0.072,1510.0,2024-11-07,Bangalore,Desktop,online data analytic
A1699,Python4Data ,170.0,5053.0,217.41,16.0,9.0,0.031,1497.0,2024-11-17,Mumbai,Mobile,data anaytics training
A1700,ai_mARKETING101,112.0,5093.0,228.8,23.0,7.0,0.062,1188.0,2024-11-17,New Delhi,Desktop,analytics for data
A1701,DeepLe@rnngPro,188.0,5336.0,188.73,17.0,3.0,0.016,1601.0,2024-11-03,Chennai,Tablet,online data analytic
A1702,Python4D@ta,85.0,4963.0,186.21,14.0,6.0,0.07058823529411765,1747.0,2024-11-05,Bangalore,Mobile,data analytics course
A1703,WebDevMastery ,94.0,4544.0,235.77,23.0,8.0,0.0851063829787234,1342.0,2024-11-05,Mumbai,Tablet,online data analytic
A1704,WebDevMastery ,177.0,4901.0,217.54,20.0,10.0,0.056,1975.0,2024-11-13,Bangalore,Tablet,data analitics online
A1705,CyberSecurtyFundamentals,150.0,5275.0,192.7,14.0,4.0,0.027,1170.0,2024-11-27,Bangalore,Tablet,data analitics online
A1706,pYTHON4dATA,88.0,5225.0,202.97,22.0,6.0,0.068,1128.0,2024-11-13,Mumbai,Tablet,online data analytic
A1707,Ai_marketing101,128.0,4857.0,212.61,14.0,5.0,0.039,1538.0,2024-11-25,New Delhi,Desktop,data analitics online
A1708,DataScienceB0otcamp,163.0,5310.0,242.76,26.0,9.0,0.055,1793.0,2024-11-12,Pune,Mobile,learn data analytics
A1709,Machnelearningbasics,147.0,5014.0,193.08,12.0,8.0,0.054,1017.0,2024-11-11,Bangalore,Tablet,online data analytic
A1710,CyberSecurtyFundamentals ,191.0,5855.0,196.54,29.0,3.0,0.016,1085.0,2024-11-21,Pune,Desktop,data analytics course
A1711,DeepLearnngPro1,136.36363636363637,5916.0,234.46,17.0,6.0,0.044,1982.0,2024-11-02,Mumbai,Desktop,data analytics course
A1712,Machn3LearningBasics,115.0,3952.0,229.18,25.0,4.0,0.035,1440.0,2024-11-20,Delhi,Tablet,online data analytic
A1713,DeepLe@rnngPro,123.0,4208.0,212.92,29.0,6.0,0.049,1184.0,2024-11-05,Chennai,Desktop,learn data analytics
A1714,Cloudcomputngcourse,121.0,5517.0,222.14,16.0,7.0,0.05785123966942149,1682.0,2024-11-02,Pune,Tablet,learn data analytics
A1715,BusinessAnlyticsClass1,126.0,5460.0,210.83,24.0,10.0,0.079,1326.0,2024-11-14,Pune,Tablet,online data analytic
A1716,Python4Data,110.0,3159.0,197.92,26.0,10.0,0.091,1608.0,2024-11-18,Delhi,Mobile,data analitics online
A1717,bUSINESSaNLYTICScLASS,190.0,5545.0,223.96,13.0,7.0,0.037,1344.0,2024-11-14,Delhi,Tablet,analytics for data
A1718,Machnelearningbasics,148.0,3668.0,245.79,15.0,10.0,0.068,1718.0,2024-11-25,Bangalore,Desktop,data analytics course
A1719,M@chneLearningBasics,86.0,5663.0,231.79,19.0,10.0,0.09122252747252749,1547.0,2024-11-17,Mumbai,Mobile,data anaytics training
A1720,SQLDatabs3Training,172.0,3123.0,216.67,15.0,7.0,0.048,1759.0,2024-11-02,Pune,Desktop,online data analytic
A1721,BusinessAnlyticsCl@ss,143.0,5638.0,229.41,23.0,4.0,0.058,1398.0,2024-11-03,Pune,Desktop,online data analytic
A1722,Python4Data1,172.0,4436.0,232.16,21.0,7.0,0.041,1050.0,2024-11-27,Chennai,Mobile,learn data analytics
A1723,Datasciencebootcamp,138.0,5555.0,188.55,14.0,8.0,0.058,1593.0,2024-11-24,Bangalore,Desktop,data anaytics training
A1724,Ai_marketing101,132.0,4972.0,248.45,25.0,9.0,0.06818181818181818,1126.0,2024-11-19,Bangalore,Tablet,data analitics online
A1725,Python4Data1,174.0,3231.0,217.93,10.0,7.0,0.04,1128.0,2024-11-12,Pune,Mobile,data analytics course
A1726,SQLDatabseTraining_,154.0,3461.0,235.36,18.0,4.0,0.025974025974025976,1212.0,2024-11-18,Bangalore,Tablet,data analitics online
A1727,CloudComputngCourse,126.0,3423.0,236.21,25.0,9.0,0.071,1106.0,2024-11-20,Mumbai,Tablet,data anaytics training
A1728,CloudComputngCourse,138.0,4025.0,220.96,21.0,7.0,0.051,1416.0,2024-11-24,Pune,Tablet,data analitics online
A1729,CloudComputngCourse_,193.0,3800.0,199.76,27.0,9.0,0.047,1393.0,2024-11-17,Mumbai,Mobile,data analytics course
A1730,WebDevMastery1,156.0,5293.0,210.43,26.0,6.0,0.038,1449.0,2024-11-28,Chennai,Tablet,data analytics course
A1731,Cybersecurtyfundamentals,142.0,3565.0,180.39,26.0,5.0,0.035,1147.0,2024-11-01,Bangalore,Tablet,data anaytics training
A1732,Python4Data1,92.0,4296.0,239.12,11.0,10.0,0.09122252747252749,1169.0,2024-11-02,Mumbai,Tablet,data anaytics training
A1733,Cloudcomputngcourse,190.0,3567.0,249.26,20.0,7.0,0.057,1517.0,2024-11-26,Delhi,Desktop,data analitics online
A1734,dATAsCIENCEbOOTCAMP,134.0,4854.0,198.93,21.0,8.0,0.06,1101.0,2024-11-03,Mumbai,Desktop,analytics for data
A1735,Cloudcomputngcourse,144.0,4540.0,186.47,29.0,8.0,0.056,1437.0,2024-11-29,Chennai,Mobile,data analytics course
A1736,sqldATABSEtRAINING,117.0,4630.0,196.66,15.0,8.0,0.06837606837606838,1361.0,2024-11-17,New Delhi,Desktop,online data analytic
A1737,Cloudcomputngcourse,160.0,3448.0,210.38,19.0,7.0,0.044,1705.0,2024-11-14,Delhi,Desktop,data analytics course
A1738,AI_Mark3ting101,146.0,5297.0,198.89,30.0,8.0,0.055,2000.0,2024-11-02,Delhi,Desktop,data anaytics training
A1739,Sqldatabsetraining,175.0,3818.0,190.89,30.0,10.0,0.039,1088.0,2024-11-10,Mumbai,Tablet,data analitics online
A1740,BusinessAnlyticsClass1,122.0,4791.0,223.16,12.0,4.0,0.033,1246.0,2024-11-05,Bangalore,Tablet,learn data analytics
A1741,CloudComputngCours3,85.0,3713.0,225.74,23.0,5.0,0.047,1867.0,2024-11-24,Mumbai,Tablet,data analitics online
A1742,SQLDatabseTraining,167.0,3634.0,202.75,30.0,10.0,0.06,1503.0,2024-11-23,Mumbai,Desktop,data anaytics training
A1743,DataScienceB0otcamp,158.0,3025.0,180.5,24.0,9.0,0.056962025316455694,1725.0,2024-11-26,Bangalore,Tablet,data anaytics training
A1744,DeepLearnngPro_,176.0,5868.0,184.46,20.0,4.0,0.023,1229.0,2024-11-20,Bangalore,Desktop,data analytics course
A1745,CloudComputngCourse,111.0,3050.0,208.87,10.0,7.0,0.063,1774.0,2024-11-26,Delhi,Tablet,analytics for data
A1746,Datasciencebootcamp,186.0,5301.0,212.245,14.0,9.0,0.04838709677419355,1230.0,2024-11-17,Pune,Desktop,learn data analytics
A1747,SQLDatabs3Training,177.0,3042.0,239.64,26.0,4.0,0.023,1646.0,2024-11-20,Pune,Mobile,data analytics course
A1748,Cloudcomputngcourse,150.0,5272.0,239.06,13.0,9.0,0.06,1232.0,2024-11-01,Bangalore,Desktop,online data analytic
A1749,Python4Data,160.0,4279.0,191.56,22.0,10.0,0.039,1234.0,2024-11-12,Chennai,Mobile,data analytics course
A1750,SQLDatabseTraining,147.0,5659.0,188.07,22.0,4.0,0.045,1796.0,2024-11-25,Bangalore,Mobile,analytics for data
A1751,Cybersecurtyfundamentals,198.0,4816.0,224.96,21.0,4.0,0.042,1601.0,2024-11-05,Delhi,Mobile,online data analytic
A1752,DataSci3nceBootcamp,145.0,3874.0,217.93,10.0,10.0,0.069,1153.0,2024-11-30,Pune,Mobile,data anaytics training
A1753,pYTHON4dATA,94.0,5221.0,225.23,17.0,3.0,0.036,1209.0,2024-11-19,Chennai,Tablet,learn data analytics
A1754,AI_Marketing101,90.0,5859.0,187.29,17.0,5.0,0.056,1375.0,2024-11-16,Chennai,Mobile,analytics for data
A1755,SQLDatabs3Training,182.0,5055.0,232.64,26.0,8.0,0.036,1815.0,2024-11-10,Mumbai,Mobile,data anaytics training
A1756,Sqldatabsetraining,139.0,4373.0,199.32,16.0,5.0,0.048,1150.0,2024-11-02,Pune,Desktop,data anaytics training
A1757,pYTHON4dATA,139.0,4638.0,234.85,11.0,8.0,0.048,1398.0,2024-11-04,Pune,Desktop,data anaytics training
A1758,Pyth0n4Data,103.0,3547.0,232.35,11.0,8.0,0.078,1663.0,2024-11-26,Bangalore,Tablet,learn data analytics
A1759,SQLDatabs3Training,148.0,3128.0,197.02,27.0,9.0,0.061,1214.0,2024-11-12,New Delhi,Tablet,data anaytics training
A1760,BusinessAnlyticsClass_,151.0,5201.0,198.56,15.0,10.0,0.066,1716.0,2024-11-05,Bangalore,Tablet,data anaytics training
A1761,Busin3ssAnlyticsClass,148.0,5510.0,210.42,27.0,4.0,0.048,1352.0,2024-11-06,Pune,Mobile,learn data analytics
A1762,Cloudcomputngcourse,103.0,5628.0,195.6,24.0,8.0,0.034,1065.0,2024-11-09,Bangalore,Mobile,analytics for data
A1763,Datasciencebootcamp,115.0,5445.0,183.55,21.0,7.0,0.059,1721.0,2024-11-07,Pune,Tablet,data analytics course
A1764,CloudComputngCourse ,160.0,5936.0,239.87,29.0,4.0,0.025,1320.0,2024-11-24,Mumbai,Mobile,analytics for data
A1765,Python4Data,166.0,5808.0,194.79,14.0,8.0,0.048,1799.0,2024-11-14,Pune,Tablet,data anaytics training
A1766,D@taScienceBootcamp,187.0,3282.0,234.91,10.0,7.0,0.041,1525.0,2024-11-29,Pune,Mobile,online data analytic
A1767,DataScienceB0otcamp,172.0,3334.0,243.12,30.0,9.0,0.052,1472.5,2024-11-08,Delhi,Mobile,online data analytic
A1768,cLOUDcOMPUTNGcOURSE,172.0,5546.0,241.81,24.0,10.0,0.058,1681.0,2024-11-03,Bangalore,Desktop,learn data analytics
A1769,Webdevmastery,187.0,5734.0,187.44,10.0,8.0,0.043,1183.0,2024-11-23,Pune,Tablet,analytics for data
A1770,SQLDatabs3Training,196.0,4964.0,249.47,26.0,9.0,0.046,1996.0,2024-11-19,New Delhi,Mobile,learn data analytics
A1771,Cybersecurtyfundamentals,131.0,4774.0,240.53,24.0,7.0,0.053,1499.0,2024-11-09,Chennai,Tablet,data anaytics training
A1772,MachneLearningBasics,103.0,5244.0,205.9,22.0,7.0,0.032,1954.0,2024-11-16,Pune,Mobile,analytics for data
A1773,pYTHON4dATA,114.0,3064.0,196.01,23.0,6.0,0.053,1348.0,2024-11-30,Chennai,Mobile,learn data analytics
A1774,Businessanlyticsclass,116.0,3265.0,199.21,24.0,10.0,0.086,1006.0,2024-11-21,Mumbai,Mobile,learn data analytics
A1775,Python4D@ta,164.0,5351.0,217.9,10.0,9.0,0.055,1431.0,2024-11-12,Chennai,Tablet,online data analytic
A1776,cYBERsECURTYfUNDAMENTALS,160.0,5830.0,222.49,15.0,10.0,0.062,1270.0,2024-11-26,New Delhi,Mobile,online data analytic
A1777,SQLDatabseTraining1,112.0,4808.0,221.57,17.0,7.0,0.062,1186.0,2024-11-25,Delhi,Desktop,data analitics online
A1778,CloudComputngCourse,87.0,5506.0,188.77,11.0,5.0,0.05747126436781609,1774.0,2024-11-22,Mumbai,Mobile,learn data analytics
A1779,sqldATABSEtRAINING,141.0,4798.0,198.45,20.0,10.0,0.0465,1937.0,2024-11-14,Pune,Mobile,data anaytics training
A1780,Cyb3rSecurtyFundamentals,139.0,5763.0,214.49,15.0,5.0,0.045,1781.0,2024-11-01,Pune,Desktop,data analitics online
A1781,Machnelearningbasics,193.0,3271.0,187.76,30.0,9.0,0.053,1209.0,2024-11-13,Bangalore,Tablet,online data analytic
A1782,Pyth0n4Data,151.0,4402.0,248.65,21.0,4.0,0.026490066225165563,1722.0,2024-11-19,Mumbai,Desktop,data analitics online
A1783,AI_M@rketing101,90.0,4281.0,216.36,24.0,4.0,0.044444444444444446,1768.0,2024-11-04,Pune,Mobile,learn data analytics
A1784,SQLD@tabseTraining,169.0,4480.0,214.97000000000003,11.0,10.0,0.059,1769.0,2024-11-28,Chennai,Tablet,online data analytic
A1785,DeepLearnngPro ,197.0,4373.0,218.3,18.0,9.0,0.059,1988.0,2024-11-14,Chennai,Desktop,learn data analytics
A1786,wEBdEVmASTERY,132.0,4532.0,219.44,17.0,3.0,0.055,1949.0,2024-11-24,Chennai,Desktop,learn data analytics
A1787,Python4data,96.0,5503.0,243.51,11.0,6.0,0.062,1687.0,2024-11-02,Pune,Desktop,data analitics online
A1788,dEEPlEARNNGpRO,160.0,4154.0,230.16,15.0,6.0,0.0375,1667.0,2024-11-16,Mumbai,Mobile,online data analytic
A1789,Python4Data,162.0,5161.0,240.72,16.0,7.0,0.043209876543209874,1649.0,2024-11-15,New Delhi,Tablet,learn data analytics
A1790,wEBdEVmASTERY,171.0,5517.0,233.86,23.0,5.0,0.029,1349.0,2024-11-24,New Delhi,Tablet,data analytics course
A1791,cLOUDcOMPUTNGcOURSE,110.0,4161.0,204.28,16.0,10.0,0.09090909090909091,1447.0,2024-11-14,Bangalore,Mobile,data analitics online
A1792,Machn3LearningBasics,103.0,5332.0,243.72,16.0,3.0,0.029,1882.0,2024-11-28,New Delhi,Desktop,online data analytic
A1793,wEBdEVmASTERY,167.0,3620.0,243.81,24.0,8.0,0.053,1001.0,2024-11-05,Mumbai,Desktop,data analytics course
A1794,Machn3LearningBasics,132.0,4117.0,239.04,28.0,3.0,0.023,1761.0,2024-11-07,Delhi,Mobile,analytics for data
A1795,dATAsCIENCEbOOTCAMP,145.0,5400.0,219.89,29.0,3.0,0.020689655172413793,1152.0,2024-11-20,Chennai,Tablet,data analytics course
A1796,Ai_marketing101,140.0,5220.0,183.39,25.0,8.0,0.057,1918.0,2024-11-11,Pune,Desktop,learn data analytics
A1797,Python4Data,122.0,4408.0,217.66,25.0,10.0,0.053,1799.0,2024-11-26,Chennai,Tablet,data analitics online
A1798,CloudComputngCourse,87.0,4081.0,180.63,20.0,4.0,0.046,1665.0,2024-11-08,Chennai,Tablet,data analitics online
A1799,CloudComputngCourse,141.0,4239.0,199.82,15.0,5.0,0.035,1639.0,2024-11-27,Mumbai,Mobile,data anaytics training
A1800,DataSci3nceBootcamp,157.0,3367.0,248.9,20.5,8.0,0.051,1470.0,2024-11-30,Delhi,Tablet,data anaytics training
A1801,CloudComputngCours3,95.0,5721.0,208.53,16.0,6.0,0.063,1863.0,2024-11-05,Mumbai,Mobile,data analytics course
A1802,Webdevmastery,160.0,5166.0,210.21,20.0,7.0,0.044,1850.0,2024-11-21,Mumbai,Desktop,data analytics course
A1803,Pyth0n4Data,133.0,5430.0,217.34,16.0,6.0,0.045,1199.0,2024-11-14,Chennai,Mobile,data analitics online
A1804,WebDevM@stery,154.0,3452.0,215.61,21.0,7.0,0.058,1631.0,2024-11-02,Chennai,Mobile,analytics for data
A1805,Busin3ssAnlyticsClass,188.0,4382.5,220.11,13.0,4.0,0.021,1262.0,2024-11-29,Mumbai,Tablet,data analitics online
A1806,Python4data,186.0,5073.0,233.58,15.0,4.0,0.021505376344086023,1965.0,2024-11-04,New Delhi,Tablet,online data analytic
A1807,M@chneLearningBasics,101.0,5757.0,249.33,25.0,9.0,0.035,1129.0,2024-11-01,Pune,Mobile,learn data analytics
A1808,DeepLe@rnngPro,150.0,3323.0,227.55,14.0,4.0,0.027,1931.0,2024-11-18,Bangalore,Mobile,data analytics course
A1809,dATAsCIENCEbOOTCAMP,127.0,5417.0,229.06,26.0,8.0,0.063,1086.0,2024-11-21,Chennai,Tablet,learn data analytics
A1810,Ai_marketing101,117.0,5445.0,213.9,10.0,5.0,0.043,1804.0,2024-11-19,Chennai,Desktop,data analytics course
A1811,wEBdEVmASTERY,152.0,5173.0,230.47,15.0,5.0,0.036,1779.0,2024-11-26,Mumbai,Desktop,learn data analytics
A1812,Cloudcomputngcourse,87.0,3643.0,220.76,27.0,7.0,0.08045977011494253,1393.0,2024-11-03,New Delhi,Desktop,data analitics online
A1813,BusinessAnlyticsCl@ss,181.0,3863.0,180.12,17.0,7.0,0.035,1892.0,2024-11-28,Chennai,Desktop,data analytics course
A1814,BusinessAnlyticsClass,147.0,3661.0,191.67,17.0,4.0,0.027,1488.5,2024-11-24,Mumbai,Desktop,online data analytic
A1815,mACHNElEARNINGbASICS,173.0,5463.0,232.38,17.0,5.0,0.029,1568.0,2024-11-26,Mumbai,Desktop,analytics for data
A1816,BusinessAnlyticsClass ,123.0,3459.0,211.88,21.0,4.0,0.033,1223.0,2024-11-24,Mumbai,Tablet,learn data analytics
A1817,MachneLearningBasics1,162.0,3906.0,237.24,13.0,5.0,0.033,1062.0,2024-11-10,New Delhi,Desktop,data anaytics training
A1818,WebDevM@stery,135.0,4645.0,182.94,12.0,6.0,0.046,1927.0,2024-11-30,Mumbai,Desktop,online data analytic
A1819,Businessanlyticsclass,169.0,3317.0,232.35,29.0,3.0,0.049,1988.0,2024-11-24,Mumbai,Mobile,data anaytics training
A1820,SQLDatabs3Training,120.0,3235.0,220.67,11.0,4.0,0.03333333333333333,1890.0,2024-11-17,Chennai,Mobile,learn data analytics
A1821,wEBdEVmASTERY,141.0,4823.0,234.73,30.0,5.0,0.0465,1361.0,2024-11-25,Pune,Mobile,data anaytics training
A1822,Python4Data,167.0,4403.0,189.36,25.0,4.0,0.03,1572.0,2024-11-06,Chennai,Desktop,learn data analytics
A1823,Machn3LearningBasics,101.0,3530.0,184.83,22.0,5.0,0.04950495049504951,1802.0,2024-11-13,Bangalore,Mobile,learn data analytics
A1824,BusinessAnlyticsCl@ss,129.0,4679.0,239.21,19.0,3.0,0.023,1215.0,2024-11-04,Bangalore,Mobile,data analitics online
A1825,wEBdEVmASTERY,153.0,5396.0,233.79,13.0,8.0,0.05228758169934641,1571.0,2024-11-01,New Delhi,Mobile,data anaytics training
A1826,mACHNElEARNINGbASICS,141.0,3976.0,248.65,16.0,4.0,0.0465,1160.0,2024-11-15,Pune,Mobile,data anaytics training
A1827,bUSINESSaNLYTICScLASS,108.0,5545.0,209.82,11.0,8.0,0.074,1491.0,2024-11-08,New Delhi,Mobile,analytics for data
A1828,Sqldatabsetraining,85.0,4772.0,211.62,15.0,10.0,0.09122252747252749,1669.0,2024-11-19,Mumbai,Mobile,learn data analytics
A1829,ai_mARKETING101,109.0,4941.0,242.54,18.0,9.0,0.083,1278.0,2024-11-11,Chennai,Desktop,data anaytics training
A1830,SQLDatabseTraining ,119.0,4369.0,216.29,16.0,4.0,0.03361344537815126,1538.5,2024-11-22,Delhi,Tablet,learn data analytics
A1831,BusinessAnlyticsClass,143.0,5526.0,185.94,15.0,8.0,0.056,1712.0,2024-11-25,Chennai,Desktop,analytics for data
A1832,DeepLearnngPr0,161.0,5302.0,184.29,13.0,8.0,0.036,1703.0,2024-11-30,Chennai,Tablet,learn data analytics
A1833,DeepLe@rnngPro,146.0,4424.0,196.88,20.0,3.0,0.021,1757.0,2024-11-30,Pune,Tablet,online data analytic
A1834,Python4Data ,82.0,5971.0,235.52,14.0,8.0,0.09122252747252749,1568.0,2024-11-06,Mumbai,Mobile,learn data analytics
A1835,cLOUDcOMPUTNGcOURSE,88.0,3733.0,244.35,12.0,8.0,0.091,1622.0,2024-11-27,Mumbai,Mobile,online data analytic
A1836,DeepLearnngPro1,127.0,4403.0,244.3,15.0,7.0,0.055,1832.0,2024-11-22,Delhi,Tablet,data analytics course
A1837,sqldATABSEtRAINING,179.0,5118.0,189.59,15.0,6.0,0.034,1892.0,2024-11-28,Mumbai,Tablet,data analytics course
A1838,Deeplearnngpro,199.0,4407.0,240.05,21.0,9.0,0.045,1054.0,2024-11-13,Pune,Desktop,data analitics online
A1839,Busin3ssAnlyticsClass,191.0,3190.0,211.1,10.0,7.0,0.037,1499.0,2024-11-22,Chennai,Tablet,learn data analytics
A1840,DeepLearnngPro1,99.0,4880.0,245.13,25.0,8.0,0.08080808080808081,1236.0,2024-11-19,Pune,Tablet,data analytics course
A1841,sqldATABSEtRAINING,122.0,5774.0,224.4,23.0,10.0,0.08196721311475409,1330.0,2024-11-14,Pune,Mobile,learn data analytics
A1842,AI_M@rketing101,178.0,4103.0,207.23,17.0,8.0,0.045,1612.0,2024-11-15,Mumbai,Mobile,analytics for data
A1843,SQLDatabseTraining ,157.0,4414.0,240.57,17.0,9.0,0.057,1483.0,2024-11-27,Chennai,Desktop,learn data analytics
A1844,pYTHON4dATA,199.0,5319.0,216.7,25.0,9.0,0.045,1488.5,2024-11-01,Mumbai,Desktop,online data analytic
A1845,BusinessAnlyticsClass,192.0,3320.0,208.09,17.0,3.0,0.016,1169.0,2024-11-18,Mumbai,Mobile,data anaytics training
A1846,dEEPlEARNNGpRO,144.0,4146.0,246.1,18.0,10.0,0.069,1074.0,2024-11-15,Pune,Desktop,analytics for data
A1847,DeepLearnngPro_,147.0,4720.0,227.6,23.0,8.0,0.05442176870748299,1907.0,2024-11-05,Delhi,Tablet,online data analytic
A1848,Python4Data,121.0,3557.0,237.03,16.0,7.0,0.05785123966942149,1255.0,2024-11-25,Delhi,Mobile,data analitics online
A1849,wEBdEVmASTERY,193.0,5899.0,227.24,12.0,9.0,0.042,1832.0,2024-11-02,Delhi,Desktop,analytics for data
A1850,Python4D@ta,170.0,4968.0,216.78,21.0,5.0,0.045,1997.0,2024-11-24,Pune,Tablet,data analytics course
A1851,AI_M@rketing101,198.0,5934.0,199.61,14.0,6.0,0.03,1491.0,2024-11-13,Bangalore,Tablet,learn data analytics
A1852,WebDevM@stery,133.0,4078.0,189.42,21.0,6.0,0.045,1969.0,2024-11-21,Chennai,Desktop,data analitics online
A1853,AI_Marketing101,82.0,4163.0,208.08,30.0,8.0,0.09122252747252749,1297.0,2024-11-04,Chennai,Mobile,data analytics course
A1854,CyberSecurtyFundamentals,90.0,4330.0,249.24,20.0,4.0,0.044,1618.0,2024-11-15,Chennai,Tablet,data anaytics training
A1855,AI_Marketing1011,122.0,5882.0,189.76,25.0,7.0,0.057,1357.0,2024-11-25,Bangalore,Tablet,analytics for data
A1856,sqldATABSEtRAINING,105.0,5645.0,218.24,17.0,6.0,0.05714285714285714,1420.0,2024-11-02,Delhi,Mobile,online data analytic
A1857,Deeplearnngpro,179.0,3848.0,213.26,12.0,5.0,0.027932960893854747,1807.0,2024-11-29,Pune,Desktop,data analytics course
A1858,WebDevM@stery,91.0,5609.0,228.27,12.0,10.0,0.09122252747252749,1098.0,2024-11-11,Delhi,Desktop,analytics for data
A1859,Machn3LearningBasics,168.0,4390.0,195.52,22.0,10.0,0.06,1553.0,2024-11-04,Delhi,Desktop,data analytics course
A1860,pYTHON4dATA,162.0,4774.0,210.8,20.0,7.0,0.043,1387.0,2024-11-29,New Delhi,Tablet,analytics for data
A1861,CyberSecurtyFund@mentals,130.0,5787.0,218.79,13.0,10.0,0.077,1679.0,2024-11-09,Chennai,Mobile,online data analytic
A1862,BusinessAnlyticsClass,97.0,5192.0,184.79,13.0,10.0,0.09122252747252749,1382.0,2024-11-05,Mumbai,Mobile,learn data analytics
A1863,MachneLearningBasics,142.0,4223.0,222.28,27.0,5.0,0.038,1506.0,2024-11-07,Chennai,Desktop,learn data analytics
A1864,CyberSecurtyFundamentals ,138.0,3146.0,197.89,22.0,7.0,0.050724637681159424,1440.0,2024-11-08,New Delhi,Desktop,learn data analytics
A1865,MachneLearningBasics_,186.0,3988.0,237.69,15.0,5.0,0.027,1603.0,2024-11-14,New Delhi,Tablet,data analytics course
A1866,cYBERsECURTYfUNDAMENTALS,170.0,3437.0,232.08,23.0,5.0,0.029,1405.0,2024-11-29,Chennai,Mobile,learn data analytics
A1867,D3epLearnngPro,85.0,3718.0,224.14,21.0,6.0,0.071,1938.0,2024-11-04,Chennai,Desktop,online data analytic
A1868,Cyb3rSecurtyFundamentals,115.0,5343.0,239.92,20.0,8.0,0.06956521739130435,1381.0,2024-11-15,Pune,Desktop,learn data analytics
A1869,Cyb3rSecurtyFundamentals,167.0,5170.0,241.21,24.0,4.0,0.038,1515.0,2024-11-21,Pune,Mobile,data analytics course
A1870,pYTHON4dATA,113.0,5916.0,234.58,18.0,5.0,0.044,1165.0,2024-11-12,Delhi,Mobile,data analytics course
A1871,MachneLearningBasics,175.0,4958.0,245.96,22.0,10.0,0.05714285714285714,1777.0,2024-11-21,Bangalore,Mobile,online data analytic
A1872,CloudComputngCourse,112.0,5538.0,225.66,22.0,4.0,0.041,1532.0,2024-11-22,Chennai,Desktop,online data analytic
A1873,AI_Marketing101,194.0,5309.0,191.4,19.0,10.0,0.046,1764.0,2024-11-13,Mumbai,Desktop,data anaytics training
A1874,DataScienceBootcamp ,150.0,4539.0,244.4,18.0,6.0,0.047058823529411764,1638.0,2024-11-28,Delhi,Mobile,analytics for data
A1875,WebDevM@stery,82.0,4622.0,203.99,17.0,9.0,0.09122252747252749,1375.0,2024-11-12,Chennai,Mobile,online data analytic
A1876,DeepLearnngPr0,143.0,3355.0,193.57,26.0,9.0,0.047,1961.0,2024-11-11,Mumbai,Mobile,learn data analytics
A1877,Datasciencebootcamp,179.0,4992.0,221.48,27.0,10.0,0.037,1062.0,2024-11-06,Bangalore,Tablet,learn data analytics
A1878,DeepLearnngPro1,93.0,3015.0,232.01,21.0,4.0,0.043,1770.0,2024-11-26,Bangalore,Mobile,learn data analytics
A1879,Cl0udComputngCourse,152.0,4662.0,249.13,24.0,7.0,0.046,1951.0,2024-11-11,Bangalore,Desktop,online data analytic
A1880,Cl0udComputngCourse,81.0,3766.0,213.12,27.0,7.0,0.086,1183.0,2024-11-27,Mumbai,Desktop,online data analytic
A1881,BusinessAnlyticsClass1,130.0,5774.0,241.97,11.0,7.0,0.044,1708.0,2024-11-20,Chennai,Desktop,data analytics course
A1882,DeepLearnngPr0,110.0,4542.0,227.95,20.0,4.0,0.036,1423.0,2024-11-11,Mumbai,Desktop,data anaytics training
A1883,DeepLe@rnngPro,122.0,5179.0,217.04000000000002,11.0,4.0,0.033,1507.0,2024-11-18,Pune,Tablet,analytics for data
A1884,WebDevMastery ,113.0,5265.0,184.21,27.0,5.0,0.044,1353.0,2024-11-20,Bangalore,Tablet,data analitics online
A1885,Machnelearningbasics,140.0,5297.0,223.9,28.0,6.0,0.043,1630.0,2024-11-21,Bangalore,Mobile,data analytics course
A1886,WebDevMastery1,170.0,3347.0,248.44,27.0,3.0,0.01764705882352941,1719.0,2024-11-20,Delhi,Desktop,learn data analytics
A1887,M@chneLearningBasics,176.0,5960.0,245.33,19.0,8.0,0.045,1761.0,2024-11-25,Bangalore,Tablet,analytics for data
A1888,Cloudcomputngcourse,149.0,5143.0,246.3,19.0,5.0,0.05,1346.0,2024-11-05,New Delhi,Mobile,data anaytics training
A1889,Cl0udComputngCourse,195.0,5265.0,242.0,10.0,4.0,0.054,1699.0,2024-11-08,Pune,Tablet,online data analytic
A1890,W3bDevMastery,162.0,4396.0,183.96,18.0,4.0,0.043,1054.0,2024-11-18,Pune,Tablet,data analitics online
A1891,DeepLearnngPro_,138.0,4381.0,191.55,28.0,7.0,0.050724637681159424,1756.0,2024-11-01,Bangalore,Tablet,data anaytics training
A1892,SQLDatabseTraining,177.0,3965.0,225.82,15.0,4.0,0.023,1530.0,2024-11-22,Chennai,Mobile,online data analytic
A1893,AI_Marketing101,159.0,3366.0,217.27,21.0,7.0,0.044,1515.0,2024-11-17,Mumbai,Tablet,online data analytic
A1894,Python4D@ta,111.0,4026.0,229.01,13.0,3.0,0.02702702702702703,1438.0,2024-11-01,Pune,Desktop,learn data analytics
A1895,Cloudcomputngcourse,184.0,5560.0,189.14,14.0,6.0,0.03260869565217391,1250.0,2024-11-17,New Delhi,Tablet,data analitics online
A1896,BusinessAnlyticsClass ,128.0,4500.0,188.21,10.0,3.0,0.0234375,1087.0,2024-11-14,Mumbai,Desktop,online data analytic
A1897,SQLDatabseTraining,164.0,3851.0,219.15,22.0,6.0,0.049,1487.0,2024-11-09,Chennai,Mobile,learn data analytics
A1898,MachneLearningBasics1,120.0,3464.0,228.3,19.0,4.0,0.058,1426.0,2024-11-22,Delhi,Tablet,online data analytic
A1899,SQLDatabs3Training,89.0,3248.0,239.42,10.0,4.0,0.0449438202247191,1497.0,2024-11-11,Mumbai,Mobile,learn data analytics
A1900,Cl0udComputngCourse,91.0,3721.0,231.45,24.0,6.0,0.06,1494.0,2024-11-14,Pune,Tablet,online data analytic
A1901,Machnelearningbasics,143.0,4143.0,191.68,20.0,5.0,0.035,1460.0,2024-11-30,Pune,Tablet,analytics for data
A1902,CyberSecurtyFundamentals_,176.0,5768.0,238.94,14.0,8.0,0.045,1016.0,2024-11-02,Pune,Tablet,data analitics online
A1903,Cloudcomputngcourse,151.0,4408.0,214.29,20.0,5.0,0.033,1900.0,2024-11-21,Mumbai,Desktop,data analytics course
A1904,DataScienceB0otcamp,134.0,3623.0,221.65,19.0,5.0,0.047,1937.0,2024-11-24,Chennai,Desktop,data analitics online
A1905,MachneLearningBasics_,191.0,3057.0,223.28,27.0,6.0,0.031,1208.0,2024-11-03,Delhi,Desktop,data analitics online
A1906,WebDevMastery_,170.0,3144.0,213.5,21.0,3.0,0.031,1695.0,2024-11-05,Mumbai,Desktop,data analitics online
A1907,BusinessAnlyticsClass,112.0,3989.0,228.74,10.0,8.0,0.07142857142857142,1812.0,2024-11-13,Delhi,Mobile,analytics for data
A1908,WebDevM@stery,169.0,3619.0,246.66,28.0,3.0,0.018,1354.0,2024-11-25,Mumbai,Desktop,online data analytic
A1909,SQLDatabs3Training,172.0,4696.0,242.17,26.0,3.0,0.017,1719.0,2024-11-06,Mumbai,Desktop,data analytics course
A1910,Businessanlyticsclass,162.0,5684.0,219.08,30.0,7.0,0.043209876543209874,1295.0,2024-11-26,Mumbai,Desktop,data analytics course
A1911,SQLD@tabseTraining,183.0,4197.0,243.19,29.0,8.0,0.04371584699453552,1593.0,2024-11-09,Pune,Mobile,data anaytics training
A1912,Datasciencebootcamp,108.0,5949.0,184.25,23.0,8.0,0.074,1986.0,2024-11-23,Bangalore,Desktop,data anaytics training
A1913,bUSINESSaNLYTICScLASS,126.0,3784.0,218.27999999999997,24.0,5.0,0.03968253968253968,1951.0,2024-11-28,Chennai,Mobile,analytics for data
A1914,AI_Mark3ting101,174.0,3570.0,222.65,25.0,3.0,0.017,1499.0,2024-11-19,Chennai,Tablet,learn data analytics
A1915,Sqldatabsetraining,122.0,4632.0,236.57,13.0,6.0,0.04918032786885246,1001.0,2024-11-15,Pune,Desktop,data analytics course
A1916,SQLD@tabseTraining,191.0,3457.0,237.6,19.5,10.0,0.052,1532.0,2024-11-05,Chennai,Desktop,data analytics course
A1917,CloudComputngCourse,122.0,4525.0,202.89,23.0,8.0,0.034,1499.0,2024-11-22,Chennai,Tablet,data anaytics training
A1918,W3bDevMastery,175.0,4850.0,186.25,28.0,10.0,0.057,1978.0,2024-11-18,Chennai,Desktop,analytics for data
A1919,BusinessAnlyticsClass ,123.0,4938.0,180.64,24.0,9.0,0.073,1746.0,2024-11-21,Chennai,Tablet,data analytics course
A1920,Pyth0n4Data,135.0,5748.0,239.22,20.0,7.0,0.051,1222.0,2024-11-21,Pune,Tablet,analytics for data
A1921,MachneLearningBasics1,135.0,4622.0,187.85,24.0,5.0,0.046,1998.0,2024-11-11,Chennai,Tablet,analytics for data
A1922,MachneLearningBasics_,90.0,5596.0,188.04,12.0,4.0,0.044,1464.0,2024-11-17,Pune,Mobile,online data analytic
A1923,D@taScienceBootcamp,136.0,5308.0,234.1,27.0,8.0,0.047,1150.0,2024-11-16,Pune,Tablet,analytics for data
A1924,wEBdEVmASTERY,89.0,3069.0,205.37,19.0,6.0,0.06741573033707865,1518.0,2024-11-28,Pune,Desktop,data analitics online
A1925,Datasciencebootcamp,253.5,4221.0,180.83,24.0,10.0,0.033,1082.0,2024-11-13,Bangalore,Tablet,learn data analytics
A1926,AI_Marketing101_,148.0,4514.0,203.54,23.0,3.0,0.047,1622.0,2024-11-05,Pune,Desktop,data analitics online
A1927,AI_Marketing101,96.0,3468.0,228.41,16.0,9.0,0.09122252747252749,1035.0,2024-11-04,Delhi,Desktop,learn data analytics
A1928,CloudComputngCours3,126.0,3613.0,208.74,18.0,7.0,0.05555555555555555,1106.0,2024-11-06,New Delhi,Desktop,learn data analytics
A1929,DeepLearnngPro1,115.0,3234.0,227.77,30.0,3.0,0.026,1272.0,2024-11-13,Chennai,Tablet,learn data analytics
A1930,Ai_marketing101,135.0,5436.0,245.86,28.0,9.0,0.067,1453.0,2024-11-03,New Delhi,Desktop,data analitics online
A1931,CloudComputngCours3,158.0,4519.0,191.84,26.0,4.0,0.025,1510.0,2024-11-29,Bangalore,Desktop,data analitics online
A1932,CloudComputngCourse,80.0,3777.0,199.52,12.0,7.0,0.0875,1694.0,2024-11-22,New Delhi,Desktop,learn data analytics
A1933,CloudComputngCourse_,190.0,3461.0,205.22,28.0,10.0,0.05263157894736842,1616.0,2024-11-25,Chennai,Mobile,online data analytic
A1934,CyberSecurtyFundamentals ,135.0,4575.0,241.92,10.0,5.0,0.037037037037037035,1553.0,2024-11-22,Chennai,Desktop,data analytics course
A1935,AI_Marketing101_,149.0,3471.0,242.14,23.0,4.0,0.027,1937.0,2024-11-19,Bangalore,Desktop,data anaytics training
A1936,Cloudcomputngcourse,164.0,3115.0,232.62,10.0,6.0,0.043,1802.0,2024-11-04,New Delhi,Tablet,data analitics online
A1937,Businessanlyticsclass,132.0,5428.0,180.73,10.0,7.0,0.039,1732.0,2024-11-16,Bangalore,Desktop,data analytics course
A1938,DataScienceBootcamp_,198.0,4499.0,245.24,27.0,7.0,0.035,1165.0,2024-11-01,Chennai,Tablet,online data analytic
A1939,Datasciencebootcamp,153.0,3285.0,226.26,12.0,7.0,0.046,1838.0,2024-11-21,Pune,Desktop,online data analytic
A1940,pYTHON4dATA,142.0,3431.0,235.09,19.0,7.0,0.048,1334.0,2024-11-08,Pune,Desktop,data analitics online
A1941,Python4data,91.0,4600.0,194.14,19.0,7.0,0.077,1255.0,2024-11-19,Chennai,Mobile,data analitics online
A1942,WebDevM@stery,154.0,4804.0,190.98,21.0,3.0,0.019,1521.0,2024-11-23,Mumbai,Desktop,data anaytics training
A1943,SQLDatabseTraining_,115.0,5472.0,230.29,26.0,4.0,0.034782608695652174,1275.0,2024-11-07,Chennai,Mobile,learn data analytics
A1944,dEEPlEARNNGpRO,86.0,5493.0,191.28,18.0,9.0,0.09122252747252749,1204.0,2024-11-20,Pune,Tablet,data analytics course
A1945,AI_Marketing1011,116.0,3188.0,238.62,15.0,10.0,0.086,1429.0,2024-11-14,Chennai,Tablet,online data analytic
A1946,mACHNElEARNINGbASICS,144.0,3579.0,237.97,21.0,10.0,0.069,1155.0,2024-11-02,Bangalore,Desktop,data analytics course
A1947,DeepLe@rnngPro,101.0,4198.0,204.09,30.0,10.0,0.09122252747252749,1642.0,2024-11-21,Delhi,Desktop,data anaytics training
A1948,CyberSecurtyFundamentals1,116.0,4224.0,245.99,10.0,5.0,0.04310344827586207,1054.0,2024-11-05,Chennai,Tablet,data analitics online
A1949,sqldATABSEtRAINING,187.0,3199.0,193.29,24.0,6.0,0.032,1430.0,2024-11-20,Delhi,Tablet,online data analytic
A1950,bUSINESSaNLYTICScLASS,114.0,4333.0,192.81,26.0,6.0,0.053,1722.0,2024-11-08,Pune,Tablet,data anaytics training
A1951,Machn3LearningBasics,141.0,3617.0,198.52,20.0,9.0,0.06382978723404255,1858.0,2024-11-21,Delhi,Desktop,data analytics course
A1952,Python4Data,167.0,5588.0,181.95,18.0,9.0,0.035,1499.0,2024-11-23,Chennai,Tablet,data anaytics training
A1953,BusinessAnlyticsClass,186.0,4689.0,204.31,26.0,6.0,0.032,1936.0,2024-11-21,Pune,Desktop,data analitics online
A1954,Busin3ssAnlyticsClass,142.0,4846.0,206.4,21.0,7.0,0.045,1526.0,2024-11-28,Chennai,Mobile,data analitics online
A1955,DataScienceBootcamp_,136.0,3441.0,236.21,26.0,9.0,0.0661764705882353,1461.0,2024-11-15,Pune,Desktop,learn data analytics
A1956,DataSci3nceBootcamp,185.0,3719.0,245.91,17.0,9.0,0.049,1218.0,2024-11-09,Pune,Mobile,online data analytic
A1957,pYTHON4dATA,162.0,3337.0,200.94,11.0,9.0,0.056,1820.0,2024-11-16,Delhi,Mobile,data analytics course
A1958,AI_Marketing101 ,91.0,3694.0,234.02,23.0,5.0,0.055,1488.5,2024-11-24,Mumbai,Desktop,online data analytic
A1959,SQLDatabs3Training,109.0,5641.0,224.36,30.0,4.0,0.037,1531.0,2024-11-13,Mumbai,Tablet,analytics for data
A1960,Machnelearningbasics,88.0,3992.0,195.38,14.0,4.0,0.045454545454545456,1228.0,2024-11-15,Bangalore,Desktop,data analytics course
A1961,cYBERsECURTYfUNDAMENTALS,189.0,3411.0,205.26,28.0,7.0,0.037037037037037035,1147.0,2024-11-27,Delhi,Desktop,analytics for data
A1962,BusinessAnlyticsClass,154.0,3099.0,218.7,30.0,6.0,0.039,1366.0,2024-11-10,New Delhi,Desktop,data analitics online
A1963,Machn3LearningBasics,106.0,3017.0,242.71,24.0,5.0,0.03,1701.0,2024-11-04,Chennai,Mobile,learn data analytics
A1964,Cyb3rSecurtyFundamentals,134.0,4408.0,202.32,17.0,5.0,0.057,1963.0,2024-11-23,Chennai,Tablet,data anaytics training
A1965,CloudComputngCours3,84.0,5662.0,228.62,25.0,9.0,0.09122252747252749,1988.0,2024-11-26,Mumbai,Desktop,analytics for data
A1966,mACHNElEARNINGbASICS,190.0,4476.0,198.18,12.0,4.0,0.021052631578947368,1002.0,2024-11-07,Bangalore,Desktop,data analitics online
A1967,SQLDatabseTraining,156.0,4771.0,199.3,26.0,8.0,0.051,1823.0,2024-11-04,Delhi,Tablet,data analitics online
A1968,Cyb3rSecurtyFundamentals,135.5,5510.0,198.92,23.0,9.0,0.046,1063.0,2024-11-14,Mumbai,Desktop,data analytics course
A1969,Python4Data_,170.0,4786.0,202.62,27.0,6.0,0.04,1372.0,2024-11-04,Chennai,Mobile,data anaytics training
A1970,bUSINESSaNLYTICScLASS,86.0,3964.0,193.15,26.0,5.0,0.045,1639.0,2024-11-23,Bangalore,Desktop,learn data analytics
A1971,BusinessAnlyticsClass1,143.0,5317.0,236.37,10.0,3.0,0.02097902097902098,1861.0,2024-11-16,Delhi,Tablet,data analitics online
A1972,D3epLearnngPro,84.0,3454.0,206.8,23.0,3.0,0.036,1573.0,2024-11-17,New Delhi,Desktop,learn data analytics
A1973,DeepLearnngPr0,145.0,3804.0,236.92,29.0,8.0,0.05517241379310345,1328.0,2024-11-23,Pune,Tablet,data analytics course
A1974,Webdevmastery,126.0,4670.0,234.65,25.0,8.0,0.06349206349206349,1470.0,2024-11-23,Chennai,Desktop,online data analytic
A1975,WebDevMastery ,156.0,3273.0,189.36,14.0,6.0,0.038,1860.0,2024-11-15,Pune,Mobile,data analitics online
A1976,CyberSecurtyFund@mentals,124.0,4236.0,182.02,20.0,9.0,0.073,1979.0,2024-11-22,Bangalore,Desktop,data anaytics training
A1977,CyberSecurtyFund@mentals,197.0,5866.0,217.81,28.0,7.0,0.036,1331.0,2024-11-18,Mumbai,Mobile,learn data analytics
A1978,SQLDatabseTraining,106.0,3102.0,214.56,12.0,6.5,0.0465,1881.0,2024-11-25,Pune,Mobile,learn data analytics
A1979,Sqldatabsetraining,129.0,4856.0,230.13,23.0,7.0,0.054,1720.0,2024-11-25,Chennai,Tablet,learn data analytics
A1980,BusinessAnlyticsClass,93.0,4054.0,244.73,11.0,8.0,0.086,1066.0,2024-11-24,Delhi,Desktop,online data analytic
A1981,Machnelearningbasics,96.0,4074.0,219.66,16.0,8.0,0.083,1491.0,2024-11-07,Bangalore,Tablet,data analitics online
A1982,cYBERsECURTYfUNDAMENTALS,135.0,4430.0,196.18,12.0,9.0,0.067,1374.0,2024-11-08,Chennai,Mobile,analytics for data
A1983,wEBdEVmASTERY,138.0,5356.0,204.86,15.0,9.0,0.065,1268.0,2024-11-22,Delhi,Mobile,online data analytic
A1984,pYTHON4dATA,92.0,4898.0,247.49,19.0,7.0,0.047,1969.0,2024-11-07,Chennai,Desktop,data anaytics training
A1985,M@chneLearningBasics,151.0,5301.0,232.06,13.0,9.0,0.06,1893.0,2024-11-05,Chennai,Mobile,data analitics online
A1986,CyberSecurtyFundamentals ,189.0,3031.0,209.84,25.0,6.0,0.032,1936.0,2024-11-26,New Delhi,Tablet,online data analytic
A1987,CyberSecurtyFundamentals,97.0,3410.0,180.52,24.0,6.0,0.046,1532.0,2024-11-07,Chennai,Tablet,analytics for data
A1988,dATAsCIENCEbOOTCAMP,178.0,4745.0,200.61,12.0,9.0,0.051,1574.0,2024-11-18,Pune,Desktop,learn data analytics
A1989,Cl0udComputngCourse,164.0,3024.0,192.34,12.0,8.0,0.049,1997.0,2024-11-07,Mumbai,Desktop,data analytics course
A1990,AI_Mark3ting101,94.0,5435.0,231.42,21.0,5.0,0.056,1114.0,2024-11-03,Pune,Desktop,data analitics online
A1991,sqldATABSEtRAINING,176.0,3021.0,204.53,29.0,7.0,0.03,1620.0,2024-11-13,Bangalore,Tablet,online data analytic
A1992,DeepLearnngPro_,165.0,5335.0,192.53,23.0,5.0,0.03,1402.0,2024-11-12,Bangalore,Mobile,data anaytics training
A1993,Pyth0n4Data,188.0,4081.0,237.05,18.0,8.0,0.05,1846.0,2024-11-06,Delhi,Tablet,data analytics course
A1994,BusinessAnlyticsClass1,87.0,4840.0,205.72,16.0,6.0,0.06896551724137931,1040.0,2024-11-09,New Delhi,Desktop,online data analytic
A1995,Machn3LearningBasics,106.0,4738.0,196.7,17.0,4.0,0.038,1515.0,2024-11-29,Chennai,Tablet,data anaytics training
A1996,mACHNElEARNINGbASICS,198.0,4181.0,218.4,10.0,8.0,0.04,1298.0,2024-11-17,Pune,Mobile,data anaytics training
A1997,Machnelearningbasics,121.0,5813.0,202.92,25.0,6.0,0.05,1226.0,2024-11-14,Mumbai,Tablet,data analitics online
A1998,DeepLe@rnngPro,120.0,4303.0,202.8,21.0,4.0,0.033,1033.0,2024-11-26,Chennai,Tablet,online data analytic
A1999,Businessanlyticsclass,189.0,5201.0,210.87,21.0,10.0,0.053,1560.0,2024-11-11,New Delhi,Mobile,data analytics course
A2000,bUSINESSaNLYTICScLASS,131.0,4603.0,228.63,30.0,7.0,0.048,1270.0,2024-11-03,Bangalore,Tablet,analytics for data
A2001,Cybersecurtyfundamentals,99.0,4051.0,207.42,10.0,9.0,0.091,1797.0,2024-11-14,Delhi,Mobile,analytics for data
A2002,DataScienceBootcamp_,199.0,4080.0,243.8,23.0,7.0,0.05,1507.0,2024-11-15,Chennai,Desktop,data anaytics training
A2003,CloudComputngCourse,180.0,4140.0,240.76,21.0,8.0,0.044,1248.0,2024-11-11,New Delhi,Desktop,online data analytic
A2004,M@chneLearningBasics,88.0,3333.0,193.25,29.0,3.0,0.034,1398.0,2024-11-14,Bangalore,Tablet,data analitics online
A2005,Cloudcomputngcourse,140.0,3689.0,249.33,20.0,9.0,0.064,1329.0,2024-11-22,Bangalore,Mobile,learn data analytics
A2006,Busin3ssAnlyticsClass,166.0,4665.0,223.95,23.0,9.0,0.054,1404.0,2024-11-07,Delhi,Tablet,data analitics online
A2007,BusinessAnlyticsClass_,185.0,3670.0,198.66,30.0,4.0,0.057,1440.0,2024-11-13,Pune,Desktop,data anaytics training
A2008,SQLDatabseTraining,139.0,4036.0,242.12,25.0,5.0,0.036,1329.0,2024-11-26,Chennai,Tablet,learn data analytics
A2009,Machnelearningbasics,142.0,4497.0,198.98,27.0,3.0,0.02112676056338028,1582.0,2024-11-30,Mumbai,Tablet,analytics for data
A2010,CyberSecurtyFundamentals ,173.0,3705.0,197.01,20.0,10.0,0.058,1010.0,2024-11-26,Chennai,Desktop,data anaytics training
A2011,Cyb3rSecurtyFundamentals,143.0,5849.0,209.76,27.0,3.0,0.048,1146.0,2024-11-25,Bangalore,Tablet,learn data analytics
A2012,DataScienceBootcamp_,153.0,5283.0,205.72,24.0,3.0,0.02,1591.0,2024-11-10,Mumbai,Desktop,learn data analytics
A2013,Busin3ssAnlyticsClass,104.0,5203.0,241.15,17.0,6.0,0.048,1164.0,2024-11-28,Pune,Mobile,data analitics online
A2014,DeepLe@rnngPro,120.0,4243.0,198.49,15.0,10.0,0.083,1891.0,2024-11-27,Bangalore,Desktop,data anaytics training
A2015,WebDevMastery1,100.0,3716.0,247.95,23.0,8.0,0.08,1924.0,2024-11-14,New Delhi,Mobile,learn data analytics
A2016,WebDevM@stery,106.0,3646.0,237.89,28.0,7.0,0.046,1564.0,2024-11-02,Bangalore,Mobile,analytics for data
A2017,CyberSecurtyFundamentals,136.0,4101.0,227.43,28.0,9.0,0.057,1284.0,2024-11-19,Chennai,Tablet,learn data analytics
A2018,Cybersecurtyfundamentals,121.0,3366.0,246.56,25.0,6.0,0.046,1170.0,2024-11-02,Mumbai,Desktop,online data analytic
A2019,Python4Data,153.0,3381.0,231.35,29.0,5.0,0.033,1769.0,2024-11-28,Delhi,Tablet,data analytics course
A2020,Python4D@ta,111.0,5003.0,213.34,29.0,3.0,0.02702702702702703,1938.0,2024-11-25,Chennai,Tablet,analytics for data
A2021,Busin3ssAnlyticsClass,156.0,5415.0,198.27,29.0,7.0,0.037,1918.0,2024-11-17,Chennai,Desktop,data anaytics training
A2022,CyberSecurtyFundamentals1,137.0,3838.0,226.92,18.0,6.0,0.044,1491.0,2024-11-27,Bangalore,Tablet,analytics for data
A2023,DeepLearnngPr0,138.0,3002.0,246.3,24.0,4.968,0.036,1530.0,2024-11-01,Bangalore,Tablet,learn data analytics
A2024,D@taScienceBootcamp,96.0,3958.0,238.06,17.0,4.0,0.042,1750.0,2024-11-07,Chennai,Mobile,online data analytic
A2025,WebDevMastery,180.0,3060.0,194.47,21.0,5.0,0.054,1429.0,2024-11-10,Delhi,Tablet,online data analytic
A2026,Python4D@ta,132.0,5514.0,208.57,16.0,7.0,0.053,1072.0,2024-11-26,Bangalore,Mobile,online data analytic
A2027,cYBERsECURTYfUNDAMENTALS,147.0,5373.0,233.68,20.0,7.0,0.048,1685.0,2024-11-01,Pune,Desktop,data analytics course
A2028,Python4data,84.0,4720.0,213.68,20.0,5.0,0.06,1412.0,2024-11-21,Pune,Tablet,data analytics course
A2029,D3epLearnngPro,82.0,4330.0,228.68,18.0,8.0,0.09122252747252749,1510.0,2024-11-04,Bangalore,Desktop,analytics for data
A2030,sqldATABSEtRAINING,173.0,4365.0,212.245,28.0,9.0,0.05202312138728324,1311.0,2024-11-06,Pune,Desktop,data analitics online
A2031,pYTHON4dATA,89.0,5899.0,226.95,13.0,7.0,0.079,1058.0,2024-11-10,Bangalore,Mobile,data anaytics training
A2032,D3epLearnngPro,198.0,3500.0,206.88,19.0,6.0,0.03,1684.0,2024-11-11,Chennai,Mobile,analytics for data
A2033,Ai_marketing101,135.0,4155.0,207.81,25.0,9.0,0.049,1313.0,2024-11-03,Mumbai,Desktop,online data analytic
A2034,CloudComputngCours3,94.0,5437.0,190.49,16.0,6.0,0.044,1234.0,2024-11-16,New Delhi,Tablet,data anaytics training
A2035,DataScienceBootcamp1,151.0,3251.0,224.8,13.0,6.0,0.04,1488.5,2024-11-21,Mumbai,Desktop,learn data analytics
A2036,AI_Marketing101_,113.0,5392.0,205.13,28.0,3.0,0.034,1208.0,2024-11-17,Chennai,Mobile,online data analytic
A2037,DeepLearnngPr0,164.0,5403.0,213.0,11.0,8.0,0.037,1532.0,2024-11-22,Chennai,Desktop,analytics for data
A2038,CloudComputngCourse,135.0,5054.0,224.03,16.0,6.0,0.044,1765.0,2024-11-07,Bangalore,Mobile,data anaytics training
A2039,dATAsCIENCEbOOTCAMP,116.0,5757.0,218.69,10.0,7.0,0.045,1834.0,2024-11-23,Bangalore,Mobile,online data analytic
A2040,WebDevM@stery,143.0,4485.0,220.3,14.0,6.0,0.047,1801.0,2024-11-01,Mumbai,Mobile,data analytics course
A2041,Cyb3rSecurtyFundamentals,164.0,4053.0,245.26,28.0,7.0,0.043,1384.0,2024-11-01,Delhi,Tablet,learn data analytics
A2042,Cybersecurtyfundamentals,146.0,5733.0,225.48,26.0,3.0,0.035,1658.0,2024-11-10,Delhi,Desktop,online data analytic
A2043,mACHNElEARNINGbASICS,181.0,3225.0,190.25,22.0,5.0,0.028,1677.0,2024-11-10,Bangalore,Mobile,learn data analytics
A2044,wEBdEVmASTERY,156.0,4170.0,244.72,29.0,3.0,0.019,1962.0,2024-11-20,Chennai,Desktop,data analitics online
A2045,SQLDatabseTraining,182.0,4039.0,240.35,12.0,7.0,0.038,1214.0,2024-11-13,Chennai,Tablet,data anaytics training
A2046,WebDevMastery1,137.0,3150.0,184.36,19.0,3.0,0.041,1218.0,2024-11-29,Chennai,Tablet,data analitics online
A2047,AI_M@rketing101,93.0,4498.0,237.67,27.0,3.0,0.032,1102.0,2024-11-30,Pune,Mobile,online data analytic
A2048,Machnelearningbasics,136.0,4683.0,228.82,22.0,5.0,0.037,1493.0,2024-11-19,Delhi,Desktop,learn data analytics
A2049,WebDevM@stery,194.0,5620.0,194.91,22.0,10.0,0.05154639175257732,1607.0,2024-11-08,Bangalore,Tablet,data analytics course
A2050,Machn3LearningBasics,92.5925925925926,4653.0,194.99,11.0,5.0,0.054,1928.0,2024-11-12,Delhi,Tablet,learn data analytics
A2051,SQLD@tabseTraining,181.0,3063.0,191.03,15.0,4.0,0.022,1125.0,2024-11-21,Bangalore,Desktop,data anaytics training
A2052,BusinessAnlyticsClass,156.0,3273.0,245.27,30.0,8.0,0.035,1568.5,2024-11-05,New Delhi,Tablet,learn data analytics
A2053,D3epLearnngPro,128.0,4314.0,181.68,28.0,5.0,0.0390625,1456.0,2024-11-25,Mumbai,Mobile,analytics for data
A2054,CyberSecurtyFundamentals1,133.0,5945.0,223.43,16.0,6.0,0.045,1329.0,2024-11-16,Chennai,Tablet,data anaytics training
A2055,CyberSecurtyFundamentals1,118.0,4794.0,233.49,20.0,3.0,0.025,1707.0,2024-11-27,Chennai,Mobile,data analytics course
A2056,BusinessAnlyticsCl@ss,191.0,5227.0,204.87,26.0,6.0,0.031413612565445025,1605.0,2024-11-20,Delhi,Mobile,data analytics course
A2057,DeepLe@rnngPro,172.0,4850.0,242.33,27.0,4.0,0.023,1391.0,2024-11-21,Bangalore,Tablet,data analitics online
A2058,Cybersecurtyfundamentals,143.0,5314.0,222.14,21.0,9.0,0.063,1499.0,2024-11-22,Chennai,Tablet,learn data analytics
A2059,AI_Mark3ting101,110.0,4394.0,194.23,28.0,3.0,0.027,1394.0,2024-11-25,Mumbai,Tablet,analytics for data
A2060,WebDevMastery,119.0,5820.0,196.42,11.0,10.0,0.084,1707.0,2024-11-22,Bangalore,Tablet,learn data analytics
A2061,SQLDatabseTraining1,178.0,5328.0,201.9,20.0,9.0,0.051,1452.0,2024-11-21,Delhi,Mobile,data analytics course
A2062,Sqldatabsetraining,132.0,3557.0,190.84,17.0,4.0,0.047,1925.0,2024-11-28,Bangalore,Desktop,data analitics online
A2063,MachneLearningBasics,95.0,4050.0,234.79,20.0,5.0,0.05263157894736842,1783.0,2024-11-18,Mumbai,Mobile,data analitics online
A2064,AI_Mark3ting101,198.0,3575.0,224.07,13.0,3.0,0.015151515151515152,1070.0,2024-11-09,Bangalore,Desktop,data analitics online
A2065,CloudComputngCourse ,134.0,5570.0,233.77,15.0,4.0,0.03,1101.0,2024-11-27,New Delhi,Mobile,data analytics course
A2066,dATAsCIENCEbOOTCAMP,83.0,4883.0,228.3,29.0,10.0,0.09122252747252749,1456.0,2024-11-07,Bangalore,Mobile,learn data analytics
A2067,pYTHON4dATA,187.0,4753.0,236.03,13.0,3.0,0.054,1906.0,2024-11-18,Mumbai,Desktop,data analitics online
A2068,SQLDatabs3Training,81.0,5653.0,245.33,23.0,8.0,0.09122252747252749,1248.0,2024-11-26,Pune,Mobile,data analitics online
A2069,CloudComputngCours3,144.0,5750.0,184.37,19.0,8.0,0.056,1098.0,2024-11-26,Chennai,Desktop,learn data analytics
A2070,DataScienceBootcamp ,161.0,5766.0,221.93,10.0,8.0,0.05,1830.0,2024-11-13,Delhi,Tablet,online data analytic
A2071,dATAsCIENCEbOOTCAMP,90.0,4424.0,219.77,10.0,4.0,0.044444444444444446,1396.0,2024-11-08,Pune,Desktop,data analitics online
A2072,CloudComputngCours3,128.0,5043.0,231.72,26.0,8.0,0.062,1508.0,2024-11-26,Delhi,Tablet,analytics for data
A2073,DataScienceB0otcamp,195.0,4529.0,200.36,25.0,7.0,0.034,1343.0,2024-11-30,Bangalore,Tablet,data anaytics training
A2074,MachneLearningBasics,160.0,5751.0,218.27999999999997,28.0,4.0,0.04,1802.0,2024-11-22,Chennai,Mobile,learn data analytics
A2075,Cyb3rSecurtyFundamentals,176.0,4518.0,237.95,17.0,10.0,0.057,1933.0,2024-11-11,Bangalore,Desktop,analytics for data
A2076,dATAsCIENCEbOOTCAMP,157.0,5201.0,228.72,14.0,8.0,0.051,1458.0,2024-11-09,New Delhi,Mobile,data analitics online
A2077,Deeplearnngpro,104.0,4735.0,233.95,19.0,6.0,0.058,1493.0,2024-11-23,Pune,Mobile,learn data analytics
A2078,WebDevM@stery,117.0,3014.0,242.24,12.0,6.0,0.045,1432.0,2024-11-29,Chennai,Mobile,learn data analytics
A2079,dEEPlEARNNGpRO,138.0,5506.0,192.89,27.0,6.0,0.043,1261.0,2024-11-02,Delhi,Tablet,learn data analytics
A2080,WebDevM@stery,84.0,3758.0,232.56,26.0,5.0,0.06,1384.0,2024-11-06,Chennai,Desktop,data analytics course
A2081,DeepLe@rnngPro,102.0,4460.0,182.23,15.0,6.0,0.059,1849.0,2024-11-14,Chennai,Tablet,data analitics online
A2082,DeepLearnngPr0,122.0,5518.0,202.0,27.0,3.0,0.025,1884.0,2024-11-11,Pune,Tablet,analytics for data
A2083,BusinessAnlyticsClass,198.0,5542.0,234.62,10.0,10.0,0.051,1605.0,2024-11-27,Bangalore,Tablet,online data analytic
A2084,mACHNElEARNINGbASICS,152.0,5678.0,204.41,22.0,4.0,0.02631578947368421,1794.0,2024-11-20,Chennai,Desktop,online data analytic
A2085,AI_M@rketing101,147.0,4608.0,180.04,20.0,6.0,0.041,1351.0,2024-11-21,Pune,Desktop,data analitics online
A2086,CyberSecurtyFundamentals_,108.0,5448.0,230.17,12.0,10.0,0.052,1039.0,2024-11-19,Delhi,Desktop,data analytics course
A2087,Python4D@ta,137.0,5261.0,196.48,23.0,5.0,0.036,1227.0,2024-11-26,Mumbai,Tablet,data anaytics training
A2088,AI_M@rketing101,131.0,4540.0,209.38,16.0,9.0,0.069,1645.0,2024-11-12,Chennai,Mobile,data analitics online
A2089,BusinessAnlyticsClass ,80.0,3760.0,236.82,13.0,4.0,0.05,1927.0,2024-11-21,Bangalore,Desktop,learn data analytics
A2090,CloudComputngCours3,114.0,4157.0,248.56,10.0,7.0,0.061,1671.0,2024-11-10,Pune,Desktop,analytics for data
A2091,Python4Data1,123.0,4580.0,223.0,15.0,7.0,0.057,1614.0,2024-11-18,Delhi,Mobile,analytics for data
A2092,AI_Marketing101,168.0,4068.0,233.54,23.0,5.0,0.03,1636.0,2024-11-27,Chennai,Mobile,analytics for data
A2093,W3bDevMastery,180.0,3072.0,218.47,28.0,9.0,0.05,1200.0,2024-11-06,New Delhi,Mobile,learn data analytics
A2094,WebDevMastery,117.0,5379.0,240.68,18.0,3.0,0.038,1361.0,2024-11-06,Mumbai,Tablet,analytics for data
A2095,Busin3ssAnlyticsClass,103.0,4885.0,221.05,21.0,10.0,0.09122252747252749,1464.0,2024-11-25,Pune,Mobile,online data analytic
A2096,CyberSecurtyFundamentals,140.0,5859.0,211.08,26.0,9.0,0.064,1276.0,2024-11-15,New Delhi,Desktop,data anaytics training
A2097,SQLDatabseTraining_,158.0,4574.0,198.9,21.0,8.0,0.05063291139240506,1706.0,2024-11-04,Bangalore,Desktop,learn data analytics
A2098,Cl0udComputngCourse,162.0,5911.0,232.03,12.0,7.0,0.043,1613.0,2024-11-09,Chennai,Tablet,data analitics online
A2099,mACHNElEARNINGbASICS,122.0,3440.0,206.78,20.0,3.0,0.025,1222.0,2024-11-24,Chennai,Tablet,online data analytic
A2100,cLOUDcOMPUTNGcOURSE,89.0,4319.0,198.79,23.0,10.0,0.09122252747252749,1980.0,2024-11-16,Delhi,Mobile,learn data analytics
A2101,D@taScienceBootcamp,119.0,3956.0,188.53,20.0,5.0,0.044,1311.0,2024-11-15,Bangalore,Tablet,data anaytics training
A2102,D3epLearnngPro,155.0,4220.0,200.81,20.0,3.0,0.019,1199.0,2024-11-30,Chennai,Mobile,data analytics course
A2103,Python4Data,142.0,3692.0,243.6,30.0,4.0,0.045,1954.0,2024-11-01,Chennai,Mobile,analytics for data
A2104,CloudComputngCours3,179.0,4188.0,231.23,25.0,9.0,0.05,1936.0,2024-11-19,Chennai,Mobile,online data analytic
A2105,Businessanlyticsclass,194.0,4594.5,217.93,29.0,6.5,0.0465,1457.0,2024-11-25,Pune,Mobile,data analytics course
A2106,DeepLe@rnngPro,101.0,3401.0,194.12,27.0,3.0,0.03,1721.0,2024-11-11,Delhi,Mobile,learn data analytics
A2107,Python4Data1,110.0,3382.0,249.88,17.0,6.0,0.044,1327.0,2024-11-22,Mumbai,Mobile,learn data analytics
A2108,Cyb3rSecurtyFundamentals,179.0,5366.0,204.5,20.0,9.0,0.05,1510.0,2024-11-22,Pune,Tablet,data analitics online
A2109,dEEPlEARNNGpRO,193.0,4611.0,197.28,27.0,10.0,0.034,1701.0,2024-11-29,Bangalore,Mobile,data analytics course
A2110,M@chneLearningBasics,188.0,4447.0,234.18,14.0,8.0,0.045,1449.0,2024-11-17,Mumbai,Mobile,analytics for data
A2111,CyberSecurtyFundamentals1,142.5,4075.0,211.41,11.0,7.0,0.0495,1764.0,2024-11-08,Delhi,Tablet,data analitics online
A2112,BusinessAnlyticsClass,177.0,4230.0,213.46,15.0,4.0,0.023,1389.0,2024-11-06,Mumbai,Desktop,analytics for data
A2113,D@taScienceBootcamp,152.0,3729.0,214.23,22.0,7.0,0.047,2000.0,2024-11-20,Delhi,Tablet,analytics for data
A2114,CloudComputngCours3,168.0,4710.0,214.49,15.0,9.0,0.054,1466.0,2024-11-24,Pune,Mobile,data anaytics training
A2115,Python4data,171.0,5332.0,229.69,11.0,3.0,0.018,1685.0,2024-11-03,New Delhi,Mobile,data analytics course
A2116,Cloudcomputngcourse,150.0,3833.0,202.55,29.0,10.0,0.06666666666666667,1509.0,2024-11-10,Mumbai,Tablet,learn data analytics
A2117,Deeplearnngpro,141.0,4833.0,193.96,23.0,9.0,0.044,1987.0,2024-11-16,Bangalore,Mobile,online data analytic
A2118,pYTHON4dATA,174.0,4720.0,214.97000000000003,25.0,10.0,0.05747126436781609,1209.0,2024-11-21,Chennai,Tablet,analytics for data
A2119,sqldATABSEtRAINING,127.0,3131.0,227.93,24.0,7.0,0.047,1571.0,2024-11-14,Bangalore,Desktop,data anaytics training
A2120,pYTHON4dATA,148.0,5147.0,244.42,18.0,4.0,0.045,1348.0,2024-11-30,Pune,Desktop,data analitics online
A2121,Webdevmastery,112.0,5288.0,246.27,26.0,10.0,0.089,1548.0,2024-11-10,New Delhi,Mobile,data anaytics training
A2122,MachneLearningBasics,184.0,3908.0,240.68,15.0,7.0,0.03804347826086957,1332.0,2024-11-23,Pune,Tablet,analytics for data
A2123,M@chneLearningBasics,116.0,3380.0,196.75,23.0,9.0,0.033,1434.0,2024-11-06,New Delhi,Mobile,analytics for data
A2124,Busin3ssAnlyticsClass,152.0,3948.0,189.73,17.0,5.0,0.053,1851.0,2024-11-26,Bangalore,Mobile,analytics for data
A2125,Python4Data,197.0,3741.0,210.33,24.0,9.0,0.046,1883.0,2024-11-26,Pune,Desktop,data analytics course
A2126,SQLD@tabseTraining,115.0,5836.0,233.52,21.0,6.0,0.052,1301.0,2024-11-08,Chennai,Mobile,learn data analytics
A2127,M@chneLearningBasics,192.0,3381.0,219.26,28.0,7.0,0.036,1377.0,2024-11-15,Chennai,Mobile,online data analytic
A2128,CloudComputngCourse,88.0,5781.0,246.82,21.0,6.0,0.057,1020.0,2024-11-25,Mumbai,Tablet,data analitics online
A2129,Machnelearningbasics,134.0,4707.0,239.9,29.0,8.0,0.06,1383.0,2024-11-24,Pune,Mobile,learn data analytics
A2130,WebDevMastery1,160.0,5611.0,216.65,21.0,10.0,0.047,1714.0,2024-11-30,Mumbai,Tablet,learn data analytics
A2131,Businessanlyticsclass,195.0,3174.0,218.06,12.0,7.0,0.036,1476.0,2024-11-25,Delhi,Mobile,online data analytic
A2132,ai_mARKETING101,142.0,5076.0,190.49,22.0,7.0,0.049,1509.0,2024-11-20,Pune,Mobile,learn data analytics
A2133,M@chneLearningBasics,81.0,5942.0,236.07,15.0,7.0,0.047,1288.0,2024-11-12,Bangalore,Desktop,online data analytic
A2134,Busin3ssAnlyticsClass,141.0,4234.0,201.93,16.0,4.0,0.0465,1462.0,2024-11-25,Pune,Mobile,analytics for data
A2135,Cyb3rSecurtyFundamentals,115.0,3963.0,225.32,22.0,9.0,0.078,1622.0,2024-11-01,Bangalore,Desktop,data analitics online
A2136,DeepLe@rnngPro,172.0,4349.0,243.53,28.0,5.0,0.049,1195.0,2024-11-13,Mumbai,Tablet,online data analytic
A2137,CloudComputngCourse ,91.0,5294.0,245.21,21.0,7.0,0.07692307692307693,1227.0,2024-11-26,Chennai,Desktop,online data analytic
A2138,Machnelearningbasics,166.0,5381.0,246.52,21.0,7.0,0.042,1579.0,2024-11-09,Bangalore,Desktop,data anaytics training
A2139,W3bDevMastery,155.0,3052.0,199.46,13.0,6.0,0.046,1362.0,2024-11-01,Delhi,Mobile,data anaytics training
A2140,WebDevMastery1,127.0,4634.0,218.04,26.0,7.0,0.055,1410.0,2024-11-02,Pune,Tablet,learn data analytics
A2141,Ai_marketing101,94.0,5564.0,203.88,22.0,6.0,0.064,1510.0,2024-11-14,Bangalore,Desktop,data anaytics training
A2142,CloudComputngCours3,90.0,5196.0,192.83,21.0,8.0,0.089,1783.0,2024-11-07,Delhi,Desktop,data analytics course
A2143,AI_Mark3ting101,161.0,5749.0,203.25,12.0,4.0,0.025,1467.0,2024-11-28,Mumbai,Tablet,online data analytic
A2144,mACHNElEARNINGbASICS,157.0,5483.0,245.31,24.0,6.0,0.038,1539.0,2024-11-22,Bangalore,Mobile,analytics for data
A2145,WebDevM@stery,157.0,4093.0,202.85,27.0,8.0,0.051,1370.0,2024-11-03,Pune,Mobile,analytics for data
A2146,mACHNElEARNINGbASICS,179.0,4459.0,181.7,27.0,5.0,0.041,1320.0,2024-11-13,Mumbai,Tablet,data analitics online
A2147,WebDevMastery1,165.0,5937.0,220.65,23.0,6.0,0.036,1576.0,2024-11-04,Chennai,Mobile,analytics for data
A2148,CloudComputngCourse,167.0,4475.0,231.64,13.0,5.0,0.051,1750.0,2024-11-03,Chennai,Desktop,online data analytic
A2149,SQLD@tabseTraining,126.0,4212.0,182.54,29.0,8.0,0.063,1066.0,2024-11-19,Mumbai,Mobile,online data analytic
A2150,AI_M@rketing101,134.0,4506.0,220.09,13.0,5.0,0.03731343283582089,1745.0,2024-11-29,Chennai,Mobile,data analitics online
A2151,Python4D@ta,142.0,3147.0,190.93,13.0,5.0,0.035211267605633804,1740.0,2024-11-05,Mumbai,Mobile,learn data analytics
A2152,WebDevMastery ,132.0,4387.0,198.93,22.0,3.0,0.047,1629.0,2024-11-11,Bangalore,Desktop,learn data analytics
A2153,CyberSecurtyFundamentals,163.0,5948.0,184.84,12.0,3.0,0.049,1248.0,2024-11-11,Bangalore,Tablet,data anaytics training
A2154,Python4D@ta,171.0,4855.0,235.23,25.0,6.0,0.035,1440.0,2024-11-21,New Delhi,Desktop,data analytics course
A2155,cYBERsECURTYfUNDAMENTALS,97.0,4674.0,221.39,15.0,10.0,0.047,1332.0,2024-11-07,Pune,Tablet,data analytics course
A2156,MachneLearningBasics,176.0,3336.0,193.72,15.0,9.0,0.05113636363636364,1696.0,2024-11-12,Bangalore,Tablet,learn data analytics
A2157,DeepLe@rnngPro,129.0,5839.0,213.72,10.0,6.0,0.046511627906976744,1476.0,2024-11-18,Bangalore,Desktop,analytics for data
A2158,Datasciencebootcamp,178.0,3943.0,217.96,29.0,6.0,0.034,1037.0,2024-11-15,Mumbai,Mobile,learn data analytics
A2159,Cybersecurtyfundamentals,111.0,3787.0,215.48,15.0,10.0,0.09009009009009009,1660.0,2024-11-14,Chennai,Tablet,online data analytic
A2160,CyberSecurtyFund@mentals,156.0,4196.0,192.96,11.0,5.0,0.03205128205128205,1504.0,2024-11-26,Pune,Mobile,learn data analytics
A2161,AI_Mark3ting101,119.04761904761904,3408.0,193.07,20.0,5.0,0.042,1412.0,2024-11-19,Pune,Tablet,data analytics course
A2162,mACHNElEARNINGbASICS,145.0,4982.0,203.33,29.0,5.0,0.045,1555.0,2024-11-23,Delhi,Tablet,data anaytics training
A2163,Machnelearningbasics,156.0,5509.0,185.39,29.0,4.0,0.044,1649.0,2024-11-18,Bangalore,Mobile,data analitics online
A2164,AI_Marketing101_,127.0,3797.0,214.67,20.0,7.0,0.055,1735.0,2024-11-13,Bangalore,Desktop,analytics for data
A2165,sqldATABSEtRAINING,121.0,5064.0,246.78,13.0,9.0,0.074,1268.0,2024-11-01,Bangalore,Tablet,online data analytic
A2166,dEEPlEARNNGpRO,98.0,4217.0,234.16,17.0,4.0,0.04081632653061224,1556.0,2024-11-11,Delhi,Tablet,learn data analytics
A2167,SQLD@tabseTraining,156.0,3315.0,223.22,14.0,10.0,0.064,1581.0,2024-11-20,Chennai,Mobile,online data analytic
A2168,Deeplearnngpro,191.0,4017.0,203.52,21.0,4.0,0.021,1539.0,2024-11-30,Bangalore,Mobile,online data analytic
A2169,BusinessAnlyticsClass,193.0,5094.0,205.53,18.0,3.0,0.016,1451.0,2024-11-07,Delhi,Mobile,data analitics online
A2170,AI_Mark3ting101,167.0,4382.5,244.62,11.0,9.0,0.05389221556886228,1465.0,2024-11-10,Mumbai,Tablet,data analitics online
A2171,D3epLearnngPro,177.0,5449.0,190.53,10.0,5.0,0.028,1257.0,2024-11-19,Delhi,Mobile,data analytics course
A2172,Datasciencebootcamp,175.0,5732.0,208.46,25.0,3.0,0.017,1579.0,2024-11-11,Pune,Tablet,data analitics online
A2173,CyberSecurtyFundamentals,122.0,4678.0,248.7,25.0,4.0,0.031,1744.0,2024-11-11,Pune,Desktop,data analytics course
A2174,BusinessAnlyticsClass_,121.0,4088.0,223.85,19.0,3.0,0.025,1248.0,2024-11-26,Delhi,Mobile,online data analytic
A2175,Cybersecurtyfundamentals,125.0,4528.0,186.6,10.0,9.0,0.072,1167.0,2024-11-06,New Delhi,Desktop,data anaytics training
A2176,DataScienceBootcamp ,81.0,3946.0,202.95,10.0,7.0,0.046,1970.0,2024-11-27,Pune,Mobile,data anaytics training
A2177,pYTHON4dATA,112.0,4486.0,249.23,28.0,3.0,0.027,1572.0,2024-11-26,Mumbai,Desktop,analytics for data
A2178,Pyth0n4Data,152.0,5290.0,182.01,24.0,4.0,0.02631578947368421,1673.0,2024-11-05,Chennai,Mobile,analytics for data
A2179,ai_mARKETING101,134.0,5163.0,245.4,26.0,5.0,0.047,1568.5,2024-11-14,New Delhi,Tablet,analytics for data
A2180,Python4data,111.0,3978.0,192.14,19.0,5.0,0.045,1500.0,2024-11-06,Mumbai,Desktop,analytics for data
A2181,Cybersecurtyfundamentals,194.0,4217.0,187.34,12.0,10.0,0.052,1669.0,2024-11-07,Bangalore,Tablet,data anaytics training
A2182,Machn3LearningBasics,150.0,5907.0,241.8,25.0,7.0,0.047,1430.0,2024-11-11,Delhi,Desktop,data analitics online
A2183,Webdevmastery,100.0,5970.0,224.79,13.0,9.0,0.09,1895.0,2024-11-15,New Delhi,Mobile,data anaytics training
A2184,Cyb3rSecurtyFundamentals,186.0,5142.0,236.2,18.0,4.0,0.021505376344086023,1990.0,2024-11-24,New Delhi,Tablet,data analitics online
A2185,BusinessAnlyticsCl@ss,130.0,3715.0,243.34,12.0,8.0,0.062,1482.0,2024-11-01,Pune,Desktop,data analitics online
A2186,Machn3LearningBasics,158.0,4192.0,186.25,27.0,10.0,0.06329113924050633,1968.0,2024-11-06,Bangalore,Tablet,online data analytic
A2187,BusinessAnlyticsClass1,155.0,5121.0,248.16,22.0,8.0,0.052,1027.0,2024-11-06,Chennai,Tablet,online data analytic
A2188,Datasciencebootcamp,190.0,5984.0,209.35,14.0,6.0,0.032,1964.0,2024-11-06,New Delhi,Desktop,data analytics course
A2189,dEEPlEARNNGpRO,191.0,3220.0,183.33,20.0,6.0,0.051,1942.0,2024-11-28,Chennai,Tablet,data anaytics training
A2190,Pyth0n4Data,145.0,5761.0,202.07,17.0,3.0,0.021,1037.0,2024-11-13,Delhi,Mobile,data analitics online
A2191,MachneLearningBasics ,102.0,5683.0,188.73,28.0,8.0,0.078,1623.0,2024-11-16,Mumbai,Tablet,analytics for data
A2192,AI_Marketing101_,86.0,5238.0,217.28,13.0,3.0,0.03488372093023256,1610.0,2024-11-22,Bangalore,Desktop,data analitics online
A2193,pYTHON4dATA,115.0,5116.0,227.76,24.0,3.0,0.041,1748.0,2024-11-15,Mumbai,Desktop,learn data analytics
A2194,DeepLearnngPro_,83.0,4476.0,204.88,27.0,8.0,0.09122252747252749,1359.0,2024-11-02,Mumbai,Tablet,online data analytic
A2195,cLOUDcOMPUTNGcOURSE,178.0,3461.0,238.96,16.0,5.0,0.028,1321.0,2024-11-16,Mumbai,Mobile,learn data analytics
A2196,WebDevM@stery,148.0,5080.0,191.92,12.0,6.0,0.058,1070.0,2024-11-17,Bangalore,Tablet,data analytics course
A2197,Sqldatabsetraining,208.33333333333334,3334.0,223.21,14.0,10.0,0.048,1317.0,2024-11-03,Pune,Tablet,data analytics course
A2198,Python4Data,101.0,5166.0,203.74,30.0,5.0,0.05,1763.0,2024-11-13,Mumbai,Desktop,data anaytics training
A2199,AI_Mark3ting101,113.0,5642.0,245.69,19.0,7.0,0.062,1366.0,2024-11-20,Chennai,Mobile,data anaytics training
A2200,BusinessAnlyticsClass,97.0,5552.0,228.97,14.0,6.0,0.062,1304.0,2024-11-07,Bangalore,Desktop,analytics for data
A2201,mACHNElEARNINGbASICS,155.0,3662.0,208.16,23.0,4.0,0.026,1913.0,2024-11-27,Mumbai,Desktop,online data analytic
A2202,cYBERsECURTYfUNDAMENTALS,109.0,5187.0,222.69,17.0,7.0,0.06422018348623854,1690.0,2024-11-23,Pune,Tablet,learn data analytics
A2203,DeepLe@rnngPro,181.0,3647.0,227.37,30.0,6.0,0.033,1412.0,2024-11-30,Chennai,Desktop,data analytics course
A2204,AI_Marketing101 ,131.0,3626.0,193.68,27.0,3.0,0.05,1494.0,2024-11-25,Pune,Tablet,data analitics online
A2205,DeepLearnngPro ,135.5,5650.0,225.22,26.0,3.0,0.046,1774.0,2024-11-02,Mumbai,Desktop,online data analytic
A2206,M@chneLearningBasics,109.0,5219.0,215.76,15.0,3.0,0.028,1408.0,2024-11-18,Chennai,Tablet,learn data analytics
A2207,WebDevMastery,191.0,3333.0,187.71,13.0,5.0,0.026,1360.0,2024-11-26,Bangalore,Desktop,learn data analytics
A2208,cLOUDcOMPUTNGcOURSE,101.0,4435.0,222.49,11.0,10.0,0.09122252747252749,1277.0,2024-11-21,New Delhi,Mobile,data anaytics training
A2209,WebDevMastery,152.0,5204.0,210.28,11.0,7.0,0.046,1539.0,2024-11-23,Bangalore,Mobile,online data analytic
A2210,Cyb3rSecurtyFundamentals,164.0,3856.0,241.65,27.0,4.0,0.024,1786.0,2024-11-21,Pune,Desktop,data anaytics training
A2211,mACHNElEARNINGbASICS,83.0,4143.0,203.11,23.0,10.0,0.09122252747252749,1517.0,2024-11-26,Pune,Mobile,learn data analytics
A2212,Python4Data,199.0,5895.0,239.59,21.0,4.0,0.02,1592.0,2024-11-30,Pune,Mobile,data anaytics training
A2213,Python4Data1,141.0,4039.0,205.8,28.0,6.0,0.0425531914893617,1220.0,2024-11-08,Bangalore,Desktop,data analitics online
A2214,AI_Mark3ting101,131.0,4773.0,215.36,26.0,7.0,0.053,1363.0,2024-11-08,Pune,Tablet,data analitics online
A2215,cYBERsECURTYfUNDAMENTALS,139.0,5360.0,229.38,30.0,7.0,0.046,1896.0,2024-11-19,Mumbai,Tablet,learn data analytics
A2216,dATAsCIENCEbOOTCAMP,164.0,5380.0,223.15,13.0,5.0,0.047,1661.0,2024-11-23,Pune,Desktop,analytics for data
A2217,BusinessAnlyticsClass_,149.0,3323.0,197.76,23.0,4.0,0.027,1181.0,2024-11-17,Bangalore,Mobile,data analitics online
A2218,WebDevM@stery,112.0,3870.0,215.05,26.0,6.0,0.054,1483.0,2024-11-03,Chennai,Desktop,learn data analytics
A2219,Python4D@ta,139.0,4486.0,205.46,28.0,4.0,0.058,1853.0,2024-11-24,Mumbai,Tablet,online data analytic
A2220,Deeplearnngpro,105.0,3384.0,240.41,26.0,8.0,0.057,1399.0,2024-11-03,Pune,Desktop,data analitics online
A2221,Python4data,83.0,5066.0,236.91,22.0,7.0,0.047,1532.0,2024-11-21,Chennai,Desktop,learn data analytics
A2222,Cl0udComputngCourse,127.0,5947.0,209.67,27.0,3.0,0.024,1155.0,2024-11-28,Bangalore,Desktop,learn data analytics
A2223,AI_Marketing101 ,133.0,4286.0,216.16,18.0,9.0,0.054,1839.0,2024-11-08,Chennai,Desktop,data analitics online
A2224,Cl0udComputngCourse,197.0,5733.0,185.09,14.0,5.0,0.025,1295.0,2024-11-05,Chennai,Tablet,data anaytics training
A2225,Sqldatabsetraining,125.0,5103.0,221.93,30.0,7.0,0.052,1398.0,2024-11-08,Mumbai,Tablet,analytics for data
A2226,DeepLearnngPr0,147.0,5228.0,210.94,12.0,9.0,0.061224489795918366,1784.0,2024-11-28,Chennai,Desktop,data anaytics training
A2227,Machn3LearningBasics,153.0,3666.0,198.4,16.0,4.0,0.026,1820.0,2024-11-20,Mumbai,Mobile,learn data analytics
A2228,W3bDevMastery,196.0,3440.0,212.98,15.0,5.0,0.026,1539.0,2024-11-26,Pune,Tablet,learn data analytics
A2229,BusinessAnlyticsClass,87.0,3031.0,234.25,17.0,7.0,0.08,1167.0,2024-11-05,Bangalore,Desktop,data analitics online
A2230,Datasciencebootcamp,151.0,5957.0,188.22,15.0,8.0,0.053,1468.0,2024-11-25,Pune,Tablet,analytics for data
A2231,Python4D@ta,93.0,4689.0,197.54,15.0,4.0,0.043,1073.0,2024-11-25,Pune,Mobile,data analitics online
A2232,Cloudcomputngcourse,145.0,3085.0,194.96,26.0,5.0,0.033,1673.0,2024-11-24,Bangalore,Desktop,online data analytic
A2233,Sqldatabsetraining,128.0,3341.0,185.57,25.0,5.0,0.039,1516.0,2024-11-20,New Delhi,Tablet,online data analytic
A2234,Cybersecurtyfundamentals,134.0,5521.0,243.57,15.0,3.0,0.022388059701492536,1658.0,2024-11-24,Pune,Desktop,online data analytic
A2235,BusinessAnlyticsClass,104.0,3696.0,206.54,28.0,5.512,0.053,1985.0,2024-11-11,Bangalore,Desktop,data anaytics training
A2236,pYTHON4dATA,177.0,3765.0,216.48,26.0,10.0,0.056,1507.0,2024-11-20,Mumbai,Tablet,data analitics online
A2237,D@taScienceBootcamp,94.0,5455.0,249.09,15.0,3.0,0.031914893617021274,1505.0,2024-11-14,Chennai,Mobile,analytics for data
A2238,WebDevMastery_,198.0,5260.0,205.53,13.0,10.0,0.051,1766.0,2024-11-12,Pune,Desktop,analytics for data
A2239,WebDevM@stery,140.0,4404.0,186.01,23.0,6.0,0.059,1625.0,2024-11-09,New Delhi,Tablet,analytics for data
A2240,Webdevmastery,137.0,5445.0,237.51,20.0,5.0,0.0364963503649635,1904.0,2024-11-25,Pune,Tablet,learn data analytics
A2241,WebDevMastery1,153.0,3068.0,214.97000000000003,25.0,8.0,0.052,1165.0,2024-11-19,Chennai,Tablet,analytics for data
A2242,Pyth0n4Data,177.0,4540.0,240.09,26.0,10.0,0.05649717514124294,1505.0,2024-11-08,Chennai,Mobile,data anaytics training
A2243,dEEPlEARNNGpRO,100.0,4042.0,213.5,13.0,6.0,0.06,1678.0,2024-11-18,Mumbai,Desktop,analytics for data
A2244,MachneLearningBasics ,160.0,5645.0,195.42,25.0,6.0,0.031,1600.0,2024-11-16,Pune,Tablet,data analitics online
A2245,cYBERsECURTYfUNDAMENTALS,194.0,3751.0,244.34,23.0,5.0,0.026,1497.0,2024-11-02,Mumbai,Mobile,data analitics online
A2246,Cloudcomputngcourse,128.0,5010.0,202.34,26.0,7.0,0.055,1568.5,2024-11-16,New Delhi,Tablet,data anaytics training
A2247,AI_Marketing101,80.0,4506.0,236.47,11.0,5.0,0.0625,1953.0,2024-11-20,Mumbai,Desktop,data analytics course
A2248,dEEPlEARNNGpRO,81.0,5843.0,209.54,10.0,9.0,0.09122252747252749,1979.0,2024-11-09,Chennai,Tablet,data anaytics training
A2249,Busin3ssAnlyticsClass,102.0,5369.0,198.39,29.0,4.0,0.039,1659.0,2024-11-19,Bangalore,Tablet,data analytics course
A2250,cYBERsECURTYfUNDAMENTALS,197.0,4047.0,202.72,15.0,3.0,0.015,1345.0,2024-11-05,Bangalore,Mobile,data analitics online
A2251,D3epLearnngPro,84.0,4463.0,198.44,17.0,3.0,0.036,1110.0,2024-11-02,Pune,Mobile,analytics for data
A2252,Machnelearningbasics,119.0,4610.0,222.7,18.0,3.0,0.025,1473.0,2024-11-18,Pune,Desktop,data analitics online
A2253,dATAsCIENCEbOOTCAMP,96.0,5957.0,225.59,27.0,10.0,0.09122252747252749,1062.0,2024-11-21,New Delhi,Mobile,data analitics online
A2254,CloudComputngCourse,144.0,5704.0,196.67,29.0,6.0,0.042,1573.0,2024-11-29,Bangalore,Mobile,analytics for data
A2255,dEEPlEARNNGpRO,148.0,5335.0,223.36,21.0,9.0,0.061,1251.0,2024-11-20,Chennai,Tablet,data analitics online
A2256,AI_Marketing1011,151.0,4901.0,224.29,27.0,7.0,0.046357615894039736,1425.0,2024-11-05,Delhi,Mobile,data anaytics training
A2257,Cl0udComputngCourse,175.0,5392.0,187.74,17.0,9.0,0.05142857142857143,1015.0,2024-11-21,Delhi,Tablet,data analitics online
A2258,AI_Marketing101 ,189.0,3461.0,224.72,20.0,7.0,0.047,1390.0,2024-11-21,Chennai,Desktop,data anaytics training
A2259,CyberSecurtyFundamentals,157.0,5451.0,183.89,12.0,10.0,0.064,1180.0,2024-11-29,Chennai,Desktop,data analytics course
A2260,Cloudcomputngcourse,126.0,4631.0,201.56,27.0,10.0,0.079,1122.0,2024-11-21,Mumbai,Desktop,analytics for data
A2261,AI_Mark3ting101,85.0,3770.0,204.04,30.0,7.0,0.08235294117647059,1238.0,2024-11-14,Chennai,Mobile,learn data analytics
A2262,AI_Marketing101_,89.0,3573.0,193.53,20.0,10.0,0.09122252747252749,1926.0,2024-11-15,Pune,Desktop,learn data analytics
A2263,wEBdEVmASTERY,152.0,4092.0,196.66,10.0,5.0,0.03289473684210526,1396.0,2024-11-11,Pune,Desktop,analytics for data
A2264,WebDevMastery,126.0,3999.0,181.58,22.0,9.0,0.071,1145.0,2024-11-27,Bangalore,Mobile,online data analytic
A2265,W3bDevMastery,153.0,3354.0,243.13,24.0,6.0,0.039,1536.0,2024-11-10,Delhi,Mobile,data analytics course
A2266,CloudComputngCours3,98.0,4801.0,186.52,10.0,3.0,0.031,1121.0,2024-11-07,Bangalore,Desktop,learn data analytics
A2267,WebDevMastery ,145.0,4799.0,194.74,17.0,6.0,0.041379310344827586,1381.0,2024-11-07,Delhi,Desktop,analytics for data
A2268,CloudComputngCours3,179.0,3753.0,220.87,23.0,6.0,0.0335195530726257,1966.0,2024-11-14,Mumbai,Tablet,data analytics course
A2269,W3bDevMastery,108.0,4698.0,187.19,19.0,10.0,0.09122252747252749,1118.0,2024-11-15,Mumbai,Mobile,data analitics online
A2270,dATAsCIENCEbOOTCAMP,191.0,3522.0,216.65,25.0,5.0,0.026,1835.0,2024-11-24,Mumbai,Tablet,data anaytics training
A2271,WebDevMastery ,183.0,3363.0,212.08,10.0,9.0,0.049,1511.0,2024-11-07,Delhi,Tablet,data analitics online
A2272,DeepLearnngPr0,175.0,5924.0,223.3,14.0,3.0,0.017,1505.0,2024-11-04,Bangalore,Mobile,analytics for data
A2273,DataScienceB0otcamp,97.0,3558.0,195.5,13.0,3.0,0.058,1544.0,2024-11-11,New Delhi,Desktop,data analytics course
A2274,BusinessAnlyticsClass,159.0,4208.0,236.75,13.0,8.0,0.05,1849.0,2024-11-16,Bangalore,Tablet,data anaytics training
A2275,DeepLe@rnngPro,125.0,3607.0,224.45,22.0,9.0,0.072,1392.0,2024-11-02,Delhi,Tablet,analytics for data
A2276,wEBdEVmASTERY,193.0,4482.0,199.27,13.0,9.0,0.046632124352331605,1612.0,2024-11-08,Delhi,Mobile,data analitics online
A2277,DeepLearnngPro_,110.0,5220.0,233.06,16.0,4.0,0.036,1711.0,2024-11-15,Chennai,Mobile,data anaytics training
A2278,CloudComputngCourse_,83.0,5247.0,231.04,27.0,3.0,0.054,1636.0,2024-11-04,Mumbai,Desktop,data analitics online
A2279,WebDevMastery,166.0,5522.0,218.34,13.0,3.0,0.018,1235.0,2024-11-22,New Delhi,Desktop,online data analytic
A2280,DeepLearnngPro_,108.0,3682.0,214.43,20.0,3.0,0.028,1553.0,2024-11-27,Pune,Desktop,learn data analytics
A2281,DeepLearnngPr0,84.0,4549.0,191.96,15.0,7.0,0.08333333333333333,1303.0,2024-11-13,Bangalore,Desktop,data analytics course
A2282,CloudComputngCourse,117.0,5170.0,211.85,16.0,10.0,0.085,1538.5,2024-11-20,Delhi,Tablet,data analitics online
A2283,WebDevMastery_,195.0,3122.0,205.3,24.0,4.0,0.043,1326.0,2024-11-14,Bangalore,Mobile,data anaytics training
A2284,Machn3LearningBasics,149.0,3650.0,220.25,17.0,3.0,0.02,1548.0,2024-11-29,New Delhi,Mobile,data analitics online
A2285,BusinessAnlyticsCl@ss,142.0,5436.0,237.09,14.0,7.0,0.04929577464788732,1269.0,2024-11-20,Pune,Tablet,online data analytic
A2286,sqldATABSEtRAINING,98.0,5485.0,182.29,16.0,5.0,0.051,1518.0,2024-11-19,Mumbai,Desktop,learn data analytics
A2287,DataSci3nceBootcamp,169.0,3778.0,212.245,11.0,3.0,0.018,1721.0,2024-11-14,Pune,Desktop,data anaytics training
A2288,pYTHON4dATA,99.0,3051.0,217.93,18.0,6.0,0.053,1762.0,2024-11-29,Pune,Mobile,online data analytic
A2289,Machn3LearningBasics,170.0,5286.0,190.65,22.0,7.0,0.041,1110.0,2024-11-09,Delhi,Desktop,data analitics online
A2290,WebDevMastery_,143.0,3533.0,248.96,22.0,4.0,0.047,1606.0,2024-11-05,Mumbai,Mobile,data anaytics training
A2291,CyberSecurtyFund@mentals,156.0,5125.0,182.15,26.0,10.0,0.064,1658.0,2024-11-16,Chennai,Mobile,data analytics course
A2292,WebDevMastery,91.0,4500.0,241.81,20.0,3.0,0.033,1902.0,2024-11-22,Bangalore,Mobile,data analitics online
A2293,MachneLearningBasics,140.0,4633.0,228.65,15.0,4.0,0.049,1738.0,2024-11-20,Pune,Mobile,data analitics online
A2294,cYBERsECURTYfUNDAMENTALS,142.0,3155.0,229.01,20.0,10.0,0.053,1955.0,2024-11-01,Chennai,Mobile,learn data analytics
A2295,DataScienceB0otcamp,198.0,3444.0,195.91,27.0,4.0,0.056,1317.0,2024-11-10,Pune,Desktop,data analitics online
A2296,D3epLearnngPro,88.0,4253.0,210.5,23.0,8.0,0.051,1918.0,2024-11-11,Mumbai,Tablet,data analitics online
A2297,SQLDatabseTraining,130.0,4925.0,201.1,26.0,5.0,0.038461538461538464,1301.0,2024-11-15,Bangalore,Tablet,analytics for data
A2298,M@chneLearningBasics,186.0,3576.0,213.96,26.0,4.0,0.022,1689.0,2024-11-02,Chennai,Tablet,learn data analytics
A2299,M@chneLearningBasics,146.0,5831.0,203.07,19.0,5.0,0.055,1216.0,2024-11-28,New Delhi,Mobile,analytics for data
A2300,ai_mARKETING101,199.0,5147.0,203.08,27.0,10.0,0.05,1126.0,2024-11-30,Delhi,Tablet,data analytics course
A2301,SQLD@tabseTraining,94.0,4242.0,208.78,14.0,5.0,0.053,1122.0,2024-11-17,Delhi,Tablet,learn data analytics
A2302,BusinessAnlyticsCl@ss,119.0,5530.0,205.75,25.0,9.0,0.07563025210084033,1725.0,2024-11-14,Pune,Mobile,analytics for data
A2303,SQLD@tabseTraining,168.0,4614.0,241.24,28.0,9.0,0.05357142857142857,1307.0,2024-11-01,Bangalore,Mobile,online data analytic
A2304,AI_Marketing101,117.0,5016.0,249.38,10.0,9.0,0.077,1832.0,2024-11-02,New Delhi,Tablet,learn data analytics
A2305,Machn3LearningBasics,156.0,5072.0,249.37,18.0,3.0,0.058,1701.0,2024-11-12,Chennai,Mobile,learn data analytics
A2306,sqldATABSEtRAINING,151.0,4805.0,241.95,22.0,3.0,0.056,1571.0,2024-11-03,Pune,Tablet,online data analytic
A2307,dEEPlEARNNGpRO,133.0,4474.0,198.99,10.0,7.0,0.047058823529411764,1394.0,2024-11-03,Delhi,Mobile,online data analytic
A2308,Businessanlyticsclass,105.0,5151.0,188.18,14.0,9.0,0.032,1595.0,2024-11-03,Pune,Tablet,online data analytic
A2309,D3epLearnngPro,98.0,4515.0,219.39,12.0,7.0,0.07142857142857142,1805.0,2024-11-07,Mumbai,Desktop,learn data analytics
A2310,Python4Data,93.0,4269.0,247.76,21.0,8.0,0.086,1543.0,2024-11-19,Chennai,Tablet,learn data analytics
A2311,mACHNElEARNINGbASICS,165.0,3759.0,231.62,23.0,8.0,0.05,1052.0,2024-11-28,New Delhi,Mobile,analytics for data
A2312,CyberSecurtyFund@mentals,156.0,4476.0,186.68,17.0,10.0,0.033,1372.0,2024-11-13,New Delhi,Tablet,analytics for data
A2313,M@chneLearningBasics,166.0,5749.0,236.52,11.0,5.0,0.036,1780.0,2024-11-15,Pune,Desktop,analytics for data
A2314,AI_Mark3ting101,134.0,5166.0,191.92,10.0,3.0,0.037,1526.0,2024-11-04,Bangalore,Mobile,learn data analytics
A2315,Ai_marketing101,103.0,3687.0,194.73,27.0,4.0,0.038834951456310676,1347.0,2024-11-15,New Delhi,Tablet,learn data analytics
A2316,CyberSecurtyFundamentals,95.0,4939.0,219.43,26.0,3.0,0.032,1785.0,2024-11-07,Pune,Mobile,data anaytics training
A2317,cLOUDcOMPUTNGcOURSE,155.0,3180.0,229.63,15.0,8.0,0.052,1832.0,2024-11-15,Bangalore,Desktop,data analytics course
A2318,WebDevMastery_,184.0,3981.0,193.25,16.0,3.0,0.035,1359.0,2024-11-30,Chennai,Tablet,learn data analytics
A2319,CyberSecurtyFund@mentals,186.0,3392.0,218.16,29.0,7.0,0.038,1012.0,2024-11-08,Chennai,Desktop,analytics for data
A2320,DataScienceBootcamp_,93.0,3160.0,220.75,30.0,8.0,0.086,1472.0,2024-11-08,Mumbai,Desktop,data analitics online
A2321,AI_Marketing101,138.0,4699.0,202.54,26.0,9.0,0.065,1133.0,2024-11-25,Pune,Tablet,online data analytic
A2322,wEBdEVmASTERY,96.0,3730.0,217.61,16.0,4.0,0.042,1283.0,2024-11-07,Chennai,Desktop,analytics for data
A2323,bUSINESSaNLYTICScLASS,127.0,5221.0,226.67,17.0,3.0,0.023622047244094488,1384.0,2024-11-03,Mumbai,Tablet,data anaytics training
A2324,Python4Data,92.0,3299.0,188.58,11.0,9.0,0.09122252747252749,1678.0,2024-11-27,Chennai,Desktop,data analitics online
A2325,Python4Data,156.0,5634.0,247.45,16.0,5.0,0.032,1925.0,2024-11-08,Pune,Tablet,data analytics course
A2326,Python4D@ta,113.0,5991.0,211.28,16.0,3.0,0.027,1499.0,2024-11-16,Delhi,Tablet,learn data analytics
A2327,pYTHON4dATA,84.0,3917.0,233.19,13.0,10.0,0.049,1440.0,2024-11-11,New Delhi,Desktop,data analytics course
A2328,cLOUDcOMPUTNGcOURSE,189.0,5335.0,181.46,27.0,9.0,0.048,1734.0,2024-11-08,New Delhi,Mobile,online data analytic
A2329,Deeplearnngpro,149.0,4550.0,219.44,11.0,9.0,0.06,1659.0,2024-11-16,Bangalore,Tablet,online data analytic
A2330,cYBERsECURTYfUNDAMENTALS,100.0,5805.0,181.27,15.0,4.0,0.04,1195.0,2024-11-04,Mumbai,Desktop,learn data analytics
A2331,Machnelearningbasics,105.0,5156.0,201.01,25.0,10.0,0.09122252747252749,1472.0,2024-11-11,Mumbai,Desktop,analytics for data
A2332,MachneLearningBasics ,86.0,5060.0,249.4,15.0,4.0,0.047,1761.0,2024-11-15,Chennai,Tablet,data analitics online
A2333,AI_Marketing101,93.0,5178.0,245.13,14.0,5.0,0.054,1080.0,2024-11-08,Delhi,Mobile,data analitics online
A2334,AI_Mark3ting101,180.0,3076.0,227.91,12.0,10.0,0.056,1488.5,2024-11-05,Mumbai,Desktop,online data analytic
A2335,AI_Marketing1011,156.0,3218.0,235.69,28.0,6.0,0.038,1289.0,2024-11-16,New Delhi,Tablet,data analitics online
A2336,CloudComputngCours3,124.0,4682.0,207.53,20.0,3.0,0.033,1550.0,2024-11-03,Chennai,Tablet,online data analytic
A2337,Machnelearningbasics,177.0,3592.0,205.25,29.0,9.0,0.051,1271.0,2024-11-15,Delhi,Desktop,data anaytics training
A2338,CloudComputngCours3,156.0,3506.0,242.9,13.0,7.0,0.048,1208.0,2024-11-01,Pune,Desktop,analytics for data
A2339,SQLDatabs3Training,132.0,3562.0,238.34,23.0,4.0,0.03,1033.0,2024-11-29,Chennai,Tablet,data analytics course
A2340,DataSci3nceBootcamp,178.0,4382.5,203.6,12.0,3.0,0.017,1155.0,2024-11-02,Mumbai,Tablet,analytics for data
A2341,SQLDatabseTraining,153.0,3953.0,237.56,20.0,6.0,0.053,1388.0,2024-11-26,Delhi,Tablet,learn data analytics
A2342,Python4Data,187.0,4891.0,223.99,14.0,8.0,0.043,1014.0,2024-11-26,Bangalore,Mobile,online data analytic
A2343,DataScienceBootcamp1,155.0,4976.0,183.21,10.0,5.0,0.053,1554.0,2024-11-13,Mumbai,Tablet,online data analytic
A2344,Deeplearnngpro,90.0,5781.0,200.71,28.0,5.0,0.046,1464.0,2024-11-07,Pune,Mobile,data analitics online
A2345,Machn3LearningBasics,172.0,3001.0,210.62,14.0,4.0,0.023,1192.0,2024-11-25,Chennai,Tablet,data analitics online
A2346,Cloudcomputngcourse,92.0,5728.0,224.5,14.0,9.0,0.09122252747252749,1876.0,2024-11-26,Chennai,Tablet,online data analytic
A2347,AI_Mark3ting101,162.0,5103.0,188.15,13.0,9.0,0.056,1264.0,2024-11-28,Pune,Mobile,analytics for data
A2348,Deeplearnngpro,193.0,3131.0,198.1,22.0,5.0,0.035,1870.0,2024-11-19,Bangalore,Tablet,data analytics course
A2349,DeepLearnngPro_,139.0,3547.0,238.34,13.0,5.0,0.048,1130.0,2024-11-02,Pune,Desktop,data analitics online
A2350,Python4Data,185.0,4070.0,200.95,21.0,5.0,0.027,1503.0,2024-11-07,Chennai,Mobile,online data analytic
A2351,dATAsCIENCEbOOTCAMP,117.0,3350.0,243.68,23.0,5.0,0.056,1204.0,2024-11-14,Chennai,Desktop,analytics for data
A2352,CloudComputngCourse,123.0,4976.0,244.49,14.0,4.0,0.033,1579.0,2024-11-02,Chennai,Desktop,analytics for data
A2353,DataScienceB0otcamp,181.0,5612.0,203.66,17.0,3.0,0.017,1499.0,2024-11-07,Chennai,Tablet,data anaytics training
A2354,SQLDatabs3Training,118.0,4390.0,214.04,24.0,8.0,0.068,1071.0,2024-11-18,Mumbai,Tablet,analytics for data
A2355,mACHNElEARNINGbASICS,82.0,3698.0,229.12,30.0,9.0,0.09122252747252749,1246.0,2024-11-20,Bangalore,Mobile,learn data analytics
A2356,AI_Mark3ting101,175.0,4295.0,195.17,18.0,6.0,0.03428571428571429,1939.0,2024-11-27,Bangalore,Tablet,data analitics online
A2357,WebDevMastery,130.0,3332.0,202.06,14.0,5.0,0.038,1184.0,2024-11-14,Delhi,Desktop,online data analytic
A2358,BusinessAnlyticsCl@ss,92.0,4082.0,186.29,25.0,5.0,0.054,1046.0,2024-11-24,Pune,Tablet,online data analytic
A2359,SQLDatabs3Training,159.0,4464.0,204.86,27.0,3.0,0.018867924528301886,1963.0,2024-11-20,Pune,Tablet,analytics for data
A2360,WebDevM@stery,193.0,5263.0,240.5,18.0,6.0,0.054,1670.0,2024-11-21,Mumbai,Tablet,online data analytic
A2361,ai_mARKETING101,98.0,4371.0,246.23,25.0,7.0,0.071,1114.0,2024-11-14,Chennai,Tablet,analytics for data
A2362,Busin3ssAnlyticsClass,176.0,3657.0,209.44,19.0,3.0,0.017,1171.0,2024-11-07,Mumbai,Desktop,online data analytic
A2363,wEBdEVmASTERY,182.0,5833.0,243.72,20.0,5.0,0.027,1206.0,2024-11-14,Pune,Desktop,data analytics course
A2364,DataScienceBootcamp1,85.0,3077.0,200.16,11.0,10.0,0.09122252747252749,1876.0,2024-11-23,Pune,Mobile,analytics for data
A2365,AI_Marketing101,98.0,3646.0,239.05,14.0,6.0,0.034,1586.0,2024-11-14,Chennai,Desktop,data analytics course
A2366,W3bDevMastery,160.0,3139.0,230.55,28.0,5.0,0.031,1449.0,2024-11-15,Bangalore,Desktop,analytics for data
A2367,bUSINESSaNLYTICScLASS,179.0,4005.0,232.47,16.0,10.0,0.056,1553.0,2024-11-24,Bangalore,Desktop,analytics for data
A2368,Deeplearnngpro,143.0,4315.0,196.3,24.0,5.0,0.047,1364.0,2024-11-26,Mumbai,Mobile,data analytics course
A2369,DataScienceBootcamp_,195.0,3876.0,187.59,28.0,3.0,0.015384615384615385,1828.0,2024-11-21,Pune,Mobile,data analytics course
A2370,SQLDatabseTraining,197.0,3174.0,214.97000000000003,22.0,7.0,0.036,1527.0,2024-11-14,Chennai,Tablet,data analitics online
A2371,CyberSecurtyFundamentals,92.0,5550.0,226.38,28.0,8.0,0.087,1322.0,2024-11-21,Delhi,Tablet,learn data analytics
A2372,D@taScienceBootcamp,90.0,3526.0,211.39,10.0,3.0,0.037,1395.0,2024-11-20,Mumbai,Desktop,online data analytic
A2373,DataScienceB0otcamp,149.0,3192.0,214.97000000000003,20.0,4.0,0.038,1708.0,2024-11-14,Chennai,Tablet,online data analytic
A2374,CloudComputngCourse_,82.0,4132.0,247.13,11.0,6.0,0.073,1091.0,2024-11-12,Mumbai,Tablet,data anaytics training
A2375,BusinessAnlyticsClass1,151.0,5826.0,226.53,16.0,8.0,0.053,1511.0,2024-11-25,New Delhi,Desktop,learn data analytics
A2376,Deeplearnngpro,162.0,5997.0,240.29,20.0,5.0,0.035,1144.0,2024-11-24,Delhi,Mobile,data analitics online
A2377,DeepLearnngPro1,197.0,4541.0,243.81,19.0,9.0,0.057,1701.0,2024-11-11,Mumbai,Desktop,data anaytics training
A2378,Pyth0n4Data,133.0,4642.0,184.52,22.0,4.0,0.032,1074.0,2024-11-14,Pune,Desktop,online data analytic
A2379,SQLDatabs3Training,194.0,5509.0,235.45,18.0,5.0,0.02577319587628866,1025.0,2024-11-12,Mumbai,Tablet,online data analytic
A2380,Ai_marketing101,169.0,3647.0,194.12,12.0,6.0,0.036,1697.0,2024-11-22,Mumbai,Desktop,learn data analytics
A2381,AI_M@rketing101,149.0,5209.0,183.91,18.0,10.0,0.06711409395973154,1799.0,2024-11-29,Delhi,Desktop,learn data analytics
A2382,Machnelearningbasics,124.0,5980.0,200.65,25.0,4.0,0.032,1768.0,2024-11-04,Pune,Desktop,learn data analytics
A2383,SQLDatabs3Training,170.0,5443.0,235.99,23.0,5.0,0.029411764705882353,1314.0,2024-11-21,Pune,Mobile,analytics for data
A2384,DataScienceB0otcamp,127.0,5326.0,226.11,18.0,10.0,0.04,1040.0,2024-11-21,Mumbai,Mobile,online data analytic
A2385,AI_Marketing101 ,114.0,5565.0,210.04,16.0,4.0,0.035,1800.0,2024-11-07,Bangalore,Desktop,data anaytics training
A2386,SQLDatabseTraining,154.0,3312.0,203.23,16.0,5.0,0.042,1977.0,2024-11-04,Delhi,Desktop,data anaytics training
A2387,mACHNElEARNINGbASICS,135.0,4369.0,225.53,28.0,4.0,0.046,1241.0,2024-11-23,Chennai,Tablet,data analitics online
A2388,CloudComputngCourse,126.0,3570.0,214.78,28.0,9.0,0.071,1078.0,2024-11-12,Mumbai,Tablet,data anaytics training
A2389,DeepLearnngPr0,141.0,3883.0,225.89,23.0,5.0,0.0465,1183.0,2024-11-21,Pune,Mobile,online data analytic
A2390,Cyb3rSecurtyFundamentals,125.0,5736.0,197.28,30.0,5.0,0.04,1265.0,2024-11-18,Mumbai,Mobile,analytics for data
A2391,wEBdEVmASTERY,197.0,5921.0,214.97,18.0,6.0,0.03,1975.0,2024-11-14,Bangalore,Desktop,learn data analytics
A2392,DeepLearnngPro ,98.0,3687.0,206.7,12.0,10.0,0.09122252747252749,1640.0,2024-11-07,Mumbai,Mobile,online data analytic
A2393,AI_Mark3ting101,164.0,5334.0,203.91,18.0,6.0,0.057,1128.0,2024-11-18,Pune,Desktop,data analytics course
A2394,Cybersecurtyfundamentals,111.0,4647.0,247.0,15.0,4.0,0.036036036036036036,1601.0,2024-11-29,Bangalore,Desktop,learn data analytics
A2395,AI_Marketing101 ,191.0,3485.0,212.43,10.0,7.0,0.03664921465968586,1813.0,2024-11-28,Chennai,Mobile,analytics for data
A2396,CloudComputngCours3,149.0,5720.0,211.54,14.0,5.0,0.034,1612.0,2024-11-29,New Delhi,Desktop,data analytics course
A2397,AI_Marketing1011,183.0,3540.0,222.14,15.0,3.0,0.016,1248.0,2024-11-11,Delhi,Mobile,learn data analytics
A2398,BusinessAnlyticsClass ,198.0,4035.0,215.94,22.0,8.0,0.04040404040404041,1472.5,2024-11-10,Delhi,Mobile,learn data analytics
A2399,Datasciencebootcamp,170.0,3024.0,234.76,11.0,10.0,0.058823529411764705,1941.0,2024-11-06,Mumbai,Mobile,learn data analytics
A2400,MachneLearningBasics,174.0,4334.0,186.29,12.0,4.0,0.023,1457.0,2024-11-22,Bangalore,Mobile,analytics for data
A2401,WebDevM@stery,91.0,4038.0,197.15,23.0,6.0,0.066,1000.0,2024-11-29,Mumbai,Mobile,data analitics online
A2402,Cloudcomputngcourse,197.0,4347.0,215.2,20.0,6.0,0.030456852791878174,1204.0,2024-11-26,Chennai,Desktop,online data analytic
A2403,Python4D@ta,235.2941176470588,5803.0,203.03,16.0,8.0,0.034,1397.0,2024-11-30,Mumbai,Mobile,analytics for data
A2404,pYTHON4dATA,152.0,4182.0,233.45,19.0,5.0,0.033,1719.0,2024-11-13,Delhi,Mobile,data analytics course
A2405,SQLDatabseTraining_,189.0,4809.0,225.32,27.0,10.0,0.053,1324.0,2024-11-18,Mumbai,Mobile,analytics for data
A2406,Businessanlyticsclass,139.0,5640.0,210.51,13.0,8.0,0.048,1536.0,2024-11-11,Pune,Desktop,data analytics course
A2407,Cybersecurtyfundamentals,159.0,3401.0,222.71,18.0,3.0,0.019,1849.0,2024-11-05,Pune,Desktop,data analitics online
A2408,D3epLearnngPro,175.0,5561.0,231.96,20.0,8.0,0.057,1174.0,2024-11-14,Mumbai,Mobile,data analytics course
A2409,ai_mARKETING101,175.0,5720.0,243.8,17.0,6.0,0.03428571428571429,1488.5,2024-11-26,Mumbai,Desktop,data analitics online
A2410,DataScienceBootcamp_,82.0,4898.0,215.11,25.0,8.0,0.09122252747252749,1776.0,2024-11-09,Mumbai,Tablet,analytics for data
A2411,cLOUDcOMPUTNGcOURSE,146.0,5871.0,218.69,30.0,4.0,0.0273972602739726,1531.5,2024-11-22,Delhi,Desktop,learn data analytics
A2412,CyberSecurtyFund@mentals,85.0,5954.0,201.88,18.0,6.0,0.071,1526.0,2024-11-27,Pune,Tablet,analytics for data
A2413,AI_Marketing101_,128.0,3487.0,236.19,25.0,6.0,0.047,1961.0,2024-11-02,Mumbai,Tablet,data analytics course
A2414,BusinessAnlyticsCl@ss,153.0,3808.0,189.61,19.0,8.0,0.052,1246.0,2024-11-02,Chennai,Tablet,data analytics course
A2415,Sqldatabsetraining,192.0,5720.0,243.11,30.0,9.0,0.046875,1555.0,2024-11-02,Mumbai,Mobile,online data analytic
A2416,MachneLearningBasics ,148.0,4721.0,189.48,26.0,8.0,0.054,1176.0,2024-11-01,Pune,Mobile,online data analytic
A2417,Webdevmastery,153.0,4768.0,214.39,25.0,5.0,0.041,1837.0,2024-11-26,Delhi,Tablet,data analitics online
A2418,DeepLe@rnngPro,173.91304347826087,5494.0,187.68,23.0,8.0,0.046,1402.0,2024-11-24,Chennai,Tablet,data analytics course
A2419,ai_mARKETING101,169.0,4540.0,180.58,30.0,7.0,0.049,1661.0,2024-11-26,Chennai,Mobile,data anaytics training
A2420,AI_M@rketing101,146.0,5173.0,234.26,20.0,7.0,0.048,1089.0,2024-11-28,Chennai,Mobile,online data analytic
A2421,Python4data,81.0,4808.0,189.19,17.0,9.0,0.09122252747252749,1759.0,2024-11-25,Bangalore,Desktop,online data analytic
A2422,CyberSecurtyFund@mentals,185.0,4638.0,234.72,18.0,6.0,0.032,1508.0,2024-11-27,Pune,Desktop,data analitics online
A2423,BusinessAnlyticsClass,90.0,5319.0,208.19,13.0,7.0,0.07777777777777778,1719.0,2024-11-26,Bangalore,Tablet,data anaytics training
A2424,AI_Mark3ting101,155.0,4532.0,203.44,19.0,8.0,0.052,1709.0,2024-11-17,Chennai,Desktop,learn data analytics
A2425,W3bDevMastery,125.0,3458.0,180.49,19.0,3.0,0.024,1754.0,2024-11-09,Bangalore,Tablet,data analitics online
A2426,wEBdEVmASTERY,151.0,5432.0,204.76,18.0,9.0,0.06,1472.5,2024-11-13,Delhi,Mobile,data anaytics training
A2427,Machn3LearningBasics,82.0,3052.0,211.11,12.0,3.0,0.037,1917.0,2024-11-06,Pune,Desktop,learn data analytics
A2428,Python4D@ta,198.0,5718.0,194.37,13.0,8.0,0.04,1118.0,2024-11-16,Bangalore,Tablet,data anaytics training
A2429,CyberSecurtyFund@mentals,115.0,4762.0,241.63,20.0,8.0,0.058,1555.0,2024-11-03,Delhi,Desktop,data analytics course
A2430,Cyb3rSecurtyFundamentals,158.0,4953.0,243.07,20.0,8.0,0.051,1955.0,2024-11-04,Mumbai,Tablet,learn data analytics
A2431,W3bDevMastery,102.0,3784.0,219.45,13.0,9.0,0.045,1967.0,2024-11-20,Chennai,Desktop,data analytics course
A2432,Python4D@ta,93.0,4272.0,192.81,22.0,7.0,0.075,1726.0,2024-11-18,New Delhi,Desktop,learn data analytics
A2433,CyberSecurtyFundamentals,198.0,5860.0,185.25,24.0,9.0,0.041,1950.0,2024-11-01,Delhi,Tablet,data anaytics training
A2434,Cybersecurtyfundamentals,174.0,4169.0,189.36,23.0,8.0,0.046,1110.0,2024-11-14,Delhi,Tablet,data analytics course
A2435,DeepLearnngPr0,193.0,5831.0,217.67,24.0,5.0,0.025906735751295335,1265.0,2024-11-14,Mumbai,Mobile,online data analytic
A2436,Cl0udComputngCourse,117.0,5269.0,196.1,26.0,7.0,0.047,1096.0,2024-11-05,Chennai,Desktop,online data analytic
A2437,cYBERsECURTYfUNDAMENTALS,147.0,5793.0,240.32,25.0,5.0,0.049,1645.0,2024-11-27,Chennai,Tablet,data analytics course
A2438,wEBdEVmASTERY,179.0,3338.0,218.33,30.0,7.0,0.039,1510.0,2024-11-24,Bangalore,Desktop,data analitics online
A2439,Businessanlyticsclass,194.0,4297.0,237.87,22.0,3.0,0.015463917525773196,1739.0,2024-11-29,Bangalore,Desktop,data analytics course
A2440,bUSINESSaNLYTICScLASS,112.0,3961.0,214.45,13.0,7.0,0.0625,1594.0,2024-11-17,Chennai,Desktop,analytics for data
A2441,cLOUDcOMPUTNGcOURSE,88.0,5063.0,195.2,22.0,3.0,0.034,1460.0,2024-11-20,New Delhi,Mobile,analytics for data
A2442,Deeplearnngpro,172.0,5635.0,200.16,21.0,7.0,0.036,1727.0,2024-11-14,Delhi,Mobile,data analitics online
A2443,Pyth0n4Data,81.0,4404.0,239.62,11.0,4.0,0.035,1814.0,2024-11-21,Pune,Mobile,data analytics course
A2444,Ai_marketing101,142.0,4312.0,213.54,21.0,7.0,0.049,1666.0,2024-11-20,Chennai,Desktop,learn data analytics
A2445,CyberSecurtyFundamentals,111.0,3302.0,193.18,30.0,10.0,0.09009009009009009,1783.0,2024-11-19,Mumbai,Mobile,analytics for data
A2446,sqldATABSEtRAINING,81.0,3575.0,192.71,27.0,4.0,0.049,1158.0,2024-11-11,Bangalore,Tablet,online data analytic
A2447,AI_M@rketing101,112.0,5055.0,213.36,26.0,5.0,0.058,1959.0,2024-11-29,New Delhi,Desktop,data anaytics training
A2448,DataScienceB0otcamp,101.0,5415.0,236.41,13.0,10.0,0.039,1832.0,2024-11-15,Pune,Tablet,learn data analytics
A2449,CloudComputngCourse_,166.0,3118.0,212.46,25.0,7.0,0.042,1813.0,2024-11-14,Mumbai,Tablet,online data analytic
A2450,DeepLe@rnngPro,141.0,5271.0,217.93,14.0,8.0,0.0465,1629.0,2024-11-22,Pune,Mobile,data analitics online
A2451,Python4data,148.0,4382.5,214.26,21.0,8.0,0.05405405405405406,1629.0,2024-11-13,Mumbai,Tablet,data analitics online
A2452,WebDevMastery,126.0,5250.0,239.73,30.0,4.0,0.032,1070.0,2024-11-23,Mumbai,Tablet,analytics for data
A2453,AI_Mark3ting101,119.0,4405.0,233.66,25.0,3.0,0.039,1407.0,2024-11-12,Bangalore,Desktop,data analytics course
A2454,CyberSecurtyFund@mentals,189.0,5060.0,236.54,26.0,7.0,0.043,1877.0,2024-11-10,Mumbai,Mobile,data anaytics training
A2455,AI_M@rketing101,167.0,3296.0,246.85,29.0,8.0,0.048,1723.0,2024-11-17,Mumbai,Desktop,data analitics online
A2456,Machnelearningbasics,198.0,3499.0,209.74,30.0,9.0,0.04,1893.0,2024-11-25,Delhi,Desktop,data analytics course
A2457,Webdevmastery,95.0,3449.0,184.55,10.0,10.0,0.041,1601.0,2024-11-16,Bangalore,Mobile,analytics for data
A2458,SQLDatabs3Training,181.0,3738.0,206.61,16.0,9.0,0.05,1868.0,2024-11-09,Chennai,Mobile,online data analytic
A2459,AI_Marketing1011,105.0,4236.0,180.2,12.0,7.0,0.067,1548.0,2024-11-24,New Delhi,Mobile,learn data analytics
A2460,wEBdEVmASTERY,178.0,5751.0,205.34,24.0,10.0,0.056179775280898875,1903.0,2024-11-20,Chennai,Desktop,data analytics course
A2461,MachneLearningBasics ,127.0,5050.0,184.77,28.0,9.0,0.071,1906.0,2024-11-02,Chennai,Desktop,data analitics online
A2462,CloudComputngCourse,198.0,4773.0,202.54,17.0,10.0,0.050505050505050504,1082.0,2024-11-19,Mumbai,Mobile,data analitics online
A2463,WebDevMastery,86.0,5652.0,249.13,25.0,7.0,0.081,1981.0,2024-11-06,Pune,Mobile,data anaytics training
A2464,Pyth0n4Data,139.0,5085.0,182.42,11.0,7.0,0.048,1109.0,2024-11-04,Pune,Desktop,online data analytic
A2465,Cyb3rSecurtyFundamentals,191.0,5070.0,247.41,12.0,4.0,0.020942408376963352,1266.0,2024-11-25,Chennai,Mobile,analytics for data
A2466,Datasciencebootcamp,139.0,5879.0,197.9,24.0,4.0,0.029,1476.0,2024-11-05,Mumbai,Mobile,data analytics course
A2467,AI_M@rketing101,197.0,3620.0,235.19,18.0,7.0,0.036,1740.0,2024-11-01,Chennai,Mobile,online data analytic
A2468,Python4data,116.0,4250.0,216.66,10.0,9.0,0.078,1877.0,2024-11-02,Mumbai,Mobile,data anaytics training
A2469,CloudComputngCourse_,192.0,4850.0,235.42,22.0,10.0,0.052,1124.0,2024-11-14,Bangalore,Desktop,analytics for data
A2470,Busin3ssAnlyticsClass,118.0,3815.0,185.78,16.0,4.0,0.03389830508474576,1093.0,2024-11-17,Bangalore,Desktop,data analitics online
A2471,M@chneLearningBasics,172.0,5741.0,198.44,14.0,4.0,0.023,1755.0,2024-11-11,Mumbai,Desktop,analytics for data
A2472,SQLDatabs3Training,174.0,4272.0,240.77,16.0,7.0,0.041,1004.0,2024-11-23,New Delhi,Desktop,learn data analytics
A2473,Cl0udComputngCourse,175.0,4974.0,182.22,21.0,5.0,0.02857142857142857,1300.0,2024-11-23,Pune,Mobile,learn data analytics
A2474,ai_mARKETING101,139.0,3215.0,191.22,30.0,7.0,0.048,1588.0,2024-11-23,Pune,Desktop,analytics for data
A2475,WebDevM@stery,141.0,3723.0,201.32,21.0,8.0,0.043,1568.5,2024-11-06,New Delhi,Tablet,data analytics course
A2476,Machnelearningbasics,103.0,4670.0,203.4,21.0,4.0,0.038834951456310676,1562.0,2024-11-25,Chennai,Mobile,analytics for data
A2477,AI_M@rketing101,187.0,4474.0,182.47,10.0,7.0,0.0495,1768.0,2024-11-13,Delhi,Tablet,online data analytic
A2478,DeepLearnngPr0,139.0,3009.0,195.17,21.0,6.0,0.046,1083.0,2024-11-23,Mumbai,Tablet,data analitics online
A2479,bUSINESSaNLYTICScLASS,109.0,3933.0,189.73,11.0,4.0,0.03669724770642202,1700.0,2024-11-07,Delhi,Desktop,data analitics online
A2480,BusinessAnlyticsClass,118.0,4360.0,232.09,10.0,9.0,0.076,1252.0,2024-11-13,Mumbai,Desktop,data anaytics training
A2481,mACHNElEARNINGbASICS,164.0,5120.0,185.69,10.0,5.0,0.031,1597.0,2024-11-23,New Delhi,Tablet,analytics for data
A2482,BusinessAnlyticsCl@ss,166.0,3887.0,192.0,24.0,9.0,0.054,1890.0,2024-11-13,Chennai,Tablet,data analytics course
A2483,DeepLearnngPro ,88.0,3909.0,189.57,30.0,10.0,0.09122252747252749,1750.0,2024-11-29,Delhi,Desktop,data anaytics training
A2484,SQLD@tabseTraining,125.0,3017.0,232.51,14.0,7.0,0.056,1510.0,2024-11-08,Mumbai,Tablet,data anaytics training
A2485,DataScienceBootcamp_,127.0,5127.0,206.95,26.0,5.0,0.0485,1902.0,2024-11-17,New Delhi,Desktop,online data analytic
A2486,Businessanlyticsclass,151.0,3992.0,212.42,10.0,9.0,0.06,1890.0,2024-11-26,Chennai,Tablet,learn data analytics
A2487,DeepLearnngPr0,182.0,3554.0,181.74,18.0,4.0,0.022,1933.0,2024-11-02,Chennai,Tablet,learn data analytics
A2488,AI_Marketing1011,84.0,4051.0,196.83,21.0,4.0,0.048,1094.0,2024-11-14,Chennai,Mobile,online data analytic
A2489,DataSci3nceBootcamp,127.0,3541.0,239.47,16.0,10.0,0.079,1474.0,2024-11-25,Pune,Tablet,data anaytics training
A2490,BusinessAnlyticsCl@ss,104.0,5878.0,228.79,21.0,3.0,0.05,1101.0,2024-11-05,Mumbai,Mobile,data analytics course
A2491,Machnelearningbasics,161.0,4611.0,228.34,26.0,7.0,0.043,1473.0,2024-11-25,Mumbai,Tablet,data analitics online
A2492,Busin3ssAnlyticsClass,141.0,4764.0,187.72,28.0,4.0,0.028,1428.0,2024-11-16,Bangalore,Mobile,analytics for data
A2493,WebDevM@stery,186.0,4603.0,191.84,26.0,9.0,0.047,1918.0,2024-11-07,Bangalore,Desktop,learn data analytics
A2494,CloudComputngCours3,139.0,5003.0,195.4,15.0,7.0,0.048,1273.0,2024-11-18,Pune,Desktop,data anaytics training
A2495,dATAsCIENCEbOOTCAMP,124.0,5212.0,190.83,13.0,6.0,0.048,1399.0,2024-11-07,Bangalore,Desktop,data analytics course
A2496,AI_Mark3ting101,97.0,5285.0,249.65,12.0,7.0,0.051,1411.0,2024-11-27,Delhi,Desktop,data anaytics training
A2497,DataScienceB0otcamp,111.0,3177.0,224.51,18.0,8.0,0.07207207207207207,1946.0,2024-11-25,Delhi,Desktop,learn data analytics
A2498,dEEPlEARNNGpRO,93.0,5571.0,185.71,12.0,7.0,0.075,1630.0,2024-11-21,Bangalore,Tablet,online data analytic
A2499,BusinessAnlyticsClass,92.0,3237.0,245.48,15.0,6.0,0.065,1510.0,2024-11-19,Bangalore,Desktop,data analitics online
A2500,Businessanlyticsclass,138.0,5314.0,198.39,17.0,10.0,0.072,1250.0,2024-11-20,New Delhi,Desktop,online data analytic
A2501,W3bDevMastery,129.0,4452.0,196.06,10.0,9.0,0.053,1069.0,2024-11-13,Mumbai,Tablet,learn data analytics
A2502,mACHNElEARNINGbASICS,183.0,3920.0,235.79,20.0,7.0,0.038,1238.0,2024-11-17,Delhi,Mobile,data anaytics training
A2503,cYBERsECURTYfUNDAMENTALS,154.0,4603.0,214.0,20.0,3.0,0.019,1709.0,2024-11-18,Mumbai,Tablet,data analytics course
A2504,M@chneLearningBasics,95.0,4938.0,204.5,12.0,6.0,0.046,1494.0,2024-11-18,Pune,Tablet,data anaytics training
A2505,D@taScienceBootcamp,173.0,5291.0,222.49,23.0,8.0,0.046242774566473986,1557.0,2024-11-13,New Delhi,Mobile,data analitics online
A2506,CloudComputngCours3,112.0,4072.0,211.56,17.0,10.0,0.089,1229.0,2024-11-01,Chennai,Desktop,analytics for data
A2507,CyberSecurtyFundamentals1,170.0,5953.0,186.11,25.0,8.0,0.047058823529411764,1080.0,2024-11-26,Delhi,Mobile,data analitics online
A2508,wEBdEVmASTERY,96.0,4594.5,232.87,20.0,10.0,0.053,1162.0,2024-11-14,Pune,Mobile,learn data analytics
A2509,WebDevMastery,113.0,3104.0,230.92,28.0,9.0,0.08,1422.0,2024-11-27,Mumbai,Tablet,data analytics course
A2510,BusinessAnlyticsCl@ss,145.0,4882.0,217.25,22.0,3.0,0.021,1814.0,2024-11-19,Pune,Mobile,analytics for data
A2511,W3bDevMastery,83.0,3212.0,243.86,25.0,4.0,0.048,1612.0,2024-11-19,Chennai,Mobile,data analytics course
A2512,bUSINESSaNLYTICScLASS,90.0,4973.0,181.04,23.0,5.0,0.056,1039.0,2024-11-03,Delhi,Desktop,online data analytic
A2513,SQLDatabs3Training,140.0,5227.0,222.57,27.0,3.0,0.021,1527.0,2024-11-18,Chennai,Desktop,learn data analytics
A2514,Python4Data_,111.0,5434.0,181.05,10.0,5.0,0.045,1627.0,2024-11-23,Bangalore,Mobile,data anaytics training
A2515,dEEPlEARNNGpRO,105.0,3300.0,180.25,22.0,10.0,0.09122252747252749,1640.0,2024-11-21,Chennai,Mobile,online data analytic
A2516,cLOUDcOMPUTNGcOURSE,181.0,4857.0,215.59,13.0,8.0,0.044,1883.0,2024-11-23,Chennai,Desktop,learn data analytics
A2517,sqldATABSEtRAINING,189.0,4019.0,248.09,16.0,6.0,0.045,1378.0,2024-11-30,Delhi,Tablet,online data analytic
A2518,CloudComputngCourse ,138.0,5495.0,220.69,19.0,5.0,0.036,1624.0,2024-11-04,Bangalore,Tablet,online data analytic
A2519,AI_Mark3ting101,178.0,5218.0,208.92,20.0,7.0,0.039,1714.0,2024-11-25,New Delhi,Mobile,analytics for data
A2520,CloudComputngCourse,155.0,5996.0,247.54,15.0,5.0,0.032,1883.0,2024-11-27,Bangalore,Mobile,analytics for data
A2521,MachneLearningBasics1,168.0,4932.0,198.95,16.0,7.0,0.052,1301.0,2024-11-19,Delhi,Desktop,data anaytics training
A2522,SQLD@tabseTraining,152.0,4498.0,233.81,30.0,6.0,0.039,1090.0,2024-11-25,Bangalore,Desktop,data analitics online
A2523,AI_Mark3ting101,111.0,4164.0,191.04,18.0,9.0,0.08108108108108109,1687.0,2024-11-21,Mumbai,Tablet,data anaytics training
A2524,Datasciencebootcamp,141.0,4329.0,230.44,14.0,6.0,0.043,1610.0,2024-11-07,Mumbai,Mobile,learn data analytics
A2525,CloudComputngCours3,97.0,5764.0,246.15,30.0,7.0,0.07216494845360824,1345.0,2024-11-18,Delhi,Mobile,analytics for data
A2526,dATAsCIENCEbOOTCAMP,82.0,5430.0,205.46,18.0,5.0,0.061,1435.0,2024-11-30,Mumbai,Mobile,online data analytic
A2527,wEBdEVmASTERY,164.0,5179.0,206.72,18.0,9.0,0.055,1213.0,2024-11-27,New Delhi,Tablet,data analytics course
A2528,DataScienceB0otcamp,109.0,5707.0,246.86,22.0,4.0,0.034,1980.0,2024-11-19,Bangalore,Tablet,data analitics online
A2529,CyberSecurtyFundamentals,126.0,3263.0,237.54,20.0,9.0,0.07142857142857142,1364.0,2024-11-17,Mumbai,Mobile,data analitics online
A2530,DataScienceB0otcamp,175.0,5718.0,225.4,19.0,6.0,0.057,1001.0,2024-11-12,Chennai,Tablet,analytics for data
A2531,CloudComputngCourse,96.0,5075.0,221.28,25.0,3.0,0.038,1937.0,2024-11-23,Delhi,Desktop,learn data analytics
A2532,WebDevMastery1,113.0,4473.0,202.3,17.0,5.0,0.044,1049.0,2024-11-08,Chennai,Tablet,online data analytic
A2533,WebDevMastery1,96.0,3979.0,232.44,27.0,7.0,0.07291666666666667,1140.0,2024-11-30,Pune,Mobile,learn data analytics
A2534,Ai_marketing101,162.0,5688.0,190.31,17.0,5.0,0.031,1556.0,2024-11-25,Delhi,Tablet,data analytics course
A2535,mACHNElEARNINGbASICS,125.0,3546.0,234.02,23.0,10.0,0.08,1072.0,2024-11-27,Bangalore,Desktop,analytics for data
A2536,DeepLearnngPr0,89.0,4188.0,206.71,16.0,4.0,0.045,1382.0,2024-11-01,Pune,Tablet,online data analytic
A2537,ai_mARKETING101,99.0,4134.0,234.04,18.0,3.0,0.03,1683.0,2024-11-30,Bangalore,Desktop,learn data analytics
A2538,Machn3LearningBasics,91.0,4710.0,199.18,21.0,9.0,0.09122252747252749,1431.0,2024-11-10,Mumbai,Tablet,data analytics course
A2539,Machn3LearningBasics,141.0,4654.0,192.19,21.0,6.0,0.043,1932.0,2024-11-25,Bangalore,Mobile,analytics for data
A2540,CyberSecurtyFund@mentals,110.0,5509.0,245.38,13.0,8.0,0.048,1539.0,2024-11-10,Bangalore,Mobile,learn data analytics
A2541,Datasciencebootcamp,96.0,3091.0,187.57,11.0,7.0,0.0495,1737.0,2024-11-10,Delhi,Tablet,data analytics course
A2542,AI_Marketing101 ,85.0,4653.0,196.73,23.0,6.0,0.071,1032.0,2024-11-13,Pune,Mobile,data analytics course
A2543,DeepLearnngPr0,151.0,5389.0,227.07,18.0,10.0,0.057,1318.0,2024-11-20,Delhi,Desktop,data anaytics training
A2544,M@chneLearningBasics,139.0,5290.0,208.43,28.0,4.0,0.051,1022.0,2024-11-20,New Delhi,Tablet,data analitics online
A2545,Cybersecurtyfundamentals,120.0,3060.0,197.96,20.0,8.0,0.067,1679.0,2024-11-23,Chennai,Tablet,analytics for data
A2546,SQLDatabseTraining,109.0,4444.0,219.46,12.0,9.0,0.083,1159.0,2024-11-28,Chennai,Mobile,data anaytics training
A2547,Busin3ssAnlyticsClass,145.0,3509.0,181.11,19.0,10.0,0.048,1627.0,2024-11-22,Pune,Mobile,online data analytic
A2548,Cl0udComputngCourse,151.0,4675.0,183.02,14.0,7.0,0.046,1000.0,2024-11-10,New Delhi,Mobile,analytics for data
A2549,Cyb3rSecurtyFundamentals,108.0,5869.0,226.93,16.0,7.0,0.065,1633.0,2024-11-03,New Delhi,Desktop,analytics for data
A2550,bUSINESSaNLYTICScLASS,166.0,3992.0,205.9,15.0,8.0,0.048,1899.0,2024-11-05,New Delhi,Desktop,analytics for data
A2551,ai_mARKETING101,134.0,4172.0,191.8,26.0,5.0,0.037,1170.0,2024-11-18,Mumbai,Tablet,online data analytic
A2552,CyberSecurtyFundamentals,104.0,5926.0,224.63,17.0,8.0,0.07692307692307693,1239.0,2024-11-24,Pune,Mobile,learn data analytics
A2553,WebDevMastery1,135.0,5785.0,195.39,15.0,10.0,0.046,1296.0,2024-11-25,Chennai,Tablet,analytics for data
A2554,pYTHON4dATA,160.0,5664.0,210.58,16.0,9.0,0.05625,1836.0,2024-11-07,New Delhi,Mobile,data anaytics training
A2555,WebDevMastery_,147.0,5930.0,248.18,22.0,10.0,0.068,1743.0,2024-11-15,Chennai,Desktop,analytics for data
A2556,Pyth0n4Data,196.0,3656.0,240.44,15.0,6.0,0.052,1894.0,2024-11-03,Bangalore,Tablet,analytics for data
A2557,Webdevmastery,159.0,5078.0,182.57,30.0,8.0,0.05,1541.0,2024-11-09,Bangalore,Mobile,data analytics course
A2558,ai_mARKETING101,104.0,5257.0,220.44,17.0,7.0,0.052,1462.0,2024-11-27,Bangalore,Mobile,data analitics online
A2559,Sqldatabsetraining,135.0,5582.0,209.14,28.0,5.0,0.037,1912.0,2024-11-25,New Delhi,Tablet,online data analytic
A2560,dATAsCIENCEbOOTCAMP,92.0,3097.0,232.27,21.0,7.0,0.048,1905.0,2024-11-14,Pune,Desktop,analytics for data
A2561,Webdevmastery,136.0,3657.0,236.19,12.0,5.0,0.037,1425.0,2024-11-06,Mumbai,Mobile,online data analytic
A2562,Deeplearnngpro,135.0,3198.0,227.48,19.0,6.0,0.044,1882.0,2024-11-09,New Delhi,Desktop,online data analytic
A2563,DataSci3nceBootcamp,91.0,5017.0,239.34,15.0,5.0,0.055,1494.0,2024-11-02,Pune,Tablet,analytics for data
A2564,D3epLearnngPro,181.0,5343.0,244.02,30.0,9.0,0.038,1639.0,2024-11-26,New Delhi,Mobile,learn data analytics
A2565,SQLDatabs3Training,142.0,4896.0,207.51,17.0,6.0,0.045,1505.0,2024-11-11,Chennai,Mobile,data analitics online
A2566,wEBdEVmASTERY,80.0,5756.0,205.38,16.0,4.0,0.05,1778.0,2024-11-20,Mumbai,Desktop,online data analytic
A2567,Sqldatabsetraining,155.0,5696.0,236.44,13.0,3.0,0.019,1207.0,2024-11-23,Bangalore,Mobile,data analitics online
A2568,mACHNElEARNINGbASICS,114.0,5683.0,214.42,20.0,8.0,0.07,1474.0,2024-11-08,Chennai,Mobile,learn data analytics
A2569,DataScienceBootcamp1,98.0,4669.0,205.72,16.0,6.0,0.061,1767.0,2024-11-30,Delhi,Desktop,analytics for data
A2570,Cybersecurtyfundamentals,125.0,3807.0,234.92,11.0,6.0,0.048,1472.5,2024-11-29,Delhi,Mobile,online data analytic
A2571,WebDevMastery,160.0,3163.0,238.95,20.0,8.0,0.05,1569.0,2024-11-26,Mumbai,Desktop,online data analytic
A2572,W3bDevMastery,175.0,3732.0,231.25,16.0,10.0,0.057,1014.0,2024-11-15,Pune,Mobile,learn data analytics
A2573,Businessanlyticsclass,123.0,3860.0,224.63,24.0,8.0,0.065,1800.0,2024-11-15,Bangalore,Desktop,analytics for data
A2574,Pyth0n4Data,106.0,3196.0,212.12,15.0,6.0,0.05660377358490566,1314.0,2024-11-23,Chennai,Tablet,analytics for data
A2575,bUSINESSaNLYTICScLASS,139.0,3322.0,205.85,24.0,4.0,0.046,1031.0,2024-11-09,Mumbai,Tablet,data anaytics training
A2576,WebDevMastery_,185.0,5121.0,215.46,12.0,9.0,0.049,1724.0,2024-11-02,Mumbai,Mobile,data analytics course
A2577,cLOUDcOMPUTNGcOURSE,139.0,5610.0,239.44,17.0,6.0,0.043,1548.0,2024-11-14,Mumbai,Tablet,online data analytic
A2578,MachneLearningBasics,174.0,3890.0,186.04,28.0,7.0,0.04,1793.0,2024-11-21,Mumbai,Tablet,online data analytic
A2579,W3bDevMastery,157.0,4671.0,248.17,14.0,7.0,0.045,1247.0,2024-11-03,Pune,Mobile,data anaytics training
A2580,bUSINESSaNLYTICScLASS,160.0,5438.0,197.5,16.0,6.0,0.037,1752.0,2024-11-03,Bangalore,Tablet,data analytics course
A2581,WebDevMastery_,198.0,4726.0,185.13,14.0,7.0,0.048,1580.0,2024-11-17,Bangalore,Tablet,learn data analytics
A2582,CloudComputngCours3,144.0,5301.0,195.83,12.0,3.0,0.020833333333333332,1654.0,2024-11-27,Mumbai,Tablet,data analitics online
A2583,CyberSecurtyFund@mentals,187.0,3722.0,182.43,27.0,7.0,0.037,1613.0,2024-11-20,Chennai,Mobile,data anaytics training
A2584,D@taScienceBootcamp,139.0,3944.0,216.48,29.0,3.0,0.022,1863.0,2024-11-04,Mumbai,Tablet,analytics for data
A2585,DeepLearnngPro_,194.0,5123.0,180.01,27.0,5.0,0.036,1978.0,2024-11-05,Mumbai,Mobile,learn data analytics
A2586,Python4Data,157.0,4127.0,200.44,30.0,8.0,0.058,1044.0,2024-11-15,Pune,Desktop,data anaytics training
A2587,MachneLearningBasics_,112.0,4944.0,233.83,19.0,4.0,0.036,1296.0,2024-11-27,Mumbai,Tablet,data anaytics training
A2588,ai_mARKETING101,82.0,4534.0,203.89,10.0,6.0,0.073,1589.0,2024-11-26,Delhi,Tablet,online data analytic
A2589,SQLDatabs3Training,152.0,5894.0,219.23,14.0,5.0,0.033,1641.0,2024-11-13,Pune,Mobile,data anaytics training
A2590,Deeplearnngpro,81.0,5545.0,212.89,11.0,5.0,0.062,1818.0,2024-11-15,Delhi,Mobile,data analitics online
A2591,AI_M@rketing101,84.0,5573.0,212.245,23.0,6.0,0.071,1656.0,2024-11-12,Pune,Desktop,online data analytic
A2592,Businessanlyticsclass,117.0,3039.0,223.72,27.0,8.0,0.068,1340.0,2024-11-14,Mumbai,Mobile,data anaytics training
A2593,WebDevMastery,82.0,3556.0,217.98,16.0,5.0,0.061,1331.0,2024-11-17,Bangalore,Mobile,data analitics online
A2594,AI_M@rketing101,192.0,4920.0,192.15,18.0,10.0,0.052,1665.0,2024-11-09,Pune,Mobile,data analitics online
A2595,Deeplearnngpro,131.0,3187.0,234.53,24.0,10.0,0.07633587786259542,1656.0,2024-11-07,Chennai,Mobile,data analytics course
A2596,Cloudcomputngcourse,177.0,3238.0,189.61,29.0,7.0,0.05,1925.0,2024-11-27,New Delhi,Tablet,data analitics online
A2597,W3bDevMastery,140.0,4532.0,182.66,22.0,10.0,0.047,1482.0,2024-11-24,Chennai,Desktop,learn data analytics
A2598,Cybersecurtyfundamentals,147.0,4507.0,190.42,27.0,8.0,0.054,1073.0,2024-11-05,Mumbai,Desktop,learn data analytics
A2599,Python4Data,143.0,3606.0,200.29,20.0,3.0,0.035,1550.0,2024-11-20,Chennai,Mobile,learn data analytics
A2600,AI_Marketing101 ,150.0,3355.0,186.9,20.0,4.0,0.047058823529411764,1524.0,2024-11-10,Delhi,Mobile,online data analytic
A2601,mACHNElEARNINGbASICS,160.0,3711.0,214.41,10.0,6.0,0.037,1550.0,2024-11-07,Mumbai,Mobile,analytics for data
A2602,DeepLearnngPro ,172.0,4841.0,234.94,28.0,8.0,0.046511627906976744,1258.0,2024-11-12,Pune,Desktop,analytics for data
A2603,WebDevMastery_,95.0,5411.0,182.58,13.0,4.0,0.042,1111.0,2024-11-30,Chennai,Tablet,data anaytics training
A2604,D3epLearnngPro,111.0,3520.0,237.4,13.0,3.0,0.027,1395.0,2024-11-19,Pune,Mobile,online data analytic
A2605,SQLD@tabseTraining,171.0,3460.0,184.14,27.0,9.0,0.053,1565.0,2024-11-16,Chennai,Tablet,data analitics online
A2606,BusinessAnlyticsClass ,145.0,5875.0,221.0,14.0,7.0,0.048,1230.0,2024-11-24,Bangalore,Desktop,learn data analytics
A2607,Python4Data,118.0,3404.0,183.15,27.0,7.0,0.059,1489.0,2024-11-21,Bangalore,Tablet,learn data analytics
A2608,sqldATABSEtRAINING,171.0,3567.0,233.32,27.0,4.0,0.023391812865497075,1271.0,2024-11-05,New Delhi,Desktop,analytics for data
A2609,Ai_marketing101,108.0,3628.0,185.68,24.0,8.0,0.074,1682.0,2024-11-19,Delhi,Tablet,learn data analytics
A2610,D3epLearnngPro,100.0,4994.0,206.32,21.0,7.0,0.04,1673.0,2024-11-20,Chennai,Tablet,learn data analytics
A2611,Python4D@ta,138.0,5758.0,193.53,14.0,4.0,0.029,1902.0,2024-11-15,Delhi,Tablet,analytics for data
A2612,Cloudcomputngcourse,88.0,3382.0,198.62,25.0,9.0,0.09122252747252749,1599.0,2024-11-10,Bangalore,Desktop,data anaytics training
A2613,W3bDevMastery,125.0,3652.0,186.61,29.0,10.0,0.08,1017.0,2024-11-29,Chennai,Mobile,learn data analytics
A2614,dEEPlEARNNGpRO,169.0,4120.0,215.75,27.0,5.0,0.03,1362.0,2024-11-19,Delhi,Mobile,analytics for data
A2615,Pyth0n4Data,169.0,3142.0,236.79,18.0,7.0,0.041,1464.0,2024-11-06,Pune,Mobile,data analitics online
A2616,WebDevMastery_,149.0,5726.0,235.72,17.0,7.0,0.047,1902.0,2024-11-11,Pune,Mobile,data analitics online
A2617,CloudComputngCours3,99.0,5938.0,183.49,30.0,3.0,0.03,1487.0,2024-11-18,Bangalore,Mobile,data analitics online
A2618,mACHNElEARNINGbASICS,177.0,3567.0,214.71,28.0,5.0,0.028,1001.0,2024-11-11,Pune,Tablet,analytics for data
A2619,Pyth0n4Data,189.0,3215.0,224.53,23.0,9.828,0.052,1309.0,2024-11-15,Bangalore,Desktop,online data analytic
A2620,W3bDevMastery,94.0,5094.0,211.16,24.0,3.0,0.031914893617021274,1974.0,2024-11-09,New Delhi,Desktop,online data analytic
A2621,AI_Marketing101_,191.0,3337.0,231.0,29.0,6.0,0.031,1424.0,2024-11-18,Delhi,Tablet,data analytics course
A2622,Deeplearnngpro,83.0,4359.0,227.14,19.5,10.0,0.09122252747252749,1532.0,2024-11-02,Chennai,Desktop,data analitics online
A2623,BusinessAnlyticsClass,148.0,4813.0,212.78,12.0,6.0,0.045,1833.0,2024-11-23,Chennai,Mobile,online data analytic
A2624,Python4Data,125.0,4300.0,221.37,16.0,10.0,0.08,1066.0,2024-11-27,Pune,Tablet,data analytics course
A2625,BusinessAnlyticsClass_,105.0,4094.0,183.47,11.0,6.0,0.05714285714285714,1817.0,2024-11-25,Bangalore,Mobile,online data analytic
A2626,BusinessAnlyticsClass1,84.0,4263.0,234.62,29.0,9.0,0.09122252747252749,1599.0,2024-11-18,Bangalore,Mobile,learn data analytics
A2627,MachneLearningBasics,114.0,3472.0,242.89,16.0,10.0,0.08771929824561403,1642.0,2024-11-28,Pune,Tablet,analytics for data
A2628,Sqldatabsetraining,129.0,4411.0,180.17,28.0,5.0,0.039,1173.0,2024-11-10,Mumbai,Desktop,data analitics online
A2629,DeepLe@rnngPro,128.0,4787.0,204.29,19.5,7.552,0.059,1880.0,2024-11-29,Chennai,Desktop,data anaytics training
A2630,Deeplearnngpro,120.0,5915.0,241.95,26.0,3.0,0.025,1253.0,2024-11-25,Delhi,Desktop,analytics for data
A2631,Cl0udComputngCourse,99.0,4111.0,192.09,14.0,5.0,0.050505050505050504,1497.0,2024-11-19,Bangalore,Mobile,analytics for data
A2632,BusinessAnlyticsClass ,180.0,3305.0,187.59,14.0,10.0,0.056,1532.0,2024-11-19,Chennai,Desktop,data analitics online
A2633,pYTHON4dATA,154.0,3510.0,211.16,26.0,10.0,0.065,1167.0,2024-11-14,Chennai,Tablet,online data analytic
A2634,DataScienceBootcamp ,89.0,3265.0,234.51,29.0,8.0,0.09,1568.5,2024-11-28,New Delhi,Tablet,data analytics course
A2635,cYBERsECURTYfUNDAMENTALS,136.0,5977.0,249.89,15.0,9.0,0.066,1477.0,2024-11-28,Pune,Tablet,analytics for data
A2636,CyberSecurtyFundamentals,177.0,5409.0,181.75,19.0,4.0,0.022598870056497175,1793.0,2024-11-03,New Delhi,Tablet,data analytics course
A2637,cLOUDcOMPUTNGcOURSE,145.0,5523.0,217.98,10.0,6.0,0.044,1668.0,2024-11-19,Bangalore,Mobile,data anaytics training
A2638,Cloudcomputngcourse,152.0,5421.0,248.08,16.0,6.0,0.035,1752.0,2024-11-27,Chennai,Mobile,analytics for data
A2639,mACHNElEARNINGbASICS,187.0,5181.0,227.15,18.0,10.0,0.053475935828877004,1516.0,2024-11-25,Mumbai,Tablet,data anaytics training
A2640,Cloudcomputngcourse,91.0,5484.0,198.25,16.0,6.0,0.066,1981.0,2024-11-20,Mumbai,Mobile,data anaytics training
A2641,ai_mARKETING101,180.0,5545.0,238.85,30.0,10.0,0.056,1971.0,2024-11-24,New Delhi,Desktop,data analytics course
A2642,DeepLearnngPro_,122.0,4295.0,213.5,24.0,6.0,0.049,1349.0,2024-11-10,Mumbai,Desktop,data analytics course
A2643,Ai_marketing101,139.0,4314.0,194.56,21.0,9.0,0.046,1211.0,2024-11-09,Mumbai,Tablet,data anaytics training
A2644,Ai_marketing101,157.0,4111.0,208.46,27.0,8.0,0.050955414012738856,1187.0,2024-11-05,Chennai,Tablet,data anaytics training
A2645,CloudComputngCourse,178.0,5640.0,195.8,25.0,4.0,0.022,1807.0,2024-11-22,Pune,Mobile,data analitics online
A2646,AI_M@rketing101,94.0,3805.0,198.19,12.0,8.0,0.085,1523.0,2024-11-10,Bangalore,Tablet,data analytics course
A2647,Python4D@ta,130.0,4561.0,196.04,25.0,9.0,0.069,1388.0,2024-11-18,Bangalore,Desktop,analytics for data
A2648,Python4Data1,169.0,5865.0,200.36,19.0,5.0,0.03,1482.0,2024-11-30,Bangalore,Mobile,online data analytic
A2649,BusinessAnlyticsClass,176.0,5275.0,241.12,14.0,8.0,0.045454545454545456,1995.0,2024-11-15,New Delhi,Mobile,data analitics online
A2650,wEBdEVmASTERY,143.0,4964.0,207.66,21.0,10.0,0.07,1619.0,2024-11-13,Bangalore,Tablet,analytics for data
A2651,DataSci3nceBootcamp,153.0,5292.0,225.98,21.0,9.0,0.059,1223.0,2024-11-10,New Delhi,Mobile,data analytics course
A2652,DataSci3nceBootcamp,96.0,5568.0,210.99,19.0,10.0,0.09122252747252749,1317.0,2024-11-21,Mumbai,Desktop,learn data analytics
A2653,wEBdEVmASTERY,96.0,4849.0,198.41,13.0,5.0,0.052,1198.0,2024-11-27,Bangalore,Mobile,online data analytic
A2654,sqldATABSEtRAINING,172.0,4128.0,216.48,12.0,7.0,0.041,1070.0,2024-11-17,Mumbai,Tablet,learn data analytics
A2655,dATAsCIENCEbOOTCAMP,197.0,4645.0,219.15,24.0,5.0,0.025,1911.0,2024-11-30,Bangalore,Mobile,online data analytic
A2656,mACHNElEARNINGbASICS,191.0,5706.0,249.69,25.0,6.0,0.031,1821.0,2024-11-16,Chennai,Desktop,data analitics online
A2657,Datasciencebootcamp,167.0,3438.0,235.2,10.0,7.0,0.041916167664670656,1229.0,2024-11-17,Bangalore,Desktop,data analitics online
A2658,W3bDevMastery,191.0,3610.0,217.44,27.0,6.0,0.031,1890.0,2024-11-23,Bangalore,Tablet,analytics for data
A2659,MachneLearningBasics_,90.0,3828.0,238.12,21.0,6.0,0.06,1505.0,2024-11-21,Pune,Desktop,data analitics online
A2660,SQLDatabseTraining_,115.0,5431.0,180.5,20.0,7.0,0.061,1995.0,2024-11-15,Delhi,Desktop,data analytics course
A2661,CloudComputngCours3,188.0,4300.0,226.13,28.0,7.0,0.03723404255319149,1185.0,2024-11-14,Mumbai,Mobile,online data analytic
A2662,BusinessAnlyticsClass ,173.0,3829.0,221.28,29.0,4.0,0.023,1417.0,2024-11-25,Chennai,Desktop,learn data analytics
A2663,Sqldatabsetraining,107.0,4165.0,192.18,21.0,10.0,0.09122252747252749,1754.0,2024-11-29,Delhi,Mobile,learn data analytics
A2664,Cybersecurtyfundamentals,171.0,5953.0,230.37,14.0,7.0,0.048,1436.0,2024-11-17,Mumbai,Tablet,analytics for data
A2665,ai_mARKETING101,87.0,4836.0,242.0,12.0,7.0,0.08045977011494253,1665.0,2024-11-15,New Delhi,Desktop,learn data analytics
A2666,AI_M@rketing101,199.0,3717.0,226.84,27.0,3.0,0.037,1449.0,2024-11-25,Bangalore,Mobile,data anaytics training
A2667,Webdevmastery,195.0,5190.0,231.62,21.0,3.0,0.015384615384615385,1429.0,2024-11-12,Mumbai,Tablet,data analytics course
A2668,CloudComputngCourse ,97.0,3921.0,232.83,11.0,9.0,0.036,1886.0,2024-11-16,Bangalore,Tablet,analytics for data
A2669,DataSci3nceBootcamp,184.0,3824.0,200.99,26.0,6.0,0.03260869565217391,1023.0,2024-11-26,Bangalore,Mobile,data analitics online
A2670,AI_M@rketing101,168.0,5414.0,221.78,19.0,8.0,0.048,1715.0,2024-11-29,Delhi,Mobile,data anaytics training
A2671,AI_Marketing101 ,128.0,3984.0,222.78,26.0,4.0,0.03125,1786.0,2024-11-14,Chennai,Desktop,data analitics online
A2672,dEEPlEARNNGpRO,117.0,4716.0,213.86,26.0,4.0,0.03418803418803419,1464.0,2024-11-27,Pune,Mobile,online data analytic
A2673,BusinessAnlyticsCl@ss,142.0,5265.0,183.15,19.0,9.0,0.047,1173.0,2024-11-07,Chennai,Desktop,online data analytic
A2674,SQLDatabs3Training,194.0,5273.0,201.59,15.0,10.0,0.05154639175257732,1018.0,2024-11-06,Delhi,Mobile,data analitics online
A2675,Businessanlyticsclass,141.0,5656.0,193.58,20.0,6.0,0.043,1953.0,2024-11-26,Bangalore,Desktop,data analytics course
A2676,MachneLearningBasics,137.0,3149.0,195.06,17.0,6.0,0.046,1718.0,2024-11-08,Mumbai,Tablet,analytics for data
A2677,ai_mARKETING101,162.0,5799.0,196.39,27.0,8.0,0.049,1538.5,2024-11-13,Delhi,Tablet,data analitics online
A2678,SQLDatabs3Training,151.0,3487.0,187.0,30.0,6.0,0.04,1529.0,2024-11-13,Pune,Mobile,online data analytic
A2679,bUSINESSaNLYTICScLASS,87.0,4140.0,209.82,17.0,7.0,0.08,1151.0,2024-11-23,Chennai,Tablet,online data analytic
A2680,SQLDatabseTraining1,183.0,5659.0,191.88,12.0,7.0,0.038,1830.0,2024-11-10,Chennai,Mobile,analytics for data
A2681,SQLDatabseTraining,120.0,3629.0,197.43,12.0,6.359999999999999,0.053,1522.0,2024-11-23,Bangalore,Desktop,data anaytics training
A2682,Cloudcomputngcourse,187.0,5531.0,219.88,10.0,5.0,0.05,1807.0,2024-11-13,Pune,Tablet,analytics for data
A2683,SQLDatabs3Training,121.0,5275.0,234.88,23.0,4.0,0.033,1766.0,2024-11-05,Delhi,Desktop,data analitics online
A2684,Cloudcomputngcourse,173.0,3190.0,226.32,13.0,8.0,0.05,1884.0,2024-11-27,New Delhi,Mobile,online data analytic
A2685,AI_Marketing101_,165.0,5406.0,237.32,23.0,10.0,0.06060606060606061,1002.0,2024-11-25,Mumbai,Tablet,data analytics course
A2686,wEBdEVmASTERY,192.0,3755.0,218.14,28.0,3.0,0.016,1121.0,2024-11-30,Chennai,Mobile,online data analytic
A2687,WebDevMastery,193.0,4497.0,248.41,24.0,9.0,0.047,1025.0,2024-11-06,Chennai,Desktop,learn data analytics
A2688,ai_mARKETING101,138.0,5904.0,197.08,26.0,8.0,0.058,1698.0,2024-11-19,Pune,Desktop,learn data analytics
A2689,W3bDevMastery,104.0,4212.0,209.96499999999997,15.0,6.0,0.057692307692307696,1108.0,2024-11-30,Bangalore,Desktop,data anaytics training
A2690,dATAsCIENCEbOOTCAMP,162.0,5979.0,190.69,30.0,6.0,0.043,1976.0,2024-11-23,Pune,Tablet,learn data analytics
A2691,pYTHON4dATA,115.0,4950.0,241.85,19.0,9.0,0.078,1343.0,2024-11-16,Chennai,Tablet,online data analytic
A2692,M@chneLearningBasics,104.0,3405.0,227.36,28.0,8.0,0.05,1970.0,2024-11-27,New Delhi,Mobile,data analytics course
A2693,CyberSecurtyFund@mentals,168.0,4699.0,196.79,22.0,8.0,0.051,1666.0,2024-11-23,Pune,Tablet,learn data analytics
A2694,Datasciencebootcamp,146.0,4624.0,212.67,19.0,9.0,0.06164383561643835,1513.0,2024-11-09,Delhi,Mobile,data analytics course
A2695,MachneLearningBasics,82.0,5241.0,191.23,28.0,9.0,0.09122252747252749,1369.0,2024-11-03,Bangalore,Desktop,data analytics course
A2696,WebDevMastery,191.48936170212767,5947.0,206.33,14.0,9.0,0.047,1188.0,2024-11-24,Pune,Tablet,analytics for data
A2697,sqldATABSEtRAINING,142.0,3246.0,249.27,11.0,8.0,0.056338028169014086,1667.0,2024-11-05,Pune,Mobile,data analitics online
A2698,WebDevMastery1,198.0,5858.0,232.94,17.0,8.0,0.04,1903.0,2024-11-22,Chennai,Desktop,analytics for data
A2699,SQLDatabseTraining,119.0,5159.0,227.36,22.0,10.0,0.084,1448.0,2024-11-16,Pune,Mobile,data anaytics training
A2700,Python4data,109.0,4002.0,203.96,14.0,3.0,0.027522935779816515,1430.0,2024-11-02,Chennai,Mobile,data analytics course
A2701,dEEPlEARNNGpRO,87.0,3068.0,243.15,11.0,6.0,0.069,1356.0,2024-11-23,Mumbai,Tablet,online data analytic
A2702,WebDevMastery ,110.0,4907.0,247.48,12.0,10.0,0.091,1205.0,2024-11-26,Bangalore,Desktop,data anaytics training
A2703,MachneLearningBasics,92.0,5680.0,224.6,15.0,7.0,0.076,1510.0,2024-11-26,Bangalore,Desktop,online data analytic
A2704,CyberSecurtyFundamentals,85.0,3909.0,189.9,12.0,3.0,0.035,1216.0,2024-11-14,New Delhi,Tablet,online data analytic
A2705,Cloudcomputngcourse,199.0,3060.0,237.3,19.0,9.0,0.045,1527.0,2024-11-04,Chennai,Mobile,data analitics online
A2706,Businessanlyticsclass,148.0,4558.0,249.74,18.0,8.0,0.054,1554.0,2024-11-01,Chennai,Desktop,data analytics course
A2707,CyberSecurtyFund@mentals,173.0,5992.0,230.26,11.0,5.0,0.029,1683.0,2024-11-08,Delhi,Mobile,data anaytics training
A2708,Sqldatabsetraining,84.0,5069.0,192.08,25.0,3.0,0.036,1738.0,2024-11-11,Pune,Desktop,online data analytic
A2709,cLOUDcOMPUTNGcOURSE,82.0,4340.0,186.61,17.0,3.0,0.037,1092.0,2024-11-07,Bangalore,Desktop,data anaytics training
A2710,DataSci3nceBootcamp,147.0,5139.0,245.93,29.0,8.0,0.033,1853.0,2024-11-10,Pune,Mobile,data analytics course
A2711,CyberSecurtyFund@mentals,186.0,4679.0,241.7,19.0,9.0,0.04838709677419355,1333.0,2024-11-07,Chennai,Tablet,online data analytic
A2712,CloudComputngCours3,143.0,4232.0,207.76,30.0,8.0,0.055944055944055944,1644.0,2024-11-18,Bangalore,Tablet,data analitics online
A2713,AI_Marketing101 ,133.0,5580.0,248.11,17.0,5.0,0.038,1111.0,2024-11-26,Bangalore,Tablet,data analytics course
A2714,Deeplearnngpro,187.0,3972.0,226.62,24.0,7.0,0.037,1011.0,2024-11-04,Chennai,Desktop,data anaytics training
A2715,DataScienceBootcamp ,121.0,5205.0,181.81,24.0,5.0,0.037,1555.0,2024-11-08,Pune,Tablet,data analitics online
A2716,Businessanlyticsclass,188.0,4521.0,214.58,24.0,3.0,0.016,1855.0,2024-11-19,New Delhi,Tablet,data analytics course
A2717,AI_M@rketing101,115.0,3924.0,214.52,16.0,7.0,0.04,1312.0,2024-11-04,Bangalore,Desktop,online data analytic
A2718,MachneLearningBasics,136.0,3319.0,230.39,28.0,4.0,0.047,1533.0,2024-11-19,Pune,Tablet,analytics for data
A2719,ai_mARKETING101,190.0,5141.0,225.14,15.0,10.0,0.053,1761.0,2024-11-21,Pune,Desktop,learn data analytics
A2720,Businessanlyticsclass,92.0,5952.0,192.35,30.0,4.0,0.043,1335.0,2024-11-08,Chennai,Mobile,data analitics online
A2721,dEEPlEARNNGpRO,107.0,4532.0,227.88,23.0,8.0,0.075,1844.0,2024-11-08,Chennai,Desktop,online data analytic
A2722,DataScienceB0otcamp,143.0,3794.0,225.38,13.0,7.0,0.047,1401.0,2024-11-23,Mumbai,Mobile,data analitics online
A2723,WebDevMastery1,186.0,4408.0,185.55,11.0,5.0,0.027,1903.0,2024-11-16,Chennai,Tablet,data analytics course
A2724,ai_mARKETING101,129.0,3454.0,223.14,17.0,8.0,0.034,1391.0,2024-11-01,Bangalore,Tablet,analytics for data
A2725,AI_Marketing101,162.0,3071.0,231.99,29.0,9.0,0.05555555555555555,1603.0,2024-11-18,Bangalore,Tablet,online data analytic
A2726,DeepLearnngPr0,177.0,5954.0,206.76,13.0,4.0,0.06,1104.0,2024-11-14,Pune,Tablet,learn data analytics
A2727,DeepLe@rnngPro,93.0,3473.0,207.92,30.0,9.0,0.09122252747252749,1780.0,2024-11-08,Mumbai,Desktop,data analytics course
A2728,W3bDevMastery,117.0,4341.0,212.29,19.0,8.0,0.068,1399.0,2024-11-21,Mumbai,Desktop,learn data analytics
A2729,CyberSecurtyFundamentals,120.0,3310.0,247.65,15.0,3.0,0.025,1584.0,2024-11-21,Chennai,Mobile,online data analytic
A2730,AI_M@rketing101,81.0,3694.0,183.52,17.0,3.0,0.037037037037037035,1156.0,2024-11-22,Chennai,Mobile,online data analytic
A2731,SQLD@tabseTraining,91.0,3576.0,243.02,28.0,8.0,0.088,1567.0,2024-11-25,Mumbai,Mobile,data anaytics training
A2732,D@taScienceBootcamp,167.0,4856.0,232.1,18.0,7.0,0.042,1476.0,2024-11-07,Delhi,Desktop,analytics for data
A2733,BusinessAnlyticsClass1,175.0,5484.0,186.91,14.0,3.0,0.031,1728.0,2024-11-18,Pune,Desktop,analytics for data
A2734,Python4data,121.0,3633.0,190.82,16.0,5.0,0.041,1157.0,2024-11-16,Delhi,Tablet,data analitics online
A2735,MachneLearningBasics1,85.0,4808.0,190.32,13.0,9.0,0.09122252747252749,1301.0,2024-11-07,Delhi,Desktop,data analitics online
A2736,BusinessAnlyticsClass1,176.0,4474.0,215.93,28.0,9.0,0.035,1214.0,2024-11-30,Chennai,Mobile,data analitics online
A2737,CyberSecurtyFundamentals1,174.0,5282.0,240.85,10.0,4.0,0.022988505747126436,1481.0,2024-11-26,Chennai,Tablet,data analytics course
A2738,M@chneLearningBasics,180.0,3778.0,214.66,28.0,4.0,0.022222222222222223,1733.0,2024-11-14,Mumbai,Desktop,data analytics course
A2739,Python4Data,156.0,3361.0,183.12,29.0,9.0,0.058,1241.0,2024-11-10,Delhi,Desktop,data analitics online
A2740,DeepLearnngPro ,150.0,5877.0,223.87,21.0,9.0,0.047058823529411764,1866.0,2024-11-28,Delhi,Mobile,analytics for data
A2741,SQLDatabseTraining_,161.0,5656.0,237.69,12.0,4.0,0.056,1262.0,2024-11-29,Chennai,Mobile,online data analytic
A2742,SQLDatabs3Training,87.0,3061.0,192.29,15.0,6.0,0.069,1506.0,2024-11-20,Chennai,Tablet,data analitics online
A2743,Python4data,126.0,4569.0,204.13,10.0,4.0,0.032,1037.0,2024-11-03,Bangalore,Tablet,learn data analytics
A2744,dATAsCIENCEbOOTCAMP,151.0,5067.0,199.12,13.0,5.0,0.055,1669.0,2024-11-27,Pune,Mobile,data anaytics training
A2745,cLOUDcOMPUTNGcOURSE,85.0,5612.0,245.87,12.0,7.0,0.082,1124.0,2024-11-16,Mumbai,Mobile,learn data analytics
A2746,AI_Marketing101,104.0,4627.0,200.98,28.0,6.0,0.058,1815.0,2024-11-16,Delhi,Tablet,data anaytics training
A2747,Ai_marketing101,103.0,4264.0,214.56,27.0,4.0,0.039,1804.0,2024-11-11,Mumbai,Desktop,learn data analytics
A2748,AI_M@rketing101,162.0,5815.0,198.49,11.0,7.0,0.048,1468.0,2024-11-23,Mumbai,Tablet,data analytics course
A2749,Python4D@ta,161.0,3597.0,218.35,29.0,6.0,0.039,1840.0,2024-11-06,Chennai,Tablet,data analytics course
A2750,dATAsCIENCEbOOTCAMP,83.0,5973.0,224.06,25.0,9.0,0.09122252747252749,1197.0,2024-11-10,Bangalore,Mobile,analytics for data
A2751,AI_M@rketing101,165.0,3430.0,248.59,26.0,8.0,0.04,1056.0,2024-11-06,Delhi,Desktop,analytics for data
A2752,Machn3LearningBasics,134.0,5085.0,186.1,18.0,8.0,0.06,1033.0,2024-11-27,Pune,Mobile,data analytics course
A2753,Busin3ssAnlyticsClass,126.0,4906.0,222.92,16.0,9.0,0.071,1443.0,2024-11-25,Pune,Mobile,learn data analytics
A2754,Cyb3rSecurtyFundamentals,173.0,5082.0,198.75,16.0,3.0,0.046,1128.0,2024-11-14,Chennai,Tablet,analytics for data
A2755,Python4Data ,174.0,4661.0,200.74,19.5,5.0,0.029,1596.0,2024-11-20,Chennai,Desktop,data analytics course
A2756,SQLDatabseTraining_,149.0,3573.0,247.52,20.0,4.0,0.031,1742.0,2024-11-03,Pune,Mobile,analytics for data
A2757,DataScienceBootcamp ,108.0,5663.0,213.85,20.0,9.0,0.083,1703.0,2024-11-17,Pune,Desktop,data analitics online
A2758,wEBdEVmASTERY,99.0,4466.0,214.08,14.0,7.0,0.0707070707070707,1515.0,2024-11-15,Bangalore,Desktop,analytics for data
A2759,SQLDatabseTraining_,113.0,3120.0,249.66,20.0,8.0,0.071,1895.0,2024-11-27,Mumbai,Mobile,data anaytics training
A2760,CyberSecurtyFundamentals1,84.0,3911.0,206.06,13.0,7.0,0.08333333333333333,1155.0,2024-11-18,Bangalore,Tablet,learn data analytics
A2761,Cloudcomputngcourse,182.0,3458.0,186.51,28.0,9.0,0.049,1982.0,2024-11-01,Pune,Desktop,learn data analytics
A2762,DataScienceB0otcamp,82.0,3261.0,245.34,30.0,8.0,0.09122252747252749,1922.0,2024-11-09,New Delhi,Desktop,data analytics course
A2763,CyberSecurtyFundamentals1,103.0,3844.0,232.39,13.0,7.0,0.068,1763.0,2024-11-25,Bangalore,Mobile,learn data analytics
A2764,dEEPlEARNNGpRO,117.0,4298.0,227.92,15.0,8.0,0.068,1512.0,2024-11-21,Chennai,Tablet,online data analytic
A2765,Sqldatabsetraining,93.0,4998.0,201.98,17.0,8.0,0.086,1216.0,2024-11-12,Pune,Desktop,data analytics course
A2766,D@taScienceBootcamp,166.0,5110.0,196.99,26.0,4.0,0.024096385542168676,1431.0,2024-11-12,Bangalore,Tablet,data analitics online
A2767,D3epLearnngPro,121.0,5155.0,187.0,23.0,6.0,0.05,1510.0,2024-11-05,Bangalore,Tablet,data analytics course
A2768,DeepLe@rnngPro,106.0,5010.0,220.66,26.0,6.0,0.057,1345.0,2024-11-16,Mumbai,Desktop,data analytics course
A2769,BusinessAnlyticsClass1,106.0,4362.0,227.02,12.0,9.0,0.085,1548.0,2024-11-27,New Delhi,Mobile,online data analytic
A2770,sqldATABSEtRAINING,122.0,3662.0,211.05,19.0,6.0,0.049,1082.0,2024-11-21,New Delhi,Desktop,data anaytics training
A2771,Cloudcomputngcourse,193.0,5464.0,224.15,12.0,3.0,0.056,1157.0,2024-11-03,Pune,Tablet,online data analytic
A2772,dATAsCIENCEbOOTCAMP,146.0,3560.0,214.16,26.0,3.0,0.021,1033.0,2024-11-02,Delhi,Desktop,analytics for data
A2773,BusinessAnlyticsClass,143.0,5014.0,198.84,10.0,8.0,0.048,1474.0,2024-11-14,Bangalore,Tablet,learn data analytics
A2774,Businessanlyticsclass,111.0,3278.0,189.58,25.0,5.0,0.045,1882.0,2024-11-09,Mumbai,Mobile,data anaytics training
A2775,BusinessAnlyticsCl@ss,135.0,3149.0,213.67,14.0,8.0,0.046,1491.0,2024-11-27,Chennai,Tablet,online data analytic
A2776,SQLDatabseTraining,195.0,4128.0,246.55,25.0,5.0,0.026,1105.0,2024-11-09,Chennai,Mobile,data anaytics training
A2777,bUSINESSaNLYTICScLASS,149.0,5018.0,219.11,16.0,3.0,0.020134228187919462,1795.0,2024-11-26,Delhi,Desktop,data anaytics training
A2778,Businessanlyticsclass,194.0,5215.0,225.13,12.0,6.0,0.031,1107.0,2024-11-22,Bangalore,Tablet,data analitics online
A2779,D3epLearnngPro,191.0,3948.0,208.43,23.0,7.0,0.037,1450.0,2024-11-24,Delhi,Tablet,data analytics course
A2780,CloudComputngCourse ,196.0,4912.0,187.07,26.0,7.0,0.03571428571428571,1720.0,2024-11-04,Delhi,Desktop,data analytics course
A2781,wEBdEVmASTERY,182.0,5136.0,249.36,23.0,7.0,0.038,1846.0,2024-11-03,Pune,Desktop,learn data analytics
A2782,DataScienceBootcamp_,156.0,5674.0,193.18,29.0,10.0,0.0641025641025641,1176.0,2024-11-27,Pune,Desktop,data analytics course
A2783,CloudComputngCours3,187.0,4674.0,201.41,18.0,9.0,0.048,1719.0,2024-11-28,Mumbai,Tablet,learn data analytics
A2784,DeepLearnngPro ,117.0,4408.0,184.0,30.0,3.0,0.026,1239.0,2024-11-14,Mumbai,Tablet,online data analytic
A2785,MachneLearningBasics_,135.0,5402.0,238.81,19.0,8.0,0.059,1648.0,2024-11-28,Pune,Mobile,learn data analytics
A2786,Cl0udComputngCourse,114.0,4808.0,223.69,20.0,3.0,0.026,1845.0,2024-11-08,Delhi,Desktop,data anaytics training
A2787,BusinessAnlyticsClass ,184.0,5876.0,231.91,23.0,7.0,0.0485,1018.0,2024-11-11,New Delhi,Desktop,data analytics course
A2788,WebDevMastery ,115.0,5996.0,191.99,24.0,7.0,0.047058823529411764,1822.0,2024-11-20,Delhi,Mobile,data analytics course
A2789,MachneLearningBasics ,149.0,3249.0,202.43,11.0,6.0,0.04,1027.0,2024-11-04,Mumbai,Desktop,analytics for data
A2790,Pyth0n4Data,136.0,4351.0,233.43,18.0,6.0,0.044,1299.0,2024-11-12,Mumbai,Tablet,online data analytic
A2791,DataScienceB0otcamp,119.0,5805.0,245.13,25.0,6.0,0.05042016806722689,1122.0,2024-11-13,Pune,Tablet,online data analytic
A2792,SQLD@tabseTraining,186.0,5685.0,197.15,18.0,10.0,0.046,1273.0,2024-11-24,Pune,Desktop,data analytics course
A2793,CloudComputngCourse ,91.0,3199.0,196.04,27.0,4.0,0.044,1737.0,2024-11-25,Mumbai,Tablet,data anaytics training
A2794,BusinessAnlyticsCl@ss,171.0,3490.0,180.82,11.0,8.0,0.047,1497.0,2024-11-14,Mumbai,Mobile,data analytics course
A2795,BusinessAnlyticsCl@ss,149.0,3584.0,199.9,21.0,8.0,0.054,1539.0,2024-11-18,Bangalore,Mobile,learn data analytics
A2796,MachneLearningBasics,121.0,3757.0,241.14,16.0,3.0,0.04,1226.0,2024-11-11,Chennai,Desktop,data analitics online
A2797,D3epLearnngPro,189.0,3029.0,209.96499999999997,21.0,3.0,0.016,1016.0,2024-11-05,Bangalore,Desktop,data anaytics training
A2798,Machn3LearningBasics,183.0,3876.0,237.72,13.0,10.0,0.055,1682.0,2024-11-11,Bangalore,Mobile,data analitics online
A2799,Python4D@ta,133.0,4622.0,243.63,26.0,5.0,0.038,1742.0,2024-11-22,Mumbai,Mobile,analytics for data
A2800,Webdevmastery,127.0,3249.0,244.01,25.0,5.0,0.039,1248.0,2024-11-05,Mumbai,Mobile,analytics for data
A2801,CyberSecurtyFundamentals,195.0,3372.0,225.57,10.0,9.0,0.046,1686.0,2024-11-17,Pune,Mobile,data anaytics training
A2802,WebDevMastery,138.0,5452.0,210.45,16.0,8.0,0.052,1964.0,2024-11-02,Mumbai,Desktop,data anaytics training
A2803,MachneLearningBasics_,134.0,3011.0,230.59,21.0,7.0,0.052,1224.0,2024-11-16,Delhi,Mobile,online data analytic
A2804,Ai_marketing101,110.0,3371.0,211.89,12.0,6.0,0.055,1743.0,2024-11-09,Mumbai,Tablet,data analytics course
A2805,Machnelearningbasics,186.0,5126.0,182.38,25.0,7.0,0.038,1856.0,2024-11-18,Bangalore,Tablet,data analitics online
A2806,ai_mARKETING101,191.0,5257.0,219.4,29.0,6.0,0.031,1730.0,2024-11-04,Chennai,Mobile,data analitics online
A2807,Webdevmastery,169.0,3475.0,247.16,12.0,3.0,0.018,1985.0,2024-11-12,Bangalore,Mobile,data anaytics training
A2808,bUSINESSaNLYTICScLASS,198.0,5447.0,225.49,16.0,5.0,0.025,1249.0,2024-11-29,Chennai,Mobile,analytics for data
A2809,cYBERsECURTYfUNDAMENTALS,184.0,3272.0,241.8,27.0,9.0,0.04891304347826087,1969.0,2024-11-08,Bangalore,Mobile,learn data analytics
A2810,Sqldatabsetraining,87.0,5221.0,217.08,13.0,9.0,0.09122252747252749,1723.0,2024-11-09,Delhi,Desktop,data analitics online
A2811,D3epLearnngPro,180.0,3099.0,241.32,23.0,5.0,0.028,1177.0,2024-11-28,Pune,Mobile,analytics for data
A2812,Python4Data,99.0,4229.0,183.7,24.0,8.0,0.081,1792.0,2024-11-19,Pune,Mobile,learn data analytics
A2813,CloudComputngCourse1,148.0,4038.0,248.37,28.0,3.0,0.02027027027027027,1549.0,2024-11-08,Chennai,Mobile,online data analytic
A2814,MachneLearningBasics,146.0,3960.0,213.7,29.0,6.0,0.041,1178.0,2024-11-23,Mumbai,Mobile,data analytics course
A2815,CloudComputngCourse,149.0,3865.0,198.54,14.0,4.0,0.034,1538.5,2024-11-01,Delhi,Tablet,data anaytics training
A2816,Machnelearningbasics,88.0,3433.0,241.8,29.0,6.0,0.068,1654.0,2024-11-20,New Delhi,Mobile,learn data analytics
A2817,DataScienceBootcamp ,154.0,3009.0,185.32,16.0,9.0,0.051,1433.0,2024-11-14,Delhi,Mobile,data analitics online
A2818,Python4Data1,137.0,4817.0,215.94,17.0,6.0,0.056,1720.0,2024-11-08,Delhi,Mobile,data analytics course
A2819,cLOUDcOMPUTNGcOURSE,125.0,5217.0,183.16,16.0,10.0,0.041,1245.0,2024-11-03,Bangalore,Tablet,learn data analytics
A2820,SQLDatabseTraining,155.0,4870.0,191.54,23.0,8.0,0.052,1451.0,2024-11-14,New Delhi,Tablet,data analytics course
A2821,Cl0udComputngCourse,111.0,5133.0,240.23,22.0,8.0,0.072,1555.0,2024-11-22,Bangalore,Desktop,online data analytic
A2822,CloudComputngCourse,141.0,3181.0,234.44,16.0,9.0,0.064,1628.0,2024-11-21,Chennai,Desktop,data anaytics training
A2823,CloudComputngCours3,153.0,4153.0,234.25,18.0,5.0,0.048,1368.0,2024-11-24,Bangalore,Tablet,data analytics course
A2824,D@taScienceBootcamp,176.0,4439.0,191.11,11.0,4.0,0.059,1107.0,2024-11-28,Mumbai,Mobile,online data analytic
A2825,bUSINESSaNLYTICScLASS,147.0,4250.0,223.33,17.0,3.0,0.02,1069.0,2024-11-27,Mumbai,Desktop,online data analytic
A2826,sqldATABSEtRAINING,80.0,4297.0,196.17,15.0,4.0,0.05,1252.0,2024-11-08,Bangalore,Desktop,learn data analytics
A2827,CyberSecurtyFund@mentals,181.0,5783.0,231.16,24.0,4.0,0.022,1963.0,2024-11-29,Bangalore,Tablet,data analytics course
A2828,WebDevMastery,175.0,3792.0,227.98,17.0,8.0,0.046,1627.0,2024-11-04,Mumbai,Tablet,learn data analytics
A2829,Datasciencebootcamp,94.0,5919.0,220.26,18.0,8.0,0.055,1486.0,2024-11-18,Delhi,Desktop,data anaytics training
A2830,DataScienceBootcamp ,119.0,4593.0,248.14,23.0,8.0,0.067,1595.0,2024-11-08,New Delhi,Mobile,learn data analytics
A2831,CloudComputngCourse,146.0,4308.0,181.7,27.0,9.0,0.06164383561643835,1391.0,2024-11-06,Chennai,Tablet,analytics for data
A2832,D3epLearnngPro,122.0,4676.0,202.56,25.0,8.0,0.051,1368.0,2024-11-07,Pune,Tablet,data analytics course
A2833,cLOUDcOMPUTNGcOURSE,114.0,5832.0,215.94,28.0,4.0,0.035,1566.0,2024-11-18,Delhi,Mobile,data analytics course
A2834,M@chneLearningBasics,130.0,3637.0,213.27,25.0,7.0,0.05384615384615385,1361.0,2024-11-15,New Delhi,Tablet,analytics for data
A2835,Python4data,154.0,5533.0,207.61,14.0,8.0,0.035,1165.0,2024-11-06,Mumbai,Desktop,analytics for data
A2836,DataScienceBootcamp_,132.0,4320.0,229.38,15.0,5.0,0.038,1557.0,2024-11-14,Bangalore,Desktop,analytics for data
A2837,CyberSecurtyFund@mentals,170.0,3526.0,224.34,29.0,4.0,0.024,1969.0,2024-11-01,Mumbai,Desktop,analytics for data
A2838,CyberSecurtyFund@mentals,85.0,5962.0,201.12,20.0,10.0,0.09122252747252749,1728.0,2024-11-25,New Delhi,Mobile,data analytics course
A2839,DataScienceB0otcamp,85.0,3208.0,220.53,25.0,5.0,0.059,1426.0,2024-11-02,Chennai,Desktop,analytics for data
A2840,WebDevMastery_,127.0,4477.0,199.34,20.0,3.0,0.024,1239.0,2024-11-01,Bangalore,Desktop,data analytics course
A2841,MachneLearningBasics1,148.0,3207.0,207.16,22.0,9.0,0.061,1416.0,2024-11-28,Bangalore,Desktop,online data analytic
A2842,Python4data,181.0,4269.0,227.56,24.0,4.0,0.022099447513812154,1251.0,2024-11-16,Mumbai,Mobile,data analytics course
A2843,cYBERsECURTYfUNDAMENTALS,102.0,4512.0,183.01,20.0,5.0,0.049,1544.0,2024-11-24,Chennai,Tablet,analytics for data
A2844,DeepLearnngPr0,136.0,5249.0,199.26,25.0,9.0,0.059,1142.0,2024-11-09,Mumbai,Desktop,analytics for data
A2845,BusinessAnlyticsCl@ss,148.0,4881.0,213.23,14.0,4.0,0.046,1474.0,2024-11-18,Pune,Tablet,data anaytics training
A2846,Python4Data1,170.0,5385.0,198.13,21.0,7.0,0.045,1174.0,2024-11-30,Mumbai,Desktop,online data analytic
A2847,CyberSecurtyFund@mentals,152.0,4506.0,222.49,17.0,7.0,0.033,1678.0,2024-11-12,New Delhi,Mobile,learn data analytics
A2848,CyberSecurtyFund@mentals,128.0,4149.0,238.94,10.0,10.0,0.078125,1306.0,2024-11-13,Chennai,Mobile,data analytics course
A2849,Datasciencebootcamp,168.0,4517.0,228.0,27.0,6.0,0.036,1679.0,2024-11-20,Mumbai,Mobile,online data analytic
A2850,DataScienceB0otcamp,95.0,4075.0,225.18,26.0,7.0,0.074,1763.0,2024-11-19,Bangalore,Tablet,data analitics online
A2851,Pyth0n4Data,120.0,3903.0,197.56,20.5,7.0,0.058333333333333334,1255.0,2024-11-18,Delhi,Tablet,analytics for data
A2852,WebDevM@stery,157.0,4477.0,191.69,20.0,10.0,0.064,1598.0,2024-11-04,Pune,Mobile,online data analytic
A2853,Machnelearningbasics,147.0,5580.0,230.15,15.0,3.0,0.058,1299.0,2024-11-06,Chennai,Desktop,learn data analytics
A2854,Python4Data ,161.0,3253.0,181.02,15.0,10.0,0.062,1340.0,2024-11-07,Chennai,Desktop,data anaytics training
A2855,W3bDevMastery,187.0,3869.0,185.15,26.0,6.0,0.032,1881.0,2024-11-04,Bangalore,Mobile,data anaytics training
A2856,WebDevM@stery,177.0,5043.0,213.52,18.0,4.0,0.023,1117.0,2024-11-28,Delhi,Tablet,data analytics course
A2857,WebDevMastery,165.0,4537.0,191.77,15.0,4.0,0.024,1783.0,2024-11-04,New Delhi,Tablet,analytics for data
A2858,WebDevM@stery,146.0,3766.0,209.96499999999997,23.0,6.0,0.0410958904109589,1760.0,2024-11-05,Bangalore,Desktop,analytics for data
A2859,WebDevM@stery,126.0,3702.0,222.41,27.0,5.0,0.04,1489.0,2024-11-30,Mumbai,Desktop,analytics for data
A2860,Python4Data ,110.0,4840.0,184.63,17.0,8.0,0.073,1013.0,2024-11-22,Pune,Mobile,data analitics online
A2861,Python4data,97.0,4425.0,206.41,10.0,5.0,0.05154639175257732,1219.0,2024-11-16,Pune,Desktop,data analytics course
A2862,DataScienceB0otcamp,104.0,4213.0,202.54,21.0,8.0,0.077,1065.0,2024-11-26,Chennai,Tablet,data analytics course
A2863,BusinessAnlyticsClass_,176.0,5010.0,205.47,18.0,10.0,0.057,1709.0,2024-11-24,Bangalore,Tablet,data analytics course
A2864,Python4data,91.0,4045.0,225.82,12.0,7.0,0.07692307692307693,1828.0,2024-11-13,Chennai,Tablet,online data analytic
A2865,Webdevmastery,167.0,5145.0,183.22,19.0,9.0,0.054,1021.0,2024-11-22,Chennai,Desktop,online data analytic
A2866,DeepLearnngPr0,132.0,3725.0,196.98,16.0,6.0,0.045,1094.0,2024-11-01,Pune,Desktop,analytics for data
A2867,SQLDatabseTraining1,93.0,4962.0,181.34,22.0,4.0,0.043,1100.0,2024-11-30,Pune,Desktop,analytics for data
A2868,cLOUDcOMPUTNGcOURSE,149.0,3055.0,228.17,18.0,7.0,0.05,1382.0,2024-11-17,Bangalore,Desktop,learn data analytics
A2869,Machn3LearningBasics,184.0,4425.0,221.83,30.0,6.0,0.033,1956.0,2024-11-13,Delhi,Tablet,data analitics online
A2870,WebDevM@stery,192.0,3755.0,209.96499999999997,16.0,4.0,0.021,1805.0,2024-11-06,Bangalore,Desktop,learn data analytics
A2871,pYTHON4dATA,115.0,4832.0,237.18,24.0,5.0,0.043,1737.0,2024-11-23,Pune,Tablet,data analitics online
A2872,DeepLearnngPr0,81.0,3224.0,239.58,18.0,10.0,0.09122252747252749,1229.0,2024-11-27,Mumbai,Tablet,online data analytic
A2873,W3bDevMastery,119.0,5809.0,224.5,11.0,7.0,0.059,1736.0,2024-11-19,Delhi,Mobile,analytics for data
A2874,pYTHON4dATA,169.0,4027.0,193.86,22.0,4.0,0.033,1387.0,2024-11-12,Bangalore,Desktop,data analitics online
A2875,DeepLearnngPr0,103.0,5900.0,231.39,24.0,10.0,0.09122252747252749,1963.0,2024-11-02,Chennai,Mobile,data anaytics training
A2876,DataSci3nceBootcamp,90.0,3518.0,216.8,21.0,4.0,0.044,1781.0,2024-11-23,Pune,Mobile,learn data analytics
A2877,DataScienceB0otcamp,184.0,4238.0,228.49,26.0,10.0,0.05434782608695652,1003.0,2024-11-09,Bangalore,Tablet,learn data analytics
A2878,AI_Marketing101,143.0,5160.0,248.04,21.0,10.0,0.038,1780.0,2024-11-25,Bangalore,Mobile,data analitics online
A2879,CloudComputngCourse ,123.0,4753.0,203.59,29.0,10.0,0.081,1959.0,2024-11-15,Chennai,Mobile,data anaytics training
A2880,DeepLearnngPr0,155.0,4969.0,190.87,25.0,5.0,0.032,1807.0,2024-11-28,New Delhi,Tablet,data anaytics training
A2881,Cyb3rSecurtyFundamentals,140.0,4415.0,240.95,13.0,8.0,0.057,1579.0,2024-11-12,Bangalore,Mobile,data anaytics training
A2882,Machn3LearningBasics,110.0,3931.0,193.32,20.0,4.0,0.03636363636363636,1088.0,2024-11-14,Chennai,Mobile,data anaytics training
A2883,Python4data,103.0,4409.0,246.87,18.0,8.0,0.078,1136.0,2024-11-24,Chennai,Desktop,online data analytic
A2884,SQLDatabs3Training,127.0,5064.0,195.07,22.0,10.0,0.079,1521.0,2024-11-16,Mumbai,Mobile,learn data analytics
A2885,Cybersecurtyfundamentals,151.0,3905.0,191.4,20.0,10.0,0.048,1342.0,2024-11-30,Chennai,Desktop,data analytics course
A2886,Python4D@ta,191.0,4710.0,214.24,15.0,6.0,0.042,1080.0,2024-11-05,Pune,Desktop,data analytics course
A2887,Machnelearningbasics,177.0,3869.0,198.88,23.0,4.0,0.022598870056497175,1909.0,2024-11-04,Bangalore,Desktop,data analytics course
A2888,M@chneLearningBasics,122.0,3760.0,233.47,22.0,7.0,0.057,1785.0,2024-11-16,Bangalore,Desktop,analytics for data
A2889,Businessanlyticsclass,99.0,3979.0,188.54,16.0,4.0,0.04,1244.0,2024-11-20,Chennai,Tablet,data anaytics training
A2890,Cl0udComputngCourse,141.0,3027.0,205.67,19.0,7.0,0.043,1593.0,2024-11-07,New Delhi,Tablet,learn data analytics
A2891,W3bDevMastery,114.0,4540.0,185.04,10.0,4.0,0.035,1561.0,2024-11-28,Chennai,Mobile,data analytics course
A2892,DataScienceBootcamp_,92.0,4466.0,244.46,18.0,6.0,0.039,1912.0,2024-11-07,Chennai,Desktop,learn data analytics
A2893,Datasciencebootcamp,135.5,4865.0,206.18,25.0,9.0,0.046,1836.0,2024-11-08,Mumbai,Desktop,data analitics online
A2894,Machn3LearningBasics,157.0,5890.0,221.53,27.0,7.0,0.047058823529411764,1122.0,2024-11-11,Delhi,Mobile,data anaytics training
A2895,bUSINESSaNLYTICScLASS,91.0,4010.0,229.84,11.0,6.0,0.06593406593406594,1634.0,2024-11-02,Bangalore,Mobile,analytics for data
A2896,CloudComputngCourse ,91.0,4641.0,182.84,12.0,9.0,0.046,1235.0,2024-11-25,Delhi,Mobile,data analitics online
A2897,DataScienceBootcamp1,99.0,5669.0,202.47,24.0,7.0,0.071,1862.0,2024-11-11,Pune,Desktop,online data analytic
A2898,dATAsCIENCEbOOTCAMP,160.0,3000.0,201.69,28.0,9.0,0.056,1103.0,2024-11-16,Pune,Desktop,data analitics online
A2899,CloudComputngCourse,140.0,3979.0,241.3,25.0,10.0,0.047,1488.0,2024-11-10,Chennai,Desktop,data analytics course
A2900,AI_M@rketing101,185.0,4631.0,192.6,23.0,5.0,0.027,1180.0,2024-11-01,Mumbai,Desktop,learn data analytics
A2901,Sqldatabsetraining,137.0,5049.0,180.58,26.0,3.0,0.022,1808.0,2024-11-18,Chennai,Desktop,data anaytics training
A2902,Python4D@ta,159.0,3662.0,203.93,20.0,4.0,0.025,1776.0,2024-11-10,Pune,Tablet,data analytics course
A2903,Deeplearnngpro,155.0,5822.0,227.47,10.0,4.0,0.025806451612903226,1373.0,2024-11-28,Mumbai,Mobile,data analitics online
A2904,dEEPlEARNNGpRO,103.0,3762.0,187.11,12.0,9.0,0.08737864077669903,1096.0,2024-11-24,Mumbai,Mobile,learn data analytics
A2905,mACHNElEARNINGbASICS,134.0,3647.0,209.89,21.0,7.0,0.032,1744.0,2024-11-03,Bangalore,Desktop,learn data analytics
A2906,Sqldatabsetraining,128.0,3448.0,235.69,27.0,8.0,0.062,1373.0,2024-11-17,Pune,Desktop,data analytics course
A2907,mACHNElEARNINGbASICS,156.0,3776.0,213.3,30.0,4.0,0.026,1013.0,2024-11-19,Pune,Tablet,online data analytic
A2908,CyberSecurtyFundamentals,154.0,5763.0,240.35,20.0,10.0,0.06493506493506493,1816.0,2024-11-25,Pune,Mobile,data analitics online
A2909,W3bDevMastery,176.0,3835.0,210.11,10.0,3.0,0.017045454545454544,1025.0,2024-11-05,Bangalore,Tablet,data analytics course
A2910,dEEPlEARNNGpRO,127.65957446808511,4079.0,243.8,23.0,6.0,0.047,1909.0,2024-11-29,Chennai,Tablet,learn data analytics
A2911,Machnelearningbasics,182.0,4444.0,188.86,19.0,9.0,0.045,1555.0,2024-11-25,Bangalore,Desktop,data analytics course
A2912,W3bDevMastery,84.0,3859.0,182.85,17.0,8.0,0.09122252747252749,1145.0,2024-11-09,Delhi,Mobile,data anaytics training
A2913,Cybersecurtyfundamentals,192.0,3752.0,240.61,23.0,8.0,0.042,1504.0,2024-11-13,Chennai,Desktop,data analytics course
A2914,MachneLearningBasics_,133.0,5487.0,243.45,22.0,7.0,0.053,1059.0,2024-11-18,Delhi,Desktop,data analitics online
A2915,wEBdEVmASTERY,81.0,4864.0,238.27,15.0,7.0,0.086,1278.0,2024-11-01,Pune,Desktop,analytics for data
A2916,mACHNElEARNINGbASICS,196.0,3834.0,216.22,10.0,3.0,0.015306122448979591,1727.0,2024-11-03,Chennai,Mobile,data analitics online
A2917,cLOUDcOMPUTNGcOURSE,103.0,5859.0,210.86,15.0,7.0,0.068,1079.0,2024-11-15,Delhi,Mobile,online data analytic
A2918,Pyth0n4Data,107.0,4428.0,187.08,28.0,8.0,0.075,1764.0,2024-11-26,Mumbai,Tablet,data analytics course
A2919,Machnelearningbasics,199.0,5649.0,223.62,11.0,4.0,0.02,1075.0,2024-11-22,Pune,Desktop,data analytics course
A2920,Python4D@ta,133.0,4116.0,248.26,14.0,3.0,0.033,1160.0,2024-11-20,Mumbai,Mobile,data analytics course
A2921,Machn3LearningBasics,192.0,5026.0,209.89,25.0,9.0,0.046875,1981.0,2024-11-30,Pune,Tablet,data analytics course
A2922,CloudComputngCours3,189.0,4969.0,245.1,11.0,9.0,0.047619047619047616,1993.0,2024-11-05,New Delhi,Tablet,online data analytic
A2923,SQLDatabseTraining,197.0,4441.0,220.84,26.0,6.0,0.03,1488.5,2024-11-16,Mumbai,Desktop,online data analytic
A2924,AI_M@rketing101,142.0,4854.0,220.73,25.0,9.0,0.063,1891.0,2024-11-01,Pune,Desktop,data analitics online
A2925,mACHNElEARNINGbASICS,139.0,4010.0,238.31,12.0,3.0,0.046,1895.0,2024-11-05,Mumbai,Tablet,analytics for data
A2926,Cybersecurtyfundamentals,134.0,4790.0,182.49,19.0,5.0,0.06,1082.0,2024-11-25,Pune,Desktop,analytics for data
A2927,WebDevMastery,198.0,4953.0,201.7,22.0,8.0,0.04040404040404041,1716.0,2024-11-29,Mumbai,Mobile,data anaytics training
A2928,W3bDevMastery,142.0,4818.0,233.74,24.0,5.0,0.043,1575.0,2024-11-03,Delhi,Desktop,analytics for data
A2929,Businessanlyticsclass,91.0,4394.0,211.85,21.0,7.0,0.0495,1926.0,2024-11-15,Delhi,Tablet,online data analytic
A2930,Cloudcomputngcourse,81.0,3855.0,185.69,21.0,9.0,0.051,1310.0,2024-11-14,Pune,Desktop,learn data analytics
A2931,SQLD@tabseTraining,160.0,3781.0,241.99,23.0,3.0,0.019,1772.0,2024-11-05,Chennai,Tablet,data analitics online
A2932,CyberSecurtyFundamentals1,106.0,3309.0,217.2,25.0,4.0,0.057,1507.0,2024-11-03,Mumbai,Tablet,data analytics course
A2933,Businessanlyticsclass,148.0,4930.0,211.01,24.0,6.0,0.058,1378.0,2024-11-19,Mumbai,Mobile,data anaytics training
A2934,wEBdEVmASTERY,83.0,4830.0,184.98,12.0,10.0,0.09122252747252749,1041.0,2024-11-01,Mumbai,Desktop,learn data analytics
A2935,dATAsCIENCEbOOTCAMP,89.0,5422.0,199.91,12.0,6.0,0.067,1903.0,2024-11-09,Pune,Desktop,data anaytics training
A2936,CloudComputngCourse_,123.0,4658.0,211.76,30.0,3.0,0.024,1201.0,2024-11-15,Pune,Desktop,online data analytic
A2937,Machn3LearningBasics,103.0,3249.0,232.85,13.0,4.0,0.039,1397.0,2024-11-04,Pune,Desktop,data analytics course
A2938,DataScienceB0otcamp,130.0,4393.0,198.66,19.0,7.0,0.054,1236.0,2024-11-11,Mumbai,Desktop,data analitics online
A2939,cLOUDcOMPUTNGcOURSE,193.0,4953.0,243.75,14.0,3.0,0.016,1118.0,2024-11-04,Chennai,Mobile,analytics for data
A2940,dATAsCIENCEbOOTCAMP,185.0,5208.0,227.26,16.0,4.0,0.022,1953.0,2024-11-08,Mumbai,Mobile,data anaytics training
A2941,D@taScienceBootcamp,163.0,4114.0,224.8,18.0,8.0,0.046,1493.0,2024-11-24,Mumbai,Desktop,online data analytic
A2942,BusinessAnlyticsClass,197.0,3508.0,181.04,20.0,4.0,0.02,1824.0,2024-11-16,Delhi,Mobile,data anaytics training
A2943,Cybersecurtyfundamentals,89.0,5733.0,215.33,22.0,9.0,0.09122252747252749,1323.0,2024-11-15,Chennai,Tablet,data analitics online
A2944,cYBERsECURTYfUNDAMENTALS,99.0,3948.0,198.65,22.0,4.0,0.04,1444.0,2024-11-19,Mumbai,Mobile,data anaytics training
A2945,sqldATABSEtRAINING,110.0,4488.0,210.69,27.0,10.0,0.09090909090909091,1872.0,2024-11-12,Bangalore,Mobile,data anaytics training
A2946,CyberSecurtyFundamentals,124.0,4747.0,234.97,24.0,10.0,0.081,1488.5,2024-11-17,Mumbai,Desktop,online data analytic
A2947,DataSci3nceBootcamp,120.0,5363.0,221.17,17.0,4.0,0.033,1345.0,2024-11-08,Delhi,Tablet,analytics for data
A2948,DeepLearnngPro ,97.0,4580.5,184.76,25.0,10.0,0.09122252747252749,1538.5,2024-11-14,Delhi,Tablet,data analitics online
A2949,W3bDevMastery,108.0,5611.0,224.38,29.0,8.0,0.074,1886.0,2024-11-11,Pune,Mobile,analytics for data
A2950,AI_Marketing101,143.0,4788.0,213.2,24.0,7.0,0.049,1359.0,2024-11-01,Mumbai,Desktop,analytics for data
A2951,Machn3LearningBasics,129.0,5899.0,216.85,15.0,9.0,0.06976744186046512,1574.0,2024-11-30,Pune,Desktop,data analytics course
A2952,Python4Data1,165.0,4121.0,224.59,30.0,7.0,0.042,1569.0,2024-11-03,Chennai,Mobile,data analytics course
A2953,sqldATABSEtRAINING,155.0,5030.0,234.41,13.0,5.0,0.032,1113.0,2024-11-08,New Delhi,Mobile,online data analytic
A2954,Python4Data,156.0,3533.0,211.7,22.0,9.0,0.058,1399.0,2024-11-10,Chennai,Mobile,data analytics course
A2955,D3epLearnngPro,94.0,5751.0,205.37,10.0,9.0,0.09122252747252749,1155.0,2024-11-19,Pune,Tablet,data analytics course
A2956,AI_Marketing101 ,170.0,5484.0,210.28,20.0,9.0,0.053,1319.0,2024-11-23,Mumbai,Tablet,data anaytics training
A2957,Cyb3rSecurtyFundamentals,90.0,5457.0,233.5,17.0,9.0,0.09122252747252749,1159.0,2024-11-19,Pune,Desktop,data analytics course
A2958,Datasciencebootcamp,132.0,3314.0,209.96499999999997,26.0,10.0,0.047,1731.0,2024-11-27,Bangalore,Desktop,analytics for data
A2959,SQLDatabseTraining,80.0,5808.0,240.44,12.0,4.0,0.036,1542.0,2024-11-16,Pune,Desktop,data analitics online
A2960,Businessanlyticsclass,166.0,5567.0,199.13,29.0,5.0,0.03,1474.0,2024-11-08,Bangalore,Mobile,learn data analytics
A2961,Python4D@ta,149.0,5936.0,246.58,14.0,6.0,0.040268456375838924,1396.0,2024-11-01,Delhi,Desktop,learn data analytics
A2962,MachneLearningBasics,151.0,4966.0,223.67,15.0,3.0,0.019867549668874173,1411.0,2024-11-09,Chennai,Tablet,analytics for data
A2963,Datasciencebootcamp,186.0,4790.0,233.42,10.0,3.0,0.016129032258064516,1201.0,2024-11-25,Chennai,Desktop,data anaytics training
A2964,W3bDevMastery,143.0,4932.0,206.35,20.0,9.0,0.063,1132.0,2024-11-22,Bangalore,Desktop,data analytics course
A2965,CloudComputngCours3,180.0,3991.0,200.43,10.0,10.0,0.056,1427.0,2024-11-21,Chennai,Tablet,online data analytic
A2966,Pyth0n4Data,141.0,3306.0,188.29,30.0,9.0,0.041,1561.0,2024-11-18,Mumbai,Tablet,analytics for data
A2967,Python4data,80.0,3432.0,226.03,20.0,9.0,0.09122252747252749,1254.0,2024-11-07,Bangalore,Desktop,learn data analytics
A2968,CloudComputngCours3,152.0,4683.0,223.33,12.0,7.0,0.046,1697.0,2024-11-18,Chennai,Tablet,data analytics course
A2969,SQLDatabseTraining,189.0,3635.0,229.08,17.0,9.0,0.048,1225.0,2024-11-13,Mumbai,Tablet,online data analytic
A2970,WebDevM@stery,121.0,4638.0,198.88,14.0,6.0,0.049586776859504134,1964.0,2024-11-08,Pune,Desktop,learn data analytics
A2971,W3bDevMastery,140.0,5095.0,223.77,28.0,7.0,0.05,1233.0,2024-11-14,Chennai,Tablet,learn data analytics
A2972,Webdevmastery,183.0,5749.0,213.66,23.0,7.0,0.03825136612021858,1187.0,2024-11-22,Mumbai,Mobile,online data analytic
A2973,Pyth0n4Data,156.0,3964.0,184.42,22.0,6.0,0.038,1893.0,2024-11-30,Pune,Tablet,online data analytic
A2974,Cybersecurtyfundamentals,136.0,5645.0,195.55,26.0,4.0,0.029,1773.0,2024-11-01,Chennai,Tablet,learn data analytics
A2975,BusinessAnlyticsCl@ss,107.0,5272.0,223.18,16.0,8.0,0.075,1110.0,2024-11-28,Chennai,Desktop,learn data analytics
A2976,Cyb3rSecurtyFundamentals,86.0,4824.0,231.61,20.0,7.0,0.08139534883720931,1390.0,2024-11-10,Delhi,Tablet,data analitics online
A2977,Python4D@ta,165.0,5455.0,191.75,30.0,5.0,0.03,1145.0,2024-11-02,Mumbai,Desktop,data anaytics training
A2978,DeepLe@rnngPro,145.0,3779.0,182.65,27.0,4.0,0.027586206896551724,1364.0,2024-11-24,Pune,Tablet,analytics for data
A2979,WebDevMastery,99.0,5981.0,243.89,16.0,9.0,0.091,1876.0,2024-11-11,Mumbai,Desktop,data analitics online
A2980,BusinessAnlyticsClass,139.0,5954.0,216.02,27.0,10.0,0.048,1880.0,2024-11-28,Pune,Desktop,data anaytics training
A2981,Python4D@ta,139.0,5055.0,216.48,19.0,8.0,0.058,1696.0,2024-11-29,Mumbai,Tablet,online data analytic
A2982,Cloudcomputngcourse,153.0,4524.0,224.15,20.0,4.0,0.026,1083.0,2024-11-05,Bangalore,Tablet,learn data analytics
A2983,SQLDatabs3Training,184.0,5903.0,182.5,15.0,10.0,0.05,1230.0,2024-11-25,Pune,Mobile,learn data analytics
A2984,Cloudcomputngcourse,119.0,5050.0,180.57,12.0,8.0,0.067,1243.0,2024-11-04,Chennai,Mobile,analytics for data
A2985,D3epLearnngPro,109.0,4816.0,182.9,27.0,8.0,0.07339449541284404,1123.0,2024-11-21,Delhi,Desktop,data anaytics training
A2986,Python4Data ,168.0,4070.0,222.99,29.0,7.0,0.046,1733.0,2024-11-12,New Delhi,Mobile,data anaytics training
A2987,WebDevMastery,135.5,5827.0,190.93,14.0,3.0,0.046,1731.0,2024-11-30,Mumbai,Desktop,data analytics course
A2988,Sqldatabsetraining,82.0,4922.0,234.82,27.0,10.0,0.033,1556.0,2024-11-17,Chennai,Desktop,data anaytics training
A2989,AI_Mark3ting101,112.0,4277.0,249.65,27.0,3.0,0.026785714285714284,1953.0,2024-11-26,Mumbai,Tablet,data analitics online
A2990,WebDevMastery,99.0,3418.0,195.91,19.0,10.0,0.09122252747252749,1242.0,2024-11-04,Delhi,Desktop,data anaytics training
A2991,Python4data,89.0,3363.0,220.07,26.0,7.0,0.047,1939.0,2024-11-09,Chennai,Desktop,data analytics course
A2992,CloudComputngCourse_,154.0,4828.0,233.39,24.0,6.0,0.03896103896103896,1661.0,2024-11-02,Delhi,Tablet,learn data analytics
A2993,Cybersecurtyfundamentals,155.0,4135.0,226.66,26.0,7.0,0.057,1442.0,2024-11-22,Bangalore,Tablet,analytics for data
A2994,AI_M@rketing101,188.0,5254.0,190.43,27.0,7.0,0.037,1821.0,2024-11-16,Pune,Desktop,online data analytic
A2995,CloudComputngCourse,83.0,4439.0,232.13,28.0,7.0,0.084,1570.0,2024-11-19,Mumbai,Mobile,data anaytics training
A2996,Sqldatabsetraining,127.0,3053.0,183.57,10.0,8.0,0.063,1669.0,2024-11-13,Mumbai,Tablet,data analytics course
A2997,BusinessAnlyticsCl@ss,141.0,5550.0,213.82,20.0,10.0,0.07092198581560284,1545.0,2024-11-15,Pune,Tablet,data analitics online
A2998,DataScienceBootcamp_,149.0,4678.0,241.41,11.0,6.0,0.040268456375838924,1106.0,2024-11-04,Chennai,Desktop,analytics for data
A2999,Pyth0n4Data,152.0,3036.0,210.78,12.0,6.0,0.039473684210526314,1074.0,2024-11-10,Mumbai,Tablet,data analitics online
A3000,Cloudcomputngcourse,123.0,5050.0,247.93,11.0,8.0,0.065,1755.0,2024-11-29,Chennai,Tablet,analytics for data
A3001,DataSci3nceBootcamp,137.0,5057.0,194.11,11.0,6.0,0.044,1206.0,2024-11-09,Chennai,Desktop,data analytics course
A3002,CloudComputngCourse,93.0,5346.0,197.78,15.0,8.0,0.086,1036.0,2024-11-15,Bangalore,Tablet,data analitics online
A3003,SQLDatabs3Training,150.0,5580.0,204.73,24.0,10.0,0.067,1467.0,2024-11-17,Mumbai,Tablet,data analytics course
A3004,D@taScienceBootcamp,122.0,3351.0,196.49,13.0,3.0,0.025,1362.0,2024-11-30,New Delhi,Desktop,data analytics course
A3005,Sqldatabsetraining,168.0,3128.0,184.27,30.0,7.0,0.041666666666666664,1957.0,2024-11-01,Mumbai,Tablet,data analytics course
A3006,Deeplearnngpro,113.0,4439.0,217.67,26.0,8.0,0.071,1285.0,2024-11-12,Mumbai,Mobile,data analytics course
A3007,Cyb3rSecurtyFundamentals,124.0,5402.0,222.16,21.0,7.0,0.059,1091.0,2024-11-27,Mumbai,Desktop,data anaytics training
A3008,Cyb3rSecurtyFundamentals,95.0,4653.0,193.63,17.0,4.0,0.042,1688.0,2024-11-27,Chennai,Desktop,data analytics course
A3009,Ai_marketing101,185.0,4599.0,248.28,15.0,5.0,0.027,1673.0,2024-11-06,Pune,Desktop,data analitics online
A3010,CyberSecurtyFund@mentals,144.0,3120.0,221.66,24.0,6.0,0.045,1061.0,2024-11-13,Chennai,Mobile,data anaytics training
A3011,dATAsCIENCEbOOTCAMP,175.0,3521.0,210.11,14.0,9.0,0.051,1140.0,2024-11-28,Pune,Mobile,analytics for data
A3012,SQLDatabseTraining ,88.0,5823.0,246.67,12.0,9.0,0.09122252747252749,1514.0,2024-11-01,Mumbai,Mobile,data analytics course
A3013,DataScienceBootcamp ,90.0,5569.0,196.6,27.0,4.0,0.053,1516.0,2024-11-20,Mumbai,Desktop,data analitics online
A3014,AI_M@rketing101,94.0,4255.0,221.06,13.0,5.0,0.053,1623.0,2024-11-20,Chennai,Desktop,learn data analytics
A3015,WebDevMastery,191.0,4910.0,232.7,14.0,10.0,0.052,1080.0,2024-11-03,Pune,Tablet,analytics for data
A3016,Datasciencebootcamp,167.0,5675.0,222.56,15.0,4.0,0.024,1862.0,2024-11-17,Delhi,Tablet,analytics for data
A3017,Ai_marketing101,136.0,3777.0,186.5,11.0,4.0,0.029,1027.0,2024-11-05,Bangalore,Mobile,learn data analytics
A3018,AI_Marketing101,110.0,5790.0,211.85,23.0,9.0,0.08181818181818182,1463.0,2024-11-08,Delhi,Tablet,data analitics online
A3019,SQLDatabseTraining,171.0,3055.0,217.67,26.0,5.0,0.029,1701.0,2024-11-18,Mumbai,Mobile,data anaytics training
A3020,D@taScienceBootcamp,134.0,5620.0,231.4,28.0,7.0,0.052,1499.0,2024-11-29,Bangalore,Desktop,data anaytics training
A3021,dATAsCIENCEbOOTCAMP,170.0,4594.0,193.2,27.0,9.0,0.053,1319.0,2024-11-27,Chennai,Mobile,analytics for data
A3022,DataSci3nceBootcamp,151.0,4907.0,248.32,10.0,4.0,0.026,1948.0,2024-11-23,Chennai,Desktop,data analytics course
A3023,Machnelearningbasics,124.0,5437.0,180.54,29.0,7.0,0.056451612903225805,1564.0,2024-11-09,Pune,Desktop,analytics for data
A3024,DataScienceB0otcamp,88.0,4794.0,242.28,11.0,3.0,0.034,1210.0,2024-11-07,Pune,Mobile,data anaytics training
A3025,MachneLearningBasics,118.0,5326.0,199.76,19.0,8.0,0.068,1195.0,2024-11-24,Delhi,Tablet,analytics for data
A3026,dEEPlEARNNGpRO,160.0,5642.0,200.82,25.0,7.0,0.047058823529411764,1472.5,2024-11-29,Delhi,Mobile,learn data analytics
A3027,AI_Marketing101,112.0,4594.0,236.12,29.0,8.0,0.071,1569.0,2024-11-23,New Delhi,Mobile,data anaytics training
A3028,ai_mARKETING101,186.0,4352.0,223.95,29.0,3.0,0.016,1290.0,2024-11-06,Delhi,Mobile,data anaytics training
A3029,BusinessAnlyticsClass_,139.0,4220.0,206.02,21.0,5.0,0.036,1671.0,2024-11-21,Mumbai,Desktop,learn data analytics
A3030,CloudComputngCourse_,164.0,4909.0,245.06,13.0,3.0,0.045,1601.0,2024-11-04,Mumbai,Mobile,learn data analytics
A3031,Cloudcomputngcourse,89.0,3148.0,219.25,13.0,4.0,0.045,1533.0,2024-11-06,Delhi,Desktop,data analitics online
A3032,D@taScienceBootcamp,107.0,3105.0,195.46,20.0,10.0,0.037,1455.0,2024-11-19,Delhi,Mobile,data analitics online
A3033,DataScienceBootcamp1,179.0,5062.0,214.66,18.0,4.0,0.05,1815.0,2024-11-24,Mumbai,Mobile,data analytics course
A3034,M@chneLearningBasics,136.0,4096.0,228.79,19.0,10.0,0.039,1054.0,2024-11-26,Mumbai,Desktop,data anaytics training
A3035,Cloudcomputngcourse,140.0,4283.0,205.02,22.0,7.0,0.05,1674.0,2024-11-11,Mumbai,Mobile,data analytics course
A3036,dATAsCIENCEbOOTCAMP,137.0,4189.0,208.84,17.0,7.0,0.047,1211.0,2024-11-09,Mumbai,Mobile,online data analytic
A3037,DataSci3nceBootcamp,199.0,4818.0,230.19,11.0,7.0,0.038,1714.0,2024-11-08,Chennai,Desktop,online data analytic
A3038,Cyb3rSecurtyFundamentals,95.0,5256.0,235.84,12.0,8.0,0.052,1324.0,2024-11-24,Mumbai,Mobile,data anaytics training
A3039,Machn3LearningBasics,182.0,3980.0,191.75,16.0,5.0,0.027,1050.0,2024-11-08,Bangalore,Tablet,online data analytic
A3040,Pyth0n4Data,132.0,4359.0,237.12,29.0,3.0,0.022727272727272728,1872.0,2024-11-01,Chennai,Mobile,online data analytic
A3041,CyberSecurtyFundamentals,139.0,5326.0,241.7,29.0,5.0,0.036,1423.0,2024-11-08,Mumbai,Mobile,analytics for data
A3042,SQLD@tabseTraining,134.0,5614.0,220.52,14.0,6.0,0.036,1488.5,2024-11-15,Mumbai,Desktop,data analitics online
A3043,Cloudcomputngcourse,166.0,3746.0,213.81,16.0,5.0,0.03,1750.0,2024-11-08,Bangalore,Mobile,data analitics online
A3044,DeepLearnngPr0,121.0,5608.0,219.92,19.0,4.0,0.049,1209.0,2024-11-14,Delhi,Tablet,data anaytics training
A3045,DeepLe@rnngPro,173.0,4582.0,204.99,17.0,5.0,0.029,1703.0,2024-11-21,Mumbai,Desktop,data anaytics training
A3046,mACHNElEARNINGbASICS,132.0,4438.0,232.68,24.0,7.0,0.05303030303030303,1959.0,2024-11-09,Chennai,Desktop,analytics for data
A3047,Businessanlyticsclass,136.0,5011.0,236.62,25.0,5.0,0.037,1582.0,2024-11-03,Mumbai,Mobile,data analytics course
A3048,Businessanlyticsclass,174.0,5864.0,190.45,26.0,5.0,0.045,1508.0,2024-11-27,Bangalore,Mobile,data anaytics training
A3049,ai_mARKETING101,168.0,5114.0,186.75,10.0,3.0,0.018,1530.0,2024-11-18,Delhi,Desktop,online data analytic
A3050,AI_Marketing101 ,117.0,5658.0,191.48,13.0,3.0,0.032,1779.0,2024-11-25,Bangalore,Mobile,learn data analytics
A3051,D3epLearnngPro,187.0,4876.0,192.2,16.0,5.0,0.027,1396.0,2024-11-09,Mumbai,Tablet,analytics for data
A3052,Machnelearningbasics,139.0,5139.0,212.2,20.0,10.0,0.046,1613.0,2024-11-18,Mumbai,Tablet,online data analytic
A3053,DataScienceBootcamp1,139.0,5470.0,210.97,20.0,7.0,0.048,1928.0,2024-11-21,Pune,Desktop,data analitics online
A3054,BusinessAnlyticsClass,112.0,5143.0,242.96,18.0,3.0,0.027,1029.0,2024-11-07,Pune,Mobile,data anaytics training
A3055,wEBdEVmASTERY,124.0,4532.0,209.92,15.0,4.0,0.032,1532.0,2024-11-25,Chennai,Desktop,data analitics online
A3056,CyberSecurtyFundamentals ,132.0,4769.0,236.41,15.0,4.0,0.03,1499.0,2024-11-26,Chennai,Tablet,analytics for data
A3057,Cybersecurtyfundamentals,167.0,3366.0,213.02,28.0,4.0,0.059,1159.0,2024-11-14,New Delhi,Mobile,data analytics course
A3058,bUSINESSaNLYTICScLASS,165.0,5228.0,199.73,27.0,3.0,0.04,1829.0,2024-11-05,Pune,Mobile,analytics for data
A3059,Cybersecurtyfundamentals,108.0,4266.0,220.02,24.0,5.0,0.046296296296296294,1282.0,2024-11-23,Mumbai,Mobile,data anaytics training
A3060,WebDevMastery1,182.0,5102.0,226.22,16.0,10.0,0.06,1600.0,2024-11-07,Delhi,Mobile,data analytics course
A3061,DataScienceBootcamp1,91.0,3787.0,226.17,26.0,8.0,0.088,1493.0,2024-11-10,Bangalore,Tablet,data analytics course
A3062,D@taScienceBootcamp,194.0,4598.0,233.86,25.0,4.0,0.020618556701030927,1565.0,2024-11-05,Bangalore,Tablet,data analitics online
A3063,WebDevMastery,189.0,5404.0,218.41,17.0,10.0,0.053,1418.0,2024-11-24,Mumbai,Mobile,learn data analytics
A3064,MachneLearningBasics,85.0,4432.0,214.79,22.0,7.0,0.082,1262.0,2024-11-23,Bangalore,Tablet,data analitics online
A3065,Busin3ssAnlyticsClass,162.0,4016.0,224.48,28.0,10.0,0.041,1060.0,2024-11-19,Delhi,Mobile,data anaytics training
A3066,M@chneLearningBasics,132.0,5379.0,248.46,28.0,5.0,0.047,1881.0,2024-11-27,Bangalore,Desktop,online data analytic
A3067,cLOUDcOMPUTNGcOURSE,88.0,5093.0,222.28,13.0,9.0,0.05,1185.0,2024-11-09,Mumbai,Desktop,online data analytic
A3068,Machnelearningbasics,121.0,5092.0,219.15,21.0,6.0,0.05,1864.0,2024-11-04,Mumbai,Desktop,analytics for data
A3069,Ai_marketing101,81.0,3015.0,218.69,10.0,7.0,0.086,1550.0,2024-11-27,Pune,Desktop,learn data analytics
A3070,DataSci3nceBootcamp,125.0,3745.0,206.93,24.0,3.0,0.024,1619.0,2024-11-08,Chennai,Tablet,data analytics course
A3071,Busin3ssAnlyticsClass,188.0,5046.0,202.52,18.0,10.0,0.06,1625.0,2024-11-05,Chennai,Tablet,online data analytic
A3072,Cyb3rSecurtyFundamentals,99.0,4032.0,186.45,19.0,5.0,0.050505050505050504,1074.0,2024-11-03,Mumbai,Desktop,data analytics course
A3073,SQLDatabs3Training,170.0,3879.0,245.0,29.0,6.0,0.046,1202.0,2024-11-26,Chennai,Tablet,data analytics course
A3074,MachneLearningBasics_,105.0,4968.0,188.38,14.0,5.0,0.047619047619047616,1135.0,2024-11-21,Pune,Tablet,learn data analytics
A3075,AI_Marketing101 ,173.0,5872.0,190.3,24.0,5.0,0.029,1953.0,2024-11-26,Delhi,Tablet,data analitics online
A3076,AI_Marketing101_,186.0,3058.0,230.71,27.0,7.0,0.038,1464.0,2024-11-23,Pune,Mobile,analytics for data
A3077,cLOUDcOMPUTNGcOURSE,143.0,3109.0,246.92,22.0,5.0,0.035,1589.0,2024-11-13,Mumbai,Tablet,learn data analytics
A3078,Python4Data_,124.0,5415.0,217.55,20.0,4.0,0.032,1258.0,2024-11-27,Pune,Desktop,data analitics online
A3079,pYTHON4dATA,154.0,5633.0,245.95,29.0,7.0,0.035,1604.0,2024-11-03,Bangalore,Tablet,learn data analytics
A3080,CyberSecurtyFundamentals ,85.0,5402.0,191.95,18.0,7.0,0.082,1002.0,2024-11-26,Pune,Desktop,data anaytics training
A3081,Python4Data,167.0,4059.0,209.18,17.0,4.0,0.024,1742.0,2024-11-16,Pune,Tablet,learn data analytics
A3082,Python4Data,139.0,3172.0,227.83,20.0,10.0,0.072,1130.0,2024-11-28,Mumbai,Tablet,analytics for data
A3083,dATAsCIENCEbOOTCAMP,193.0,5716.0,224.53,19.0,9.0,0.047,1167.0,2024-11-13,Chennai,Desktop,online data analytic
A3084,mACHNElEARNINGbASICS,127.0,4816.0,245.25,23.0,3.0,0.049,1985.0,2024-11-07,Mumbai,Tablet,learn data analytics
A3085,DeepLe@rnngPro,80.0,3742.0,247.16,20.0,10.0,0.055,1686.0,2024-11-08,Chennai,Tablet,analytics for data
A3086,M@chneLearningBasics,174.0,4469.0,215.98,14.0,8.0,0.046,1619.0,2024-11-07,Pune,Desktop,online data analytic
A3087,cLOUDcOMPUTNGcOURSE,127.0,3454.0,209.19,19.0,10.0,0.058,1937.0,2024-11-05,Pune,Desktop,data anaytics training
A3088,sqldATABSEtRAINING,151.0,3702.0,245.02,22.0,9.0,0.06,1983.0,2024-11-04,Chennai,Tablet,learn data analytics
A3089,mACHNElEARNINGbASICS,113.0,4258.0,232.25,16.0,10.0,0.088,1374.0,2024-11-24,Mumbai,Mobile,online data analytic
A3090,WebDevM@stery,159.0,4047.0,205.62,24.0,3.0,0.05,1177.0,2024-11-09,Chennai,Tablet,analytics for data
A3091,MachneLearningBasics,197.0,3319.0,215.83,26.0,10.0,0.051,1342.0,2024-11-18,Chennai,Desktop,analytics for data
A3092,mACHNElEARNINGbASICS,106.0,5661.0,181.96,17.0,3.0,0.028,1250.0,2024-11-11,New Delhi,Desktop,data analitics online
A3093,pYTHON4dATA,143.0,4914.0,222.69,12.0,7.0,0.05,1280.0,2024-11-12,Pune,Desktop,analytics for data
A3094,SQLD@tabseTraining,111.0,5382.0,219.59,29.0,5.0,0.032,1464.0,2024-11-25,Pune,Desktop,analytics for data
A3095,Python4data,98.0,5898.0,186.46,20.0,6.0,0.038,1497.0,2024-11-09,Mumbai,Mobile,data analitics online
A3096,DeepLearnngPro1,98.0,3967.0,214.51,12.0,5.0,0.051,1180.0,2024-11-08,Chennai,Desktop,analytics for data
A3097,bUSINESSaNLYTICScLASS,109.0,3089.0,190.0,20.0,7.0,0.038,1779.0,2024-11-01,Chennai,Tablet,data analitics online
A3098,dEEPlEARNNGpRO,168.0,3219.0,193.16,12.0,7.0,0.037,1395.0,2024-11-23,Delhi,Mobile,online data analytic
A3099,BusinessAnlyticsClass1,127.0,4039.0,247.92,20.0,8.0,0.063,1505.0,2024-11-27,Chennai,Mobile,learn data analytics
A3100,D3epLearnngPro,136.0,4051.0,194.29,25.0,5.0,0.03676470588235294,1467.0,2024-11-28,Mumbai,Tablet,learn data analytics
A3101,Deeplearnngpro,173.0,5270.0,233.33,11.0,7.0,0.04,1783.0,2024-11-16,Chennai,Desktop,analytics for data
A3102,ai_mARKETING101,184.0,3239.0,221.33,25.0,10.0,0.054,1557.0,2024-11-04,Chennai,Desktop,online data analytic
A3103,WebDevM@stery,174.0,4054.0,201.25,15.0,7.0,0.040229885057471264,1514.0,2024-11-23,Chennai,Mobile,learn data analytics
A3104,MachneLearningBasics ,196.0,5448.0,232.55,30.0,8.0,0.041,1694.0,2024-11-14,Delhi,Desktop,learn data analytics
A3105,DeepLe@rnngPro,193.0,4594.5,238.8,20.0,5.0,0.04,1327.0,2024-11-02,Pune,Mobile,data anaytics training
A3106,BusinessAnlyticsClass,97.0,3937.0,197.37,14.0,10.0,0.09122252747252749,1160.0,2024-11-22,Chennai,Tablet,learn data analytics
A3107,WebDevMastery ,128.0,4175.0,200.11,12.0,10.0,0.059,1599.0,2024-11-20,New Delhi,Desktop,data analitics online
A3108,AI_Marketing1011,143.0,5780.0,237.51,24.0,4.0,0.054,1440.0,2024-11-15,Bangalore,Mobile,data analitics online
A3109,SQLD@tabseTraining,152.54237288135593,3809.0,202.28,17.0,9.0,0.059,1031.0,2024-11-17,Pune,Desktop,data analytics course
A3110,Python4Data,83.0,3684.0,203.47,20.0,6.0,0.047,1805.0,2024-11-17,Pune,Tablet,data analytics course
A3111,SQLD@tabseTraining,189.0,3226.0,236.68,14.0,6.0,0.032,1364.0,2024-11-06,Bangalore,Tablet,analytics for data
A3112,DeepLearnngPro1,165.0,4978.0,180.25,12.0,4.0,0.058,1123.0,2024-11-14,Delhi,Tablet,online data analytic
A3113,sqldATABSEtRAINING,172.0,5041.0,189.31,22.0,10.0,0.05813953488372093,1645.0,2024-11-07,New Delhi,Mobile,data anaytics training
A3114,CloudComputngCourse,183.0,4124.0,186.66,24.0,6.0,0.033,1183.0,2024-11-28,Mumbai,Tablet,data analytics course
A3115,sqldATABSEtRAINING,196.0,3143.0,238.22,28.0,7.0,0.036,1234.0,2024-11-08,New Delhi,Mobile,data analitics online
A3116,mACHNElEARNINGbASICS,98.0,4505.0,209.36,27.0,5.0,0.05102040816326531,1186.0,2024-11-29,Bangalore,Tablet,learn data analytics
A3117,AI_Marketing101 ,158.0,3736.0,226.99,11.0,8.0,0.05063291139240506,1606.0,2024-11-29,New Delhi,Tablet,data anaytics training
A3118,Sqldatabsetraining,104.0,5949.0,216.6,28.0,4.0,0.038,1102.0,2024-11-10,Bangalore,Mobile,analytics for data
A3119,CloudComputngCours3,84.0,4625.0,226.02,13.0,5.0,0.05952380952380952,1969.0,2024-11-14,Pune,Desktop,online data analytic
A3120,SQLDatabseTraining,128.0,5022.0,188.96,26.0,6.0,0.047,1108.0,2024-11-02,Chennai,Mobile,data anaytics training
A3121,WebDevM@stery,99.0,5483.0,180.04,20.0,5.0,0.05,1687.0,2024-11-04,Pune,Desktop,analytics for data
A3122,DataScienceB0otcamp,107.0,5491.0,217.98,17.0,10.0,0.09122252747252749,1480.0,2024-11-11,Bangalore,Mobile,online data analytic
A3123,AI_Marketing101,86.0,4078.0,208.92,26.0,3.0,0.035,1698.0,2024-11-06,New Delhi,Mobile,data analytics course
A3124,bUSINESSaNLYTICScLASS,137.0,3052.0,245.45,24.0,6.0,0.05,1769.0,2024-11-28,Delhi,Desktop,data analitics online
A3125,sqldATABSEtRAINING,88.0,3708.0,225.76,10.0,5.0,0.036,1667.0,2024-11-12,New Delhi,Tablet,data anaytics training
A3126,pYTHON4dATA,141.0,5314.0,184.34,29.0,10.0,0.071,1271.0,2024-11-19,Pune,Mobile,online data analytic
A3127,Machn3LearningBasics,193.0,3566.0,212.73,19.0,7.0,0.036,1311.0,2024-11-04,Pune,Desktop,data analitics online
A3128,SQLDatabseTraining_,185.0,4839.0,193.99,26.0,6.0,0.032,1492.0,2024-11-04,Pune,Desktop,data anaytics training
A3129,Cl0udComputngCourse,117.0,5145.0,244.44,12.0,8.0,0.068,1505.0,2024-11-10,Chennai,Mobile,data analitics online
A3130,CloudComputngCourse,147.0,4371.0,243.04,26.0,9.0,0.061,1776.0,2024-11-18,Chennai,Desktop,online data analytic
A3131,Deeplearnngpro,197.0,5697.0,243.72,13.0,3.0,0.015228426395939087,1154.0,2024-11-06,Pune,Mobile,learn data analytics
A3132,dEEPlEARNNGpRO,81.0,3096.0,228.47,22.0,3.0,0.037,1386.0,2024-11-22,Mumbai,Tablet,analytics for data
A3133,BusinessAnlyticsClass,198.0,4163.0,218.64,11.0,6.0,0.03,1904.0,2024-11-30,Pune,Tablet,learn data analytics
A3134,SQLDatabs3Training,155.0,5150.0,224.6,24.0,7.0,0.039,1146.0,2024-11-04,Chennai,Tablet,data analytics course
A3135,sqldATABSEtRAINING,181.0,3948.0,223.51,17.0,4.0,0.057,1075.0,2024-11-10,Chennai,Mobile,analytics for data
A3136,pYTHON4dATA,108.0,3126.0,248.94,12.0,3.0,0.028,1942.0,2024-11-16,Mumbai,Tablet,analytics for data
A3137,Sqldatabsetraining,114.0,5551.0,195.44,30.0,5.0,0.044,1255.0,2024-11-15,Mumbai,Tablet,analytics for data
A3138,SQLD@tabseTraining,146.0,5712.0,221.73,26.0,5.0,0.03424657534246575,1201.0,2024-11-12,Pune,Mobile,analytics for data
A3139,Cyb3rSecurtyFundamentals,89.0,4175.0,194.22,11.0,3.0,0.055,1370.0,2024-11-22,Delhi,Desktop,data anaytics training
A3140,BusinessAnlyticsClass,82.0,4532.0,220.13,30.0,8.0,0.09122252747252749,1511.0,2024-11-17,Chennai,Desktop,learn data analytics
A3141,Python4data,98.0,5728.0,230.52,14.0,10.0,0.09122252747252749,1322.0,2024-11-07,Pune,Mobile,data anaytics training
A3142,cLOUDcOMPUTNGcOURSE,87.0,3161.0,244.49,24.0,8.0,0.09122252747252749,1161.0,2024-11-06,New Delhi,Tablet,data analitics online
A3143,AI_Marketing101 ,146.0,4773.0,248.27,30.0,6.0,0.041,1304.0,2024-11-01,Bangalore,Tablet,online data analytic
A3144,Machn3LearningBasics,141.0,3385.0,208.31,25.0,10.0,0.044,1972.0,2024-11-16,Bangalore,Mobile,analytics for data
A3145,Python4D@ta,122.0,5600.0,223.06,12.0,3.0,0.025,1061.0,2024-11-18,Bangalore,Tablet,learn data analytics
A3146,Cyb3rSecurtyFundamentals,153.0,4218.0,228.36,16.0,7.0,0.046,1178.0,2024-11-03,Mumbai,Mobile,data analitics online
A3147,WebDevM@stery,108.0,3358.0,184.1,28.0,4.0,0.037,1888.0,2024-11-16,Pune,Desktop,analytics for data
A3148,AI_Mark3ting101,147.0,3021.0,200.17,20.0,4.0,0.027,1718.0,2024-11-18,Pune,Mobile,analytics for data
A3149,wEBdEVmASTERY,121.0,4477.0,224.77,28.0,10.0,0.083,1604.0,2024-11-17,Pune,Tablet,data analitics online
A3150,bUSINESSaNLYTICScLASS,112.0,4073.0,180.24,30.0,4.0,0.03571428571428571,1628.0,2024-11-12,Pune,Tablet,data anaytics training
A3151,M@chneLearningBasics,127.0,5172.0,204.19,10.0,4.0,0.031,1183.0,2024-11-20,Bangalore,Mobile,data analitics online
A3152,W3bDevMastery,192.0,5896.0,201.18,30.0,9.0,0.05,1589.0,2024-11-30,Pune,Desktop,data analytics course
A3153,cYBERsECURTYfUNDAMENTALS,174.0,3427.0,223.77,20.0,7.0,0.036,1293.0,2024-11-15,Pune,Desktop,analytics for data
A3154,M@chneLearningBasics,166.0,4176.0,243.1,16.0,9.0,0.041,1147.0,2024-11-24,Bangalore,Desktop,learn data analytics
A3155,Cybersecurtyfundamentals,98.0,5835.0,232.82,19.0,6.0,0.061224489795918366,1989.0,2024-11-02,Mumbai,Mobile,data analitics online
A3156,SQLDatabseTraining,191.0,5438.0,244.1,19.0,5.0,0.02617801047120419,1203.0,2024-11-08,Pune,Tablet,learn data analytics
A3157,Python4Data,89.0,4936.0,199.91,16.0,4.0,0.059,1543.0,2024-11-14,Mumbai,Desktop,data analytics course
A3158,dEEPlEARNNGpRO,180.0,3526.0,217.93,15.0,7.0,0.039,1336.0,2024-11-16,Pune,Mobile,online data analytic
A3159,D@taScienceBootcamp,91.0,5509.0,186.22,29.0,5.0,0.055,1928.0,2024-11-02,Delhi,Mobile,learn data analytics
A3160,Python4Data_,114.0,5748.0,184.76,16.0,8.0,0.07,1490.0,2024-11-21,Chennai,Desktop,data analitics online
A3161,Machnelearningbasics,80.0,5155.0,217.3,28.0,5.0,0.0625,1316.0,2024-11-12,Pune,Tablet,data analytics course
A3162,Python4data,127.0,4537.0,247.11,17.0,7.0,0.043,1451.0,2024-11-18,Bangalore,Tablet,analytics for data
A3163,Datasciencebootcamp,84.0,5468.0,227.36,13.0,4.0,0.048,1228.0,2024-11-26,Mumbai,Tablet,data analytics course
A3164,CyberSecurtyFundamentals ,182.0,4390.0,239.33,11.0,7.0,0.052,1799.0,2024-11-27,Mumbai,Tablet,data anaytics training
A3165,MachneLearningBasics,105.0,5883.0,180.07,20.0,4.0,0.038,1586.0,2024-11-05,New Delhi,Mobile,data analytics course
A3166,SQLDatabseTraining,162.0,3120.0,245.58,30.0,6.0,0.037,1952.0,2024-11-06,Pune,Mobile,data anaytics training
A3167,AI_Mark3ting101,118.0,4377.0,219.81,21.0,4.0,0.034,1290.0,2024-11-14,Mumbai,Desktop,analytics for data
A3168,wEBdEVmASTERY,131.0,5719.0,183.69,12.0,7.0,0.053,1555.0,2024-11-23,Mumbai,Mobile,data anaytics training
A3169,BusinessAnlyticsCl@ss,116.0,4250.0,186.34,12.0,3.0,0.026,1043.0,2024-11-30,Pune,Desktop,analytics for data
A3170,Python4data,80.0,5648.0,239.26,10.0,6.0,0.075,1005.0,2024-11-20,Pune,Mobile,data analytics course
A3171,bUSINESSaNLYTICScLASS,81.0,3394.0,187.24,12.0,6.0,0.074,1227.0,2024-11-12,Bangalore,Tablet,data analytics course
A3172,cYBERsECURTYfUNDAMENTALS,189.0,5117.0,197.9,20.0,8.0,0.042,1710.0,2024-11-28,Bangalore,Mobile,analytics for data
A3173,DataScienceB0otcamp,128.0,3861.0,232.11,30.0,10.0,0.078125,1636.0,2024-11-18,Chennai,Tablet,data analytics course
A3174,SQLD@tabseTraining,182.0,3303.0,238.4,17.0,4.0,0.022,1695.0,2024-11-05,Mumbai,Desktop,data analitics online
A3175,SQLDatabseTraining ,124.0,4192.0,184.42,12.0,6.0,0.048,1491.0,2024-11-05,Bangalore,Tablet,data analytics course
A3176,wEBdEVmASTERY,137.0,3720.0,237.22,24.0,5.0,0.036,1811.0,2024-11-10,Delhi,Mobile,online data analytic
A3177,cYBERsECURTYfUNDAMENTALS,106.0,5789.0,183.62,19.0,3.0,0.028,1838.0,2024-11-16,Chennai,Desktop,data analitics online
A3178,Webdevmastery,102.0,5113.0,206.65,27.0,6.0,0.059,1466.0,2024-11-19,Chennai,Mobile,data analytics course
A3179,bUSINESSaNLYTICScLASS,155.0,3234.0,204.47,12.0,4.0,0.026,1401.0,2024-11-16,Pune,Desktop,learn data analytics
A3180,wEBdEVmASTERY,85.0,3088.0,234.24,24.0,4.0,0.047,1210.0,2024-11-07,New Delhi,Tablet,analytics for data
A3181,W3bDevMastery,126.0,5114.0,233.27,30.0,5.0,0.03968253968253968,1197.0,2024-11-15,Chennai,Tablet,data analitics online
A3182,DeepLe@rnngPro,96.0,5070.0,210.63,27.0,10.0,0.09122252747252749,1653.0,2024-11-18,Delhi,Tablet,online data analytic
A3183,MachneLearningBasics,128.0,4445.0,200.52,14.0,4.0,0.031,1861.0,2024-11-05,Chennai,Tablet,learn data analytics
A3184,CloudComputngCourse,151.0,3656.0,199.96,26.0,7.0,0.051,1566.0,2024-11-17,Chennai,Desktop,online data analytic
A3185,wEBdEVmASTERY,95.0,3583.0,223.37,22.0,9.0,0.033,1821.0,2024-11-29,Pune,Desktop,online data analytic
A3186,DataScienceBootcamp ,193.0,4790.0,247.69,23.0,5.0,0.026,1687.0,2024-11-24,Pune,Mobile,data analitics online
A3187,CloudComputngCourse ,90.0,3235.0,211.4,29.0,10.0,0.09122252747252749,1290.0,2024-11-19,Mumbai,Tablet,analytics for data
A3188,sqldATABSEtRAINING,175.0,3832.0,245.61,27.0,5.0,0.029,1388.0,2024-11-26,New Delhi,Desktop,data analitics online
A3189,sqldATABSEtRAINING,153.0,4261.0,230.25,27.0,7.0,0.046,1027.0,2024-11-05,Bangalore,Desktop,analytics for data
A3190,DataSci3nceBootcamp,103.0,4796.0,180.64,26.0,7.0,0.06796116504854369,1102.0,2024-11-03,Chennai,Mobile,data anaytics training
A3191,Businessanlyticsclass,102.0,5229.0,208.55,30.0,5.0,0.049,1065.0,2024-11-15,Mumbai,Mobile,analytics for data
A3192,Businessanlyticsclass,199.0,3754.0,220.16,26.0,8.955,0.045,1262.0,2024-11-20,New Delhi,Tablet,data analytics course
A3193,sqldATABSEtRAINING,96.0,4851.0,229.12,27.0,6.0,0.0625,1271.0,2024-11-03,Bangalore,Tablet,data anaytics training
A3194,cLOUDcOMPUTNGcOURSE,107.0,4816.0,243.41,20.0,5.0,0.04672897196261682,1499.0,2024-11-25,Chennai,Tablet,data analytics course
A3195,Ai_marketing101,170.0,5404.0,218.24,24.0,5.0,0.029411764705882353,1818.0,2024-11-29,Delhi,Desktop,data analitics online
A3196,BusinessAnlyticsClass,145.0,3068.0,237.7,24.0,7.0,0.04827586206896552,1494.0,2024-11-19,Chennai,Mobile,data analytics course
A3197,SQLDatabseTraining,148.0,5877.0,213.84,25.0,8.0,0.05405405405405406,1371.0,2024-11-18,Chennai,Desktop,learn data analytics
A3198,DataSci3nceBootcamp,141.0,4188.0,228.12,16.0,9.0,0.06382978723404255,1204.0,2024-11-30,Chennai,Desktop,data analitics online
A3199,D@taScienceBootcamp,89.0,5676.0,183.58,14.0,6.0,0.045,1254.0,2024-11-16,Chennai,Mobile,data analitics online
A3200,BusinessAnlyticsClass,140.0,4677.0,223.74,20.0,9.0,0.064,1610.0,2024-11-04,Chennai,Mobile,learn data analytics
A3201,WebDevMastery1,135.0,3793.0,190.88,24.0,9.0,0.053,1488.5,2024-11-19,Mumbai,Desktop,data analitics online
A3202,CyberSecurtyFund@mentals,105.0,3548.0,216.8,30.0,7.0,0.054,1663.0,2024-11-14,Delhi,Tablet,learn data analytics
A3203,cLOUDcOMPUTNGcOURSE,119.0,5944.0,225.75,24.0,6.0,0.047,1516.0,2024-11-13,Pune,Tablet,analytics for data
A3204,AI_M@rketing101,128.0,4662.0,187.28,23.0,9.0,0.0703125,1710.0,2024-11-13,Mumbai,Desktop,data anaytics training
A3205,SQLDatabseTraining,120.0,4453.0,240.34,23.0,8.0,0.067,1452.0,2024-11-26,Chennai,Tablet,online data analytic
A3206,Machnelearningbasics,163.0,5052.0,234.73,24.0,6.0,0.03680981595092025,1848.0,2024-11-17,New Delhi,Mobile,online data analytic
A3207,Datasciencebootcamp,94.0,4457.0,246.18,14.0,6.0,0.053,1492.0,2024-11-15,Chennai,Tablet,data analitics online
A3208,MachneLearningBasics,111.11111111111111,5528.0,185.93,21.0,5.0,0.045,1719.0,2024-11-15,Chennai,Mobile,data anaytics training
A3209,Machn3LearningBasics,146.0,4474.0,190.94,18.0,10.0,0.0684931506849315,1872.0,2024-11-07,Bangalore,Tablet,data analitics online
A3210,WebDevM@stery,193.0,5129.0,243.78,13.0,10.0,0.052,1583.0,2024-11-06,Mumbai,Tablet,data analytics course
A3211,MachneLearningBasics,96.0,5210.0,223.05,10.0,8.0,0.083,1483.0,2024-11-29,Mumbai,Tablet,online data analytic
A3212,CyberSecurtyFund@mentals,150.0,3456.0,242.22,16.0,7.0,0.047,1215.0,2024-11-02,Bangalore,Desktop,data anaytics training
A3213,BusinessAnlyticsCl@ss,130.0,4109.0,207.1,19.0,6.0,0.046,1521.0,2024-11-16,Pune,Mobile,learn data analytics
A3214,Python4Data,99.0,3522.0,210.01,28.0,9.0,0.034,1932.0,2024-11-23,Delhi,Mobile,analytics for data
A3215,SQLD@tabseTraining,143.0,3600.0,238.14,26.0,7.0,0.049,1891.0,2024-11-09,New Delhi,Tablet,analytics for data
A3216,AI_Marketing1011,116.0,3026.0,209.03,24.0,9.0,0.07758620689655173,1819.0,2024-11-10,Bangalore,Desktop,data analitics online
A3217,CloudComputngCourse ,120.0,4540.0,214.76,29.0,5.0,0.042,1926.0,2024-11-30,Chennai,Mobile,data anaytics training
A3218,D3epLearnngPro,115.0,4857.0,195.05,29.0,9.0,0.078,1644.0,2024-11-17,Mumbai,Desktop,data anaytics training
A3219,DeepLearnngPro_,175.0,5915.0,223.39,23.0,8.0,0.042,1595.0,2024-11-08,Mumbai,Tablet,learn data analytics
A3220,D@taScienceBootcamp,100.0,3948.0,230.56,30.0,6.0,0.06,1234.0,2024-11-12,Chennai,Tablet,analytics for data
A3221,AI_M@rketing101,114.0,5446.0,207.62,11.0,8.0,0.07017543859649122,1355.0,2024-11-12,Mumbai,Mobile,data analitics online
A3222,bUSINESSaNLYTICScLASS,109.0,5388.0,205.68,22.0,6.0,0.055,1339.0,2024-11-19,Pune,Desktop,data anaytics training
A3223,pYTHON4dATA,154.0,5138.0,194.15,17.0,7.0,0.045,1295.0,2024-11-17,Pune,Mobile,data analytics course
A3224,bUSINESSaNLYTICScLASS,199.0,3534.0,238.67,24.0,5.0,0.025,1776.0,2024-11-21,Delhi,Mobile,data anaytics training
A3225,CyberSecurtyFundamentals1,98.0,4302.0,183.4,16.0,9.0,0.09122252747252749,1765.0,2024-11-19,Bangalore,Desktop,data analytics course
A3226,pYTHON4dATA,196.0,4367.0,238.44,20.0,7.0,0.03571428571428571,1931.0,2024-11-27,Chennai,Desktop,data analitics online
A3227,CloudComputngCourse_,81.0,3721.0,222.89,17.0,4.0,0.046,1690.0,2024-11-15,Pune,Desktop,data analytics course
A3228,Pyth0n4Data,150.0,4351.0,203.7,26.0,8.0,0.05333333333333334,1765.0,2024-11-18,Chennai,Desktop,data anaytics training
A3229,D3epLearnngPro,121.0,3122.0,237.57,29.0,6.0,0.05,1796.0,2024-11-07,Mumbai,Mobile,learn data analytics
A3230,CyberSecurtyFundamentals ,124.0,3924.0,188.66,24.0,6.0,0.041,1472.0,2024-11-04,Pune,Tablet,data anaytics training
A3231,mACHNElEARNINGbASICS,108.0,4126.0,219.33,22.0,3.0,0.028,1275.0,2024-11-29,Pune,Mobile,data analytics course
A3232,SQLDatabseTraining,192.0,3499.0,237.83,20.0,10.0,0.043,1538.5,2024-11-12,Delhi,Tablet,analytics for data
A3233,Machnelearningbasics,178.0,3708.0,192.77,20.0,10.0,0.056,1292.0,2024-11-16,Delhi,Tablet,data analitics online
A3234,Busin3ssAnlyticsClass,191.0,3302.0,207.75,18.0,9.0,0.047,1464.0,2024-11-26,Pune,Mobile,learn data analytics
A3235,DataScienceBootcamp1,147.0,3131.0,242.53,10.0,4.0,0.027210884353741496,1231.0,2024-11-18,Mumbai,Desktop,data analytics course
A3236,dEEPlEARNNGpRO,88.0,5145.0,242.9,16.0,10.0,0.043,1963.0,2024-11-14,New Delhi,Tablet,analytics for data
A3237,SQLDatabseTraining1,92.0,5241.0,223.48,23.0,9.0,0.09122252747252749,1050.0,2024-11-18,Pune,Desktop,data analitics online
A3238,Cybersecurtyfundamentals,148.0,4149.0,223.33,30.0,6.0,0.041,1318.0,2024-11-08,Mumbai,Tablet,data analytics course
A3239,CloudComputngCours3,127.0,3791.0,231.06,11.0,6.0,0.047244094488188976,1351.0,2024-11-03,Mumbai,Desktop,online data analytic
A3240,BusinessAnlyticsCl@ss,156.0,4375.0,249.33,26.0,6.0,0.038,1663.0,2024-11-15,Mumbai,Tablet,data analytics course
A3241,Cloudcomputngcourse,176.0,3753.0,201.76,11.0,4.0,0.023,1070.0,2024-11-07,Pune,Mobile,data anaytics training
A3242,Python4D@ta,145.0,4275.0,185.05,25.0,7.0,0.036,1574.0,2024-11-09,Pune,Desktop,data anaytics training
A3243,pYTHON4dATA,136.0,4332.0,234.52,19.0,6.0,0.043,1162.0,2024-11-18,Chennai,Desktop,learn data analytics
A3244,DataScienceB0otcamp,150.0,4001.0,219.1,25.0,6.0,0.04,1365.0,2024-11-09,Pune,Tablet,online data analytic
A3245,CyberSecurtyFundamentals ,145.0,4436.0,190.63,13.0,10.0,0.069,1502.0,2024-11-21,Mumbai,Tablet,data analytics course
A3246,bUSINESSaNLYTICScLASS,165.0,5661.0,212.245,28.0,6.0,0.036,1848.0,2024-11-02,Pune,Desktop,data analitics online
A3247,cYBERsECURTYfUNDAMENTALS,183.0,5746.0,248.15,14.0,5.0,0.053,1012.0,2024-11-25,Mumbai,Tablet,data analytics course
A3248,CyberSecurtyFundamentals,176.0,3906.0,214.0,29.0,4.0,0.037,1382.0,2024-11-25,Bangalore,Tablet,online data analytic
A3249,DataScienceB0otcamp,164.0,5127.0,194.76,20.0,5.0,0.03048780487804878,1499.0,2024-11-12,Chennai,Tablet,analytics for data
A3250,Busin3ssAnlyticsClass,137.0,4093.0,230.81,15.0,6.0,0.05,1713.0,2024-11-02,Delhi,Desktop,data analytics course
A3251,D@taScienceBootcamp,95.0,4933.0,220.04,15.0,3.0,0.031578947368421054,1366.0,2024-11-04,Bangalore,Mobile,data anaytics training
A3252,Sqldatabsetraining,83.0,5180.0,209.62,30.0,4.0,0.04819277108433735,1972.0,2024-11-13,Mumbai,Desktop,analytics for data
A3253,Machn3LearningBasics,91.0,4988.0,217.34,10.0,10.0,0.09122252747252749,1508.0,2024-11-29,New Delhi,Mobile,learn data analytics
A3254,BusinessAnlyticsClass_,107.0,5510.0,216.1,14.0,8.0,0.075,1857.0,2024-11-19,Pune,Mobile,online data analytic
A3255,Sqldatabsetraining,83.0,3187.0,217.98,25.0,10.0,0.034,1571.0,2024-11-07,Bangalore,Mobile,learn data analytics
A3256,dATAsCIENCEbOOTCAMP,166.0,3788.0,238.56,18.0,8.0,0.048,1657.0,2024-11-06,Bangalore,Mobile,learn data analytics
A3257,Deeplearnngpro,182.0,4575.0,233.74,24.0,10.0,0.054945054945054944,1844.0,2024-11-13,Mumbai,Mobile,learn data analytics
A3258,CyberSecurtyFundamentals,188.0,4382.0,249.5,12.0,9.0,0.049,1746.0,2024-11-13,Mumbai,Desktop,analytics for data
A3259,SQLD@tabseTraining,107.0,4605.0,230.74,17.0,7.0,0.06542056074766354,1590.0,2024-11-18,Pune,Tablet,online data analytic
A3260,Cl0udComputngCourse,169.0,4857.0,194.79,18.0,7.0,0.041,1391.0,2024-11-22,New Delhi,Mobile,data analitics online
A3261,Machn3LearningBasics,165.0,3150.0,190.3,18.0,3.0,0.018,1129.0,2024-11-18,Chennai,Desktop,data anaytics training
A3262,Cybersecurtyfundamentals,137.0,4630.0,201.14,10.0,4.0,0.029,1680.0,2024-11-27,Pune,Tablet,learn data analytics
A3263,ai_mARKETING101,135.0,3712.0,207.14,14.0,3.0,0.048,1788.0,2024-11-21,Pune,Tablet,data anaytics training
A3264,dATAsCIENCEbOOTCAMP,130.0,5739.0,217.93,23.0,8.0,0.062,1464.0,2024-11-30,Pune,Mobile,data analitics online
A3265,DeepLearnngPro ,193.0,4631.0,230.95,26.0,8.0,0.041,1055.0,2024-11-11,Mumbai,Desktop,data analitics online
A3266,Sqldatabsetraining,122.0,4556.0,243.84,26.0,4.0,0.052,1164.0,2024-11-24,Pune,Mobile,online data analytic
A3267,BusinessAnlyticsCl@ss,167.0,5824.0,204.18,20.0,6.5,0.0465,1452.0,2024-11-09,Pune,Mobile,data analytics course
A3268,Pyth0n4Data,145.0,5765.0,240.62,18.0,6.0,0.041,1056.0,2024-11-19,Delhi,Desktop,data anaytics training
A3269,ai_mARKETING101,80.0,5653.0,228.06,19.0,8.0,0.09122252747252749,1795.0,2024-11-13,New Delhi,Tablet,analytics for data
A3270,Pyth0n4Data,142.0,4379.0,238.75,24.0,8.0,0.045,1505.0,2024-11-10,Chennai,Mobile,data anaytics training
A3271,Webdevmastery,141.0,5612.0,224.45,19.0,5.0,0.03546099290780142,1150.0,2024-11-16,Pune,Mobile,online data analytic
A3272,CloudComputngCourse ,180.0,3102.0,198.37,19.0,3.0,0.016666666666666666,1497.0,2024-11-29,Mumbai,Mobile,online data analytic
A3273,Busin3ssAnlyticsClass,196.0,5812.0,246.88,22.0,9.0,0.046,1715.0,2024-11-14,Bangalore,Mobile,online data analytic
A3274,BusinessAnlyticsCl@ss,168.0,4904.0,219.0,22.0,5.0,0.03,1541.0,2024-11-15,Bangalore,Tablet,online data analytic
A3275,MachneLearningBasics,140.0,4562.0,183.58,17.0,9.0,0.047,1668.0,2024-11-30,Chennai,Desktop,data analytics course
A3276,DeepLearnngPro1,178.0,4708.0,237.77,14.0,10.0,0.056179775280898875,1449.0,2024-11-21,Mumbai,Mobile,learn data analytics
A3277,AI_M@rketing101,93.0,3945.0,189.53,27.0,3.0,0.032,1560.0,2024-11-18,Delhi,Tablet,learn data analytics
A3278,BusinessAnlyticsClass1,138.0,5863.0,201.19,30.0,10.0,0.072,1898.0,2024-11-18,Chennai,Desktop,analytics for data
A3279,MachneLearningBasics,143.0,4470.0,214.42,14.0,8.0,0.056,1353.0,2024-11-22,Mumbai,Mobile,data analytics course
A3280,CloudComputngCourse,143.0,5800.0,209.76,22.0,9.0,0.048,1369.0,2024-11-14,Bangalore,Tablet,data analytics course
A3281,Datasciencebootcamp,147.0,4041.0,229.19,16.0,10.0,0.055,1558.0,2024-11-27,Delhi,Desktop,analytics for data
A3282,dATAsCIENCEbOOTCAMP,101.0,3449.0,188.39,16.0,10.0,0.09122252747252749,1318.0,2024-11-08,Delhi,Desktop,online data analytic
A3283,cLOUDcOMPUTNGcOURSE,195.0,4195.0,231.87,13.0,10.0,0.034,1834.0,2024-11-25,Chennai,Desktop,learn data analytics
A3284,DeepLe@rnngPro,142.0,5365.0,237.95,17.0,10.0,0.07,1548.0,2024-11-27,Mumbai,Tablet,data analitics online
A3285,AI_Marketing1011,139.0,3854.0,234.73,10.0,3.0,0.022,1802.0,2024-11-18,Delhi,Tablet,learn data analytics
A3286,AI_M@rketing101,84.0,5597.0,244.39,22.0,10.0,0.09122252747252749,1685.0,2024-11-03,Delhi,Tablet,data anaytics training
A3287,BusinessAnlyticsCl@ss,103.0,5488.0,237.06,21.0,7.0,0.049,1874.0,2024-11-22,Pune,Tablet,analytics for data
A3288,AI_Marketing101_,108.0,3676.0,203.45,29.0,8.0,0.074,1369.0,2024-11-01,New Delhi,Mobile,data analitics online
A3289,MachneLearningBasics ,171.0,4307.0,220.89,21.0,8.0,0.038,1187.0,2024-11-01,Mumbai,Tablet,data analitics online
A3290,CloudComputngCours3,80.0,4204.0,226.79,14.0,3.0,0.037,1434.0,2024-11-21,Pune,Tablet,data analytics course
A3291,DataSci3nceBootcamp,169.0,3589.0,237.83,15.0,3.0,0.018,1754.0,2024-11-21,Bangalore,Mobile,analytics for data
A3292,AI_Marketing101,141.0,3048.0,189.48,22.0,7.0,0.044,1740.0,2024-11-18,Bangalore,Mobile,analytics for data
A3293,Webdevmastery,92.0,4631.0,233.3,19.0,10.0,0.09122252747252749,1521.0,2024-11-27,Delhi,Mobile,learn data analytics
A3294,DeepLearnngPr0,189.0,5624.0,248.03,23.0,7.0,0.037,1499.0,2024-11-10,Chennai,Tablet,analytics for data
A3295,DeepLearnngPro ,124.0,5931.0,214.41,21.0,3.0,0.024193548387096774,1906.0,2024-11-05,Mumbai,Tablet,online data analytic
A3296,SQLD@tabseTraining,138.0,5891.0,247.47,14.0,7.0,0.051,1138.0,2024-11-14,Mumbai,Desktop,online data analytic
A3297,SQLDatabseTraining_,186.0,5774.0,236.22,15.0,6.0,0.032,1288.0,2024-11-12,Mumbai,Mobile,learn data analytics
A3298,D@taScienceBootcamp,100.0,4869.0,234.37,21.0,7.0,0.07,1890.0,2024-11-01,Bangalore,Tablet,data analitics online
A3299,SQLD@tabseTraining,151.0,5403.0,180.74,22.0,3.0,0.046,1610.0,2024-11-29,Delhi,Tablet,data analitics online
A3300,Deeplearnngpro,176.0,4577.0,207.98,23.0,6.0,0.046,1396.0,2024-11-29,Chennai,Tablet,data anaytics training
A3301,CloudComputngCourse,135.5,3978.0,230.19,23.0,9.0,0.046,1792.0,2024-11-19,Mumbai,Desktop,analytics for data
A3302,DataScienceBootcamp_,141.0,4483.0,240.23,25.0,4.0,0.028,1516.0,2024-11-14,Bangalore,Tablet,analytics for data
A3303,DataScienceB0otcamp,117.0,5754.0,228.8,20.0,3.0,0.026,1464.0,2024-11-14,Pune,Mobile,data analitics online
A3304,Businessanlyticsclass,131.0,5528.0,182.38,27.0,6.0,0.046,1168.0,2024-11-03,Mumbai,Desktop,analytics for data
A3305,Cloudcomputngcourse,173.0,3639.0,225.73,10.0,4.0,0.023,1804.0,2024-11-27,Chennai,Tablet,data analitics online
A3306,Python4D@ta,195.0,4067.0,220.61,20.0,8.0,0.041,1767.0,2024-11-08,Pune,Desktop,data analytics course
A3307,D3epLearnngPro,126.0,3931.0,212.16,20.0,9.0,0.058,1537.0,2024-11-09,Chennai,Desktop,learn data analytics
A3308,DataScienceBootcamp ,119.0,3602.0,191.83,26.0,3.0,0.025210084033613446,1052.0,2024-11-10,Chennai,Tablet,analytics for data
A3309,MachneLearningBasics1,141.0,5663.0,237.57,16.0,3.0,0.045,1269.0,2024-11-18,New Delhi,Tablet,data analytics course
A3310,SQLDatabseTraining,182.0,4021.0,216.48,24.0,7.0,0.038,1444.0,2024-11-30,Mumbai,Tablet,online data analytic
A3311,Sqldatabsetraining,192.0,4551.0,223.93,22.0,10.0,0.052,1231.0,2024-11-19,Bangalore,Desktop,data anaytics training
A3312,BusinessAnlyticsClass_,135.5,5123.0,231.93,18.0,9.0,0.046,1031.0,2024-11-18,Mumbai,Desktop,analytics for data
A3313,Cybersecurtyfundamentals,160.0,3816.0,207.93,27.0,9.0,0.056,1884.0,2024-11-03,Delhi,Mobile,analytics for data
A3314,CloudComputngCours3,140.0,3154.0,212.73,21.0,4.0,0.029,1024.0,2024-11-14,Delhi,Tablet,learn data analytics
A3315,DataScienceB0otcamp,134.0,3700.0,226.57,28.0,7.0,0.056,1836.0,2024-11-04,Delhi,Tablet,data analitics online
A3316,AI_M@rketing101,92.0,3963.0,219.39,22.0,10.0,0.09122252747252749,1834.0,2024-11-26,New Delhi,Mobile,online data analytic
A3317,cLOUDcOMPUTNGcOURSE,163.0,3978.0,232.7,25.0,9.0,0.046,1380.0,2024-11-08,Pune,Desktop,data analitics online
A3318,D3epLearnngPro,155.0,5105.0,239.11,20.0,5.0,0.032,1009.0,2024-11-05,Chennai,Mobile,analytics for data
A3319,WebDevMastery1,194.0,3559.0,205.78,15.0,9.0,0.046,1765.0,2024-11-03,Pune,Desktop,online data analytic
A3320,Cyb3rSecurtyFundamentals,165.0,3005.0,239.14,23.0,6.0,0.036,1989.0,2024-11-27,Bangalore,Tablet,learn data analytics
A3321,D@taScienceBootcamp,135.0,4740.0,235.55,24.0,4.0,0.03,1715.0,2024-11-07,Chennai,Desktop,analytics for data
A3322,SQLDatabs3Training,87.0,4379.0,209.25,29.0,10.0,0.09122252747252749,1348.0,2024-11-05,Mumbai,Desktop,learn data analytics
A3323,AI_M@rketing101,164.0,4151.0,219.97,30.0,9.0,0.055,1440.0,2024-11-25,New Delhi,Desktop,online data analytic
A3324,BusinessAnlyticsClass,141.0,3185.0,217.33,21.0,3.0,0.0465,1464.0,2024-11-15,Pune,Mobile,data anaytics training
A3325,Machn3LearningBasics,84.0,5652.0,191.93,30.0,8.0,0.09122252747252749,1729.0,2024-11-13,Delhi,Mobile,data analitics online
A3326,Python4D@ta,158.0,4819.0,185.34,17.0,9.0,0.056962025316455694,1066.0,2024-11-24,Mumbai,Mobile,data anaytics training
A3327,DeepLearnngPr0,90.0,4472.0,237.16,28.0,10.0,0.059,1629.0,2024-11-13,Delhi,Mobile,learn data analytics
A3328,dATAsCIENCEbOOTCAMP,197.0,3186.0,194.44,19.0,6.0,0.03,1857.0,2024-11-14,Chennai,Tablet,data analytics course
A3329,sqldATABSEtRAINING,133.0,4241.0,197.26,25.0,9.0,0.068,1325.0,2024-11-26,Chennai,Tablet,data anaytics training
A3330,BusinessAnlyticsClass ,149.0,5035.0,234.52,28.0,5.0,0.034,1304.0,2024-11-04,Mumbai,Desktop,online data analytic
A3331,Cloudcomputngcourse,197.0,5686.0,239.76,27.0,9.0,0.056,1462.0,2024-11-17,Mumbai,Desktop,data analitics online
A3332,Busin3ssAnlyticsClass,157.0,4062.0,223.72,24.0,8.0,0.051,1499.0,2024-11-25,Chennai,Tablet,data analitics online
A3333,pYTHON4dATA,102.0,3113.0,202.77,22.0,7.0,0.069,1997.0,2024-11-06,Mumbai,Desktop,online data analytic
A3334,Python4Data,175.0,3958.0,193.52,23.0,8.0,0.046,1064.0,2024-11-04,Pune,Mobile,data analytics course
A3335,Cloudcomputngcourse,101.0,3317.0,212.245,23.0,4.0,0.04,1716.0,2024-11-10,Pune,Desktop,data analytics course
A3336,pYTHON4dATA,127.0,4226.0,184.46,10.0,9.0,0.071,1427.0,2024-11-08,New Delhi,Desktop,data analytics course
A3337,CyberSecurtyFundamentals_,148.0,3469.0,212.07,14.0,9.0,0.060810810810810814,1898.0,2024-11-30,Delhi,Tablet,data analitics online
A3338,MachneLearningBasics_,181.0,3859.0,246.36,22.0,9.0,0.056,1769.0,2024-11-01,Mumbai,Mobile,online data analytic
A3339,Machn3LearningBasics,140.0,3389.0,183.33,28.0,6.0,0.043,1385.0,2024-11-08,Mumbai,Mobile,online data analytic
A3340,dEEPlEARNNGpRO,146.0,5075.0,216.48,13.0,9.0,0.056,1353.0,2024-11-26,Mumbai,Tablet,analytics for data
A3341,CyberSecurtyFund@mentals,148.0,3269.0,191.73,18.0,9.0,0.061,1396.0,2024-11-10,Delhi,Mobile,learn data analytics
A3342,SQLDatabs3Training,101.0,4814.0,191.43,17.0,7.0,0.069,1112.0,2024-11-20,Bangalore,Desktop,learn data analytics
A3343,D@taScienceBootcamp,179.0,5145.0,223.04,29.0,9.0,0.05,1002.0,2024-11-08,Mumbai,Mobile,data anaytics training
A3344,AI_Mark3ting101,151.0,4107.0,183.81,21.0,10.0,0.066,1872.0,2024-11-11,Pune,Desktop,data analytics course
A3345,CyberSecurtyFundamentals,195.0,3221.0,185.08,19.0,10.0,0.042,1905.0,2024-11-26,Pune,Tablet,data analytics course
A3346,Cl0udComputngCourse,169.0,4846.0,230.53,15.0,8.0,0.047337278106508875,1103.0,2024-11-04,Chennai,Mobile,data anaytics training
A3347,CloudComputngCourse1,161.0,3160.0,229.71,17.0,3.0,0.019,1817.0,2024-11-01,Chennai,Mobile,data anaytics training
A3348,CloudComputngCours3,156.0,5095.0,214.32,30.0,9.0,0.057692307692307696,1444.0,2024-11-27,Pune,Mobile,data analitics online
A3349,DeepLearnngPro_,148.0,3957.0,211.85,20.0,10.0,0.068,1288.0,2024-11-10,Delhi,Tablet,data analitics online
A3350,CloudComputngCours3,126.0,4920.0,182.36,27.0,5.0,0.04,1933.0,2024-11-04,New Delhi,Tablet,data analitics online
A3351,CloudComputngCourse,189.0,3588.0,191.74,22.0,9.0,0.047619047619047616,1893.0,2024-11-25,Chennai,Desktop,data analytics course
A3352,DataSci3nceBootcamp,119.0,4927.0,223.35,16.0,3.0,0.025210084033613446,1377.0,2024-11-14,Chennai,Mobile,data anaytics training
A3353,dEEPlEARNNGpRO,156.25,4297.0,200.54,30.0,5.0,0.032,1510.0,2024-11-01,Bangalore,Desktop,analytics for data
A3354,WebDevMastery_,127.0,5742.0,233.98,13.0,4.0,0.031,1743.0,2024-11-12,Mumbai,Tablet,data analytics course
A3355,Busin3ssAnlyticsClass,106.0,4474.0,181.48,17.0,10.0,0.09122252747252749,1189.0,2024-11-20,Chennai,Tablet,analytics for data
A3356,DeepLe@rnngPro,119.0,4322.0,183.0,24.0,5.0,0.04201680672268908,1108.0,2024-11-06,Mumbai,Mobile,data analitics online
A3357,Sqldatabsetraining,81.0,4144.0,180.01,18.0,3.0,0.037,1648.0,2024-11-20,Pune,Mobile,data analitics online
A3358,Cl0udComputngCourse,152.0,5007.0,208.84,19.0,10.0,0.066,1628.0,2024-11-24,Pune,Mobile,online data analytic
A3359,Cyb3rSecurtyFundamentals,153.0,5388.0,219.93,16.0,4.0,0.026,1602.0,2024-11-11,Pune,Tablet,data analytics course
A3360,Cloudcomputngcourse,120.0,4229.0,244.13,20.0,9.0,0.075,1380.0,2024-11-12,Chennai,Desktop,data analytics course
A3361,DataScienceB0otcamp,167.0,5140.0,228.32,28.0,9.0,0.051,1056.0,2024-11-08,Bangalore,Mobile,data analitics online
A3362,SQLD@tabseTraining,116.0,5001.0,186.67,17.0,5.0,0.043,1340.0,2024-11-07,Chennai,Desktop,analytics for data
A3363,SQLD@tabseTraining,93.0,3802.0,215.52,22.0,7.0,0.034,1513.0,2024-11-23,Chennai,Mobile,online data analytic
A3364,Python4Data ,159.0,5584.0,249.46,18.0,8.0,0.05,1176.0,2024-11-09,Pune,Desktop,analytics for data
A3365,MachneLearningBasics,146.0,5105.0,224.77,12.0,7.0,0.038,1440.0,2024-11-05,Chennai,Mobile,analytics for data
A3366,cYBERsECURTYfUNDAMENTALS,136.0,5714.0,190.3,19.0,8.0,0.059,1694.0,2024-11-30,Chennai,Desktop,data anaytics training
A3367,Python4Data,159.0,5025.0,208.68,16.0,4.0,0.051,1779.0,2024-11-21,Chennai,Mobile,online data analytic
A3368,Python4data,83.0,3781.0,220.82,11.0,4.0,0.048,1866.0,2024-11-15,Mumbai,Mobile,data anaytics training
A3369,Python4data,136.0,3318.0,215.86,20.0,8.0,0.032,1712.0,2024-11-21,Pune,Tablet,data analitics online
A3370,DataScienceBootcamp1,136.0,3939.0,213.66,16.0,6.0,0.044,1708.0,2024-11-21,Mumbai,Tablet,online data analytic
A3371,Businessanlyticsclass,166.0,3546.0,221.99,10.0,3.0,0.018,1796.0,2024-11-12,Bangalore,Desktop,learn data analytics
A3372,MachneLearningBasics1,192.0,5845.0,247.56,28.0,3.0,0.015625,1542.0,2024-11-19,Pune,Desktop,analytics for data
A3373,SQLDatabseTraining ,143.0,3580.0,223.48,21.0,6.0,0.048,1555.0,2024-11-27,Bangalore,Tablet,data analytics course
A3374,Cloudcomputngcourse,108.0,4019.0,199.85,25.0,8.0,0.059,1657.0,2024-11-02,Bangalore,Tablet,learn data analytics
A3375,CloudComputngCourse1,175.0,3345.0,185.48,23.0,9.0,0.051,1193.0,2024-11-20,Pune,Desktop,data analitics online
A3376,bUSINESSaNLYTICScLASS,80.0,4413.0,245.4,10.0,5.0,0.062,1650.0,2024-11-03,Bangalore,Mobile,data analytics course
A3377,Cyb3rSecurtyFundamentals,192.0,4969.0,234.27,30.0,5.0,0.026,1627.0,2024-11-17,Chennai,Tablet,data analytics course
A3378,DataSci3nceBootcamp,85.0,5083.0,181.19,13.0,3.0,0.05,1048.0,2024-11-11,Chennai,Mobile,data analytics course
A3379,DataScienceB0otcamp,91.0,4176.0,216.63,20.0,8.0,0.088,1502.0,2024-11-09,Bangalore,Mobile,data analytics course
A3380,MachneLearningBasics1,94.0,5389.0,220.53,11.0,10.0,0.09122252747252749,1670.0,2024-11-27,Mumbai,Mobile,data anaytics training
A3381,CyberSecurtyFundamentals1,119.0,4653.0,224.68,20.0,4.0,0.03361344537815126,1773.0,2024-11-14,Chennai,Tablet,learn data analytics
A3382,Python4Data ,198.0,3926.0,195.25,25.0,7.0,0.035,1060.0,2024-11-12,Pune,Desktop,data analitics online
A3383,dATAsCIENCEbOOTCAMP,87.0,4154.0,232.88,13.0,3.0,0.034,1099.0,2024-11-10,Bangalore,Desktop,online data analytic
A3384,sqldATABSEtRAINING,101.0,3286.0,196.59,12.0,9.0,0.089,1034.0,2024-11-02,Pune,Tablet,analytics for data
A3385,Machnelearningbasics,142.0,4593.0,230.69,20.0,5.0,0.035,1537.0,2024-11-22,Bangalore,Mobile,data analytics course
A3386,wEBdEVmASTERY,111.0,5689.0,195.94,12.0,4.0,0.036036036036036036,1377.0,2024-11-14,Chennai,Desktop,analytics for data
A3387,Businessanlyticsclass,152.0,5040.0,238.61,30.0,9.0,0.04,1795.0,2024-11-15,Pune,Desktop,data analytics course
A3388,SQLDatabs3Training,89.0,3623.0,218.35,22.0,6.0,0.067,1311.0,2024-11-01,Mumbai,Mobile,learn data analytics
A3389,ai_mARKETING101,115.0,3999.0,216.67,16.0,6.0,0.031,1777.0,2024-11-05,Bangalore,Mobile,data analytics course
A3390,CyberSecurtyFundamentals,131.0,4320.0,223.08,30.0,7.0,0.058,1548.0,2024-11-04,New Delhi,Mobile,analytics for data
A3391,CloudComputngCours3,153.0,4027.0,182.11,10.0,5.0,0.033,1332.0,2024-11-28,Pune,Tablet,learn data analytics
A3392,BusinessAnlyticsClass,108.0,4808.0,208.9,10.0,7.0,0.05,1313.0,2024-11-29,Delhi,Desktop,learn data analytics
A3393,pYTHON4dATA,172.0,5712.0,204.06,28.0,7.0,0.034,1407.0,2024-11-21,Mumbai,Tablet,analytics for data
A3394,SQLDatabs3Training,118.0,5514.0,237.88,27.0,9.0,0.076,1401.0,2024-11-27,Bangalore,Mobile,analytics for data
A3395,bUSINESSaNLYTICScLASS,90.0,3776.0,186.92,19.0,4.0,0.04,1053.0,2024-11-15,Mumbai,Tablet,learn data analytics
A3396,Cl0udComputngCourse,97.0,3370.0,236.35,20.0,7.0,0.072,1472.5,2024-11-04,Delhi,Mobile,data analytics course
A3397,Busin3ssAnlyticsClass,149.0,3814.0,213.11,13.0,7.0,0.047,1057.0,2024-11-06,Pune,Mobile,analytics for data
A3398,WebDevMastery ,137.0,5434.0,182.57,10.0,7.0,0.051,1852.0,2024-11-29,Delhi,Desktop,online data analytic
A3399,WebDevMastery1,172.0,4079.0,183.05,20.0,8.0,0.047,1988.0,2024-11-28,Bangalore,Desktop,data analytics course
A3400,AI_M@rketing101,116.0,4252.0,180.05,18.0,8.0,0.069,1568.0,2024-11-17,Bangalore,Desktop,online data analytic
A3401,WebDevMastery,187.0,4793.0,186.41,30.0,9.0,0.0481283422459893,1120.0,2024-11-03,Bangalore,Desktop,data analytics course
A3402,ai_mARKETING101,126.0,4140.0,193.49,19.0,6.0,0.047,1340.0,2024-11-19,Pune,Tablet,data analytics course
A3403,Deeplearnngpro,123.0,5844.0,201.7,12.0,6.0,0.04878048780487805,1636.0,2024-11-10,Bangalore,Desktop,data analitics online
A3404,pYTHON4dATA,132.0,5845.0,249.74,19.0,6.6000000000000005,0.05,1067.0,2024-11-03,Mumbai,Mobile,analytics for data
A3405,DeepLe@rnngPro,118.0,3371.0,191.98,10.0,6.0,0.05084745762711865,1458.0,2024-11-13,Chennai,Mobile,learn data analytics
A3406,Deeplearnngpro,92.0,4853.0,189.19,23.0,9.0,0.09122252747252749,1189.0,2024-11-18,Bangalore,Desktop,online data analytic
A3407,CyberSecurtyFundamentals,100.0,5781.0,202.96,30.0,7.0,0.07,1132.0,2024-11-18,Mumbai,Desktop,data anaytics training
A3408,BusinessAnlyticsCl@ss,100.0,5435.0,205.99,13.0,6.0,0.031,1607.0,2024-11-27,Bangalore,Tablet,analytics for data
A3409,M@chneLearningBasics,89.0,3915.0,207.63,10.0,7.0,0.07865168539325842,1454.0,2024-11-02,Bangalore,Desktop,data analytics course
A3410,AI_M@rketing101,147.0,4231.0,186.73,20.0,5.0,0.034013605442176874,1271.0,2024-11-15,Mumbai,Desktop,learn data analytics
A3411,wEBdEVmASTERY,153.0,3225.0,240.34,20.0,8.0,0.052,1313.0,2024-11-28,Chennai,Tablet,data analitics online
A3412,WebDevMastery,164.0,3996.0,202.56,19.0,10.0,0.061,1880.0,2024-11-29,Mumbai,Desktop,data analitics online
A3413,WebDevM@stery,124.0,5949.0,218.12,11.0,10.0,0.08064516129032258,1019.0,2024-11-06,Pune,Mobile,online data analytic
A3414,MachneLearningBasics_,189.0,5740.0,231.73,28.0,5.0,0.026455026455026454,1306.0,2024-11-03,Chennai,Tablet,online data analytic
A3415,AI_M@rketing101,142.0,5354.0,247.32,17.0,4.0,0.048,1828.0,2024-11-01,Delhi,Desktop,online data analytic
A3416,SQLDatabseTraining_,127.0,4587.0,199.63,17.0,5.0,0.043,1319.0,2024-11-27,Pune,Tablet,data analytics course
A3417,AI_Mark3ting101,174.0,3957.0,181.56,12.0,3.0,0.017241379310344827,1385.0,2024-11-02,Pune,Desktop,data anaytics training
A3418,Cyb3rSecurtyFundamentals,183.0,5971.0,207.43,10.0,7.0,0.038,1325.0,2024-11-25,Mumbai,Tablet,online data analytic
A3419,W3bDevMastery,190.0,3455.0,213.11,18.0,7.0,0.037,1730.0,2024-11-13,New Delhi,Desktop,data anaytics training
A3420,D3epLearnngPro,116.0,5748.0,188.91,11.0,7.0,0.0603448275862069,1368.0,2024-11-14,Bangalore,Desktop,data analitics online
A3421,SQLDatabseTraining_,199.0,4387.0,206.92,20.0,9.0,0.038,1054.0,2024-11-24,Delhi,Mobile,data anaytics training
A3422,DeepLe@rnngPro,181.0,4103.0,218.27999999999997,24.0,8.0,0.044,1103.0,2024-11-25,Chennai,Mobile,data analitics online
A3423,D@taScienceBootcamp,197.0,3253.0,243.38,17.0,3.0,0.034,1606.0,2024-11-22,Chennai,Tablet,data analytics course
A3424,AI_Marketing101 ,136.0,4492.0,205.0,10.0,4.0,0.029411764705882353,1319.0,2024-11-22,Pune,Tablet,online data analytic
A3425,SQLD@tabseTraining,128.0,3153.0,236.34,16.0,6.0,0.046875,1050.0,2024-11-09,Bangalore,Desktop,online data analytic
A3426,CloudComputngCourse,163.0,4794.0,204.35,26.0,3.0,0.052,1978.0,2024-11-16,Pune,Tablet,data analitics online
A3427,Machn3LearningBasics,199.0,5210.0,212.53,30.0,10.0,0.05,1749.0,2024-11-26,New Delhi,Mobile,analytics for data
A3428,DeepLe@rnngPro,169.0,5326.0,212.245,30.0,5.0,0.03,1030.0,2024-11-25,Pune,Desktop,data analitics online
A3429,Python4Data_,138.0,3961.0,247.45,13.0,3.0,0.022,1601.0,2024-11-18,Mumbai,Mobile,data analytics course
A3430,WebDevMastery,70.17543859649122,5937.0,231.01,25.0,4.0,0.057,1448.0,2024-11-20,Pune,Tablet,online data analytic
A3431,DeepLearnngPr0,154.0,4904.0,247.11,11.0,8.0,0.052,1499.0,2024-11-22,Chennai,Tablet,learn data analytics
A3432,Python4data,105.0,3149.0,233.19,13.0,10.0,0.09122252747252749,1135.0,2024-11-09,Pune,Tablet,learn data analytics
A3433,MachneLearningBasics_,89.0,5963.0,209.41,29.0,9.0,0.09122252747252749,1066.0,2024-11-18,Bangalore,Desktop,online data analytic
A3434,DataScienceBootcamp1,125.0,3808.0,191.42,29.0,7.0,0.056,1783.0,2024-11-10,Pune,Tablet,data analytics course
A3435,Deeplearnngpro,175.0,3938.0,186.09,22.0,9.0,0.05142857142857143,1218.0,2024-11-05,Pune,Mobile,analytics for data
A3436,Cloudcomputngcourse,175.0,5521.0,207.4,25.0,3.0,0.017,1616.0,2024-11-04,Mumbai,Mobile,online data analytic
A3437,Python4D@ta,183.0,4439.0,198.12,27.0,10.0,0.055,1497.0,2024-11-22,Mumbai,Mobile,data analytics course
A3438,bUSINESSaNLYTICScLASS,182.0,5466.0,206.3,26.0,4.0,0.037,1816.0,2024-11-18,Bangalore,Tablet,data analytics course
A3439,CyberSecurtyFundamentals,141.0,4528.0,235.96,30.0,4.0,0.0465,1926.0,2024-11-28,Pune,Mobile,data anaytics training
A3440,CyberSecurtyFundamentals ,168.0,4904.0,220.19,23.0,6.0,0.036,1870.0,2024-11-11,Chennai,Desktop,learn data analytics
A3441,cLOUDcOMPUTNGcOURSE,150.0,5057.0,220.26,24.0,5.0,0.033,1510.0,2024-11-01,Bangalore,Desktop,data anaytics training
A3442,Pyth0n4Data,152.0,3390.0,209.39,18.0,6.0,0.039,1620.0,2024-11-04,Bangalore,Desktop,online data analytic
A3443,Cl0udComputngCourse,113.0,3532.0,247.57,29.0,6.0,0.055,1273.0,2024-11-20,New Delhi,Mobile,learn data analytics
A3444,DataSci3nceBootcamp,93.0,3683.0,201.45,11.0,10.0,0.09122252747252749,1331.0,2024-11-14,Pune,Mobile,learn data analytics
A3445,SQLDatabs3Training,141.0,5031.0,189.92,23.0,5.0,0.035,1093.0,2024-11-01,New Delhi,Desktop,data analitics online
A3446,AI_M@rketing101,191.0,5660.0,192.49,21.0,5.0,0.056,1023.0,2024-11-03,Mumbai,Mobile,data analytics course
A3447,DataSci3nceBootcamp,187.0,3450.0,234.31,18.0,9.0,0.0481283422459893,1609.0,2024-11-18,Bangalore,Tablet,online data analytic
A3448,BusinessAnlyticsClass,118.0,4804.0,227.98,28.0,9.0,0.039,1064.0,2024-11-28,Pune,Mobile,learn data analytics
A3449,SQLDatabs3Training,184.0,5983.0,242.62,25.0,6.0,0.03260869565217391,1538.0,2024-11-03,Mumbai,Desktop,data analytics course
A3450,D3epLearnngPro,167.0,5051.0,202.95,21.0,10.0,0.06,1812.0,2024-11-10,Delhi,Mobile,learn data analytics
A3451,mACHNElEARNINGbASICS,162.0,3815.0,221.44,13.0,7.0,0.04,1728.0,2024-11-21,Chennai,Desktop,data analytics course
A3452,Cybersecurtyfundamentals,125.0,5370.0,183.67,18.0,10.0,0.042,1815.0,2024-11-14,Pune,Tablet,data analytics course
A3453,Busin3ssAnlyticsClass,102.0,4451.0,219.15,29.0,7.0,0.06862745098039216,1491.0,2024-11-29,Bangalore,Mobile,data analitics online
A3454,DataScienceB0otcamp,141.0,4243.0,190.94,24.0,6.0,0.0425531914893617,1510.0,2024-11-22,Bangalore,Desktop,data anaytics training
A3455,Sqldatabsetraining,121.0,3844.0,242.19,29.0,3.0,0.024793388429752067,1897.0,2024-11-10,Delhi,Mobile,learn data analytics
A3456,SQLDatabs3Training,142.0,4023.0,186.79,17.0,3.0,0.021,1172.0,2024-11-23,Bangalore,Tablet,data anaytics training
A3457,D3epLearnngPro,150.0,4409.0,223.45,23.0,7.0,0.047,1578.0,2024-11-13,Pune,Desktop,learn data analytics
A3458,CloudComputngCourse ,117.0,3109.0,239.1,21.0,3.0,0.026,1499.0,2024-11-27,Chennai,Tablet,data analytics course
A3459,DataSci3nceBootcamp,142.0,5613.0,180.45,11.0,9.0,0.063,1978.0,2024-11-28,Bangalore,Mobile,data anaytics training
A3460,AI_Mark3ting101,103.0,4821.0,214.54,30.0,6.0,0.058,1408.0,2024-11-13,Bangalore,Tablet,data analitics online
A3461,M@chneLearningBasics,187.0,3289.0,186.04,23.0,5.0,0.027,1645.0,2024-11-06,Pune,Desktop,data analytics course
A3462,W3bDevMastery,172.0,4441.0,209.18,17.0,10.0,0.043,1510.0,2024-11-29,Bangalore,Desktop,data analitics online
A3463,AI_Marketing101_,105.0,3000.0,185.97,17.0,6.0,0.057,1993.0,2024-11-29,Mumbai,Mobile,data analitics online
A3464,DataScienceB0otcamp,181.0,4156.0,245.68,22.0,10.0,0.031,1336.0,2024-11-14,Pune,Mobile,learn data analytics
A3465,CloudComputngCourse ,172.0,5314.0,240.69,14.0,9.0,0.05232558139534884,1998.0,2024-11-23,Delhi,Tablet,learn data analytics
A3466,CloudComputngCours3,98.0,4655.0,182.99,21.0,10.0,0.09122252747252749,1918.0,2024-11-25,Mumbai,Desktop,data analytics course
A3467,CyberSecurtyFund@mentals,92.0,3226.0,236.27,17.0,6.0,0.06521739130434782,1473.0,2024-11-10,Pune,Tablet,data anaytics training
A3468,Cyb3rSecurtyFundamentals,102.0,5246.0,234.71,20.0,4.0,0.039,1903.0,2024-11-25,Delhi,Tablet,data anaytics training
A3469,CyberSecurtyFundamentals,143.0,5545.0,246.64,26.0,9.0,0.063,1105.0,2024-11-08,Bangalore,Mobile,learn data analytics
A3470,Cyb3rSecurtyFundamentals,111.0,4069.0,203.57,25.0,4.0,0.033,1724.0,2024-11-07,Mumbai,Mobile,data anaytics training
A3471,bUSINESSaNLYTICScLASS,116.0,4689.0,198.9,27.0,3.0,0.026,1553.0,2024-11-24,Mumbai,Mobile,data anaytics training
A3472,AI_Marketing1011,148.0,3907.0,199.43,11.0,7.0,0.047,1253.0,2024-11-20,Chennai,Desktop,data analitics online
A3473,SQLD@tabseTraining,90.0,5137.0,219.64,21.0,7.0,0.078,1958.0,2024-11-30,Mumbai,Mobile,online data analytic
A3474,DeepLearnngPro ,80.0,3836.0,209.37,20.0,7.0,0.0875,1937.0,2024-11-28,Delhi,Tablet,online data analytic
A3475,WebDevMastery,188.0,4727.0,245.59,12.0,6.0,0.032,1321.0,2024-11-24,Chennai,Mobile,learn data analytics
A3476,cLOUDcOMPUTNGcOURSE,114.0,3880.0,217.67,18.0,3.0,0.026,1217.0,2024-11-18,Mumbai,Mobile,data analitics online
A3477,CyberSecurtyFund@mentals,112.0,3639.0,185.6,27.0,7.0,0.062,1517.0,2024-11-17,New Delhi,Tablet,analytics for data
A3478,SQLDatabseTraining,96.0,3858.0,199.81,15.0,7.0,0.07291666666666667,1672.0,2024-11-15,New Delhi,Mobile,data analitics online
A3479,AI_Marketing101,142.5,3699.0,186.22,23.0,7.0,0.0495,1218.0,2024-11-23,Delhi,Tablet,analytics for data
A3480,Python4Data ,172.0,5955.0,216.07,15.0,7.0,0.038,1323.0,2024-11-02,Delhi,Mobile,learn data analytics
A3481,Cl0udComputngCourse,134.0,5520.0,189.43,22.0,10.0,0.07462686567164178,1319.0,2024-11-30,Bangalore,Desktop,data analitics online
A3482,Python4Data,148.0,3884.0,233.46,14.0,5.0,0.034,1138.0,2024-11-11,New Delhi,Mobile,data analitics online
A3483,SQLDatabseTraining1,191.0,5361.0,220.04,17.0,10.0,0.052,1034.0,2024-11-09,Mumbai,Mobile,analytics for data
A3484,DeepLe@rnngPro,168.0,5384.0,235.64,28.0,3.0,0.018,1472.5,2024-11-16,Delhi,Mobile,data analytics course
A3485,bUSINESSaNLYTICScLASS,84.0,4388.0,238.98,29.0,4.0,0.048,1271.0,2024-11-14,Pune,Mobile,analytics for data
A3486,Webdevmastery,80.0,5699.0,213.94,17.0,6.0,0.075,1511.0,2024-11-25,Pune,Mobile,learn data analytics
A3487,CyberSecurtyFund@mentals,136.0,3705.0,212.05,16.0,9.0,0.0661764705882353,1471.0,2024-11-14,Chennai,Desktop,analytics for data
A3488,Cl0udComputngCourse,141.0,3256.0,233.35,15.0,7.0,0.043,1106.0,2024-11-10,New Delhi,Tablet,analytics for data
A3489,ai_mARKETING101,157.0,4026.0,192.69,19.0,3.0,0.019,1028.0,2024-11-09,Mumbai,Tablet,analytics for data
A3490,Sqldatabsetraining,93.75,3148.0,182.49,21.0,3.0,0.032,1493.0,2024-11-22,Chennai,Tablet,data analytics course
A3491,SQLD@tabseTraining,137.0,5244.0,187.79,20.0,7.0,0.048,1915.0,2024-11-11,Bangalore,Tablet,online data analytic
A3492,WebDevMastery,121.0,5220.0,200.98,21.0,5.0,0.041,1773.0,2024-11-13,Bangalore,Desktop,data analitics online
A3493,Cloudcomputngcourse,169.0,5430.0,233.01,27.0,8.956999999999999,0.053,2000.0,2024-11-10,Bangalore,Mobile,learn data analytics
A3494,DeepLearnngPro ,83.0,4693.0,188.45,24.0,6.0,0.072,1539.0,2024-11-16,Bangalore,Mobile,analytics for data
A3495,Sqldatabsetraining,175.0,4723.0,237.92,19.0,6.0,0.044,1906.0,2024-11-12,Bangalore,Mobile,online data analytic
A3496,DataScienceBootcamp ,123.0,5812.0,180.11,25.0,4.0,0.033,1293.0,2024-11-21,Bangalore,Tablet,data analitics online
A3497,DataScienceB0otcamp,135.0,4611.0,220.13,17.0,7.0,0.05185185185185185,1697.0,2024-11-14,Chennai,Desktop,online data analytic
A3498,CloudComputngCourse,126.0,4960.0,228.68,30.0,3.0,0.058,1114.0,2024-11-26,Bangalore,Mobile,online data analytic
A3499,BusinessAnlyticsClass,171.0,4549.0,181.87,18.0,3.0,0.017543859649122806,1965.0,2024-11-09,Chennai,Mobile,analytics for data
A3500,dEEPlEARNNGpRO,185.0,4803.0,248.77,30.0,5.0,0.027,1806.0,2024-11-05,Bangalore,Mobile,learn data analytics
A3501,Cyb3rSecurtyFundamentals,157.0,3164.0,227.73,20.0,3.0,0.034,1464.0,2024-11-20,Pune,Mobile,data anaytics training
A3502,DataSci3nceBootcamp,123.0,3343.0,190.66,14.0,5.0,0.041,1562.0,2024-11-17,Bangalore,Mobile,data analytics course
A3503,SQLDatabseTraining,122.0,5718.0,211.65,14.0,4.0,0.033,1857.0,2024-11-19,Delhi,Tablet,data analitics online
A3504,Sqldatabsetraining,97.0,3754.0,180.42,24.0,10.0,0.09122252747252749,1011.0,2024-11-16,Mumbai,Tablet,analytics for data
A3505,Python4Data_,88.0,3684.0,198.73,30.0,4.0,0.045,1195.0,2024-11-02,Delhi,Mobile,online data analytic
A3506,Pyth0n4Data,81.0,5068.0,204.53,20.0,9.0,0.044,1773.0,2024-11-03,Chennai,Tablet,data analitics online
A3507,Cloudcomputngcourse,96.0,5538.0,188.79,28.0,6.0,0.062,1181.0,2024-11-18,New Delhi,Mobile,online data analytic
A3508,BusinessAnlyticsCl@ss,163.0,4813.0,190.77,22.0,8.0,0.049,1500.5,2024-11-25,Pune,Desktop,online data analytic
A3509,dEEPlEARNNGpRO,143.0,3003.0,210.63,16.0,10.0,0.048,1756.0,2024-11-16,Bangalore,Tablet,data anaytics training
A3510,Machn3LearningBasics,142.0,3348.0,242.31,12.0,8.0,0.056338028169014086,1220.0,2024-11-21,Bangalore,Tablet,online data analytic
A3511,W3bDevMastery,83.0,3926.0,186.63,21.0,5.0,0.06,1407.0,2024-11-06,Bangalore,Tablet,data analitics online
A3512,Busin3ssAnlyticsClass,188.0,3069.0,214.16,26.0,4.0,0.021,1563.0,2024-11-14,Delhi,Desktop,learn data analytics
A3513,Python4Data_,193.0,3978.0,231.8,20.0,3.0,0.046,1126.0,2024-11-16,Mumbai,Mobile,online data analytic
A3514,DeepLe@rnngPro,181.0,3652.0,206.2,27.0,7.0,0.039,1690.0,2024-11-03,Bangalore,Tablet,analytics for data
A3515,SQLDatabseTraining_,199.0,4400.0,228.05,26.0,8.0,0.04,1025.0,2024-11-09,Bangalore,Tablet,learn data analytics
A3516,sqldATABSEtRAINING,167.0,5503.0,232.28,19.0,9.0,0.054,1644.0,2024-11-05,Delhi,Mobile,data anaytics training
A3517,cLOUDcOMPUTNGcOURSE,189.0,4955.0,215.87,21.0,3.0,0.033,1238.0,2024-11-17,Mumbai,Mobile,data analitics online
A3518,Webdevmastery,125.0,3469.0,192.84,16.0,8.0,0.036,1259.0,2024-11-17,Bangalore,Desktop,data analytics course
A3519,AI_Marketing101,166.0,4096.0,204.43,28.0,5.0,0.03,1579.0,2024-11-06,Bangalore,Desktop,learn data analytics
A3520,cLOUDcOMPUTNGcOURSE,181.0,5171.0,208.69,14.0,4.0,0.022,1628.0,2024-11-23,Mumbai,Mobile,data analytics course
A3521,Businessanlyticsclass,137.0,4878.0,183.26,25.0,3.0,0.05,1986.0,2024-11-23,Delhi,Desktop,learn data analytics
A3522,dEEPlEARNNGpRO,127.0,3682.0,214.97000000000003,21.0,9.0,0.071,1384.0,2024-11-22,Chennai,Tablet,data anaytics training
A3523,Python4D@ta,83.0,3933.0,214.61,29.0,6.0,0.048,1427.0,2024-11-20,Chennai,Tablet,data anaytics training
A3524,Ai_marketing101,80.0,3240.0,221.11,29.0,7.0,0.05,1263.0,2024-11-14,Delhi,Desktop,learn data analytics
A3525,CloudComputngCourse,105.0,3030.0,185.91,24.0,5.0,0.048,1263.0,2024-11-02,New Delhi,Desktop,data analytics course
A3526,W3bDevMastery,155.0,4676.0,219.3,26.0,6.0,0.047,1787.0,2024-11-02,Pune,Tablet,learn data analytics
A3527,dATAsCIENCEbOOTCAMP,185.0,4439.0,208.41,25.0,3.0,0.047,1006.0,2024-11-13,Mumbai,Mobile,data anaytics training
A3528,D3epLearnngPro,132.0,5616.0,213.5,28.0,7.0,0.053,1491.0,2024-11-26,Mumbai,Desktop,data analitics online
A3529,CyberSecurtyFundamentals,198.0,5736.0,227.53,14.0,9.0,0.045,1607.0,2024-11-18,Pune,Mobile,learn data analytics
A3530,Cloudcomputngcourse,184.0,3641.0,189.0,22.0,7.0,0.038,1905.0,2024-11-15,Chennai,Tablet,data anaytics training
A3531,DeepLearnngPr0,190.0,5429.0,243.6,23.0,8.0,0.037,1494.0,2024-11-23,Pune,Tablet,data analytics course
A3532,CloudComputngCours3,127.0,4327.0,220.57,24.0,5.0,0.03937007874015748,1017.0,2024-11-21,Chennai,Mobile,data analytics course
A3533,Cl0udComputngCourse,130.0,5340.0,221.95,27.0,6.0,0.046,1488.0,2024-11-02,Chennai,Tablet,data analitics online
A3534,bUSINESSaNLYTICScLASS,172.0,3612.0,191.27,25.0,10.0,0.05813953488372093,1243.0,2024-11-18,Mumbai,Mobile,analytics for data
A3535,wEBdEVmASTERY,60.0,4195.0,226.79,27.0,3.0,0.05,1117.0,2024-11-13,Pune,Desktop,data analytics course
A3536,Businessanlyticsclass,144.0,5968.0,224.21,21.0,6.0,0.032,1993.0,2024-11-10,Chennai,Desktop,online data analytic
A3537,Datasciencebootcamp,148.0,5431.0,216.71,20.0,6.0,0.041,1200.0,2024-11-20,Bangalore,Mobile,online data analytic
A3538,WebDevMastery,189.0,3420.0,181.35,26.0,6.0,0.032,1692.0,2024-11-18,Bangalore,Desktop,data anaytics training
A3539,AI_Marketing101,143.0,4701.0,222.43,29.0,4.0,0.028,1953.0,2024-11-07,Mumbai,Tablet,data analitics online
A3540,ai_mARKETING101,185.0,4958.0,201.3,21.0,5.0,0.027,1965.0,2024-11-06,Pune,Desktop,analytics for data
A3541,Pyth0n4Data,172.0,5295.0,204.31,26.0,8.0,0.046511627906976744,1218.0,2024-11-29,Delhi,Tablet,data analytics course
A3542,cLOUDcOMPUTNGcOURSE,121.0,3577.0,239.27,29.0,3.0,0.024793388429752067,1735.0,2024-11-26,Chennai,Desktop,data analitics online
A3543,Python4data,158.0,3766.0,222.89,27.0,8.848,0.056,1673.0,2024-11-22,Mumbai,Mobile,learn data analytics
A3544,AI_Marketing101_,137.0,4287.0,231.9,14.0,7.0,0.051094890510948905,1829.0,2024-11-29,Mumbai,Desktop,analytics for data
A3545,Pyth0n4Data,150.0,5630.0,239.21,26.0,4.0,0.027,1302.0,2024-11-30,Chennai,Tablet,analytics for data
A3546,Deeplearnngpro,93.0,4157.0,206.1,30.0,8.0,0.086,1129.0,2024-11-08,New Delhi,Mobile,learn data analytics
A3547,dATAsCIENCEbOOTCAMP,101.0,5983.0,185.86,10.0,5.0,0.05,1019.0,2024-11-06,Mumbai,Tablet,online data analytic
A3548,Python4D@ta,178.0,3109.0,180.7,25.0,10.0,0.056,1709.0,2024-11-12,Delhi,Desktop,data analytics course
A3549,DeepLearnngPro1,96.0,3365.0,225.77,27.0,8.0,0.083,1884.0,2024-11-30,Pune,Tablet,data analytics course
A3550,BusinessAnlyticsCl@ss,170.0,5380.0,204.62,20.0,4.0,0.024,1473.0,2024-11-15,Mumbai,Desktop,data analytics course
A3551,SQLDatabseTraining_,176.0,5036.0,221.48,13.0,3.0,0.031,1072.0,2024-11-22,Mumbai,Mobile,data anaytics training
A3552,Ai_marketing101,178.0,4176.0,198.49,30.0,4.0,0.022,1717.0,2024-11-12,Delhi,Desktop,learn data analytics
A3553,SQLD@tabseTraining,99.0,5663.0,187.48,22.0,5.0,0.034,1394.0,2024-11-29,Bangalore,Desktop,online data analytic
A3554,DataScienceB0otcamp,139.0,5852.0,181.96,19.0,4.0,0.046,1816.0,2024-11-22,Mumbai,Tablet,data analitics online
A3555,bUSINESSaNLYTICScLASS,164.0,4725.0,224.43,18.0,10.0,0.061,1140.0,2024-11-30,Delhi,Mobile,data anaytics training
A3556,wEBdEVmASTERY,94.0,5762.0,202.12,23.0,5.0,0.053,1694.0,2024-11-23,Chennai,Tablet,online data analytic
A3557,SQLDatabseTraining,82.0,4773.0,226.66,10.0,6.0,0.033,1189.0,2024-11-20,Delhi,Desktop,data anaytics training
A3558,AI_M@rketing101,194.0,4198.0,217.66,16.0,10.0,0.052,1619.0,2024-11-29,Pune,Tablet,online data analytic
A3559,DataSci3nceBootcamp,176.0,5314.0,188.23,17.0,8.0,0.045,1725.0,2024-11-04,Chennai,Mobile,analytics for data
A3560,Python4Data ,170.0,3401.0,235.7,10.0,6.0,0.044,1047.0,2024-11-15,Bangalore,Mobile,online data analytic
A3561,sqldATABSEtRAINING,144.0,3509.0,193.65,28.0,3.0,0.021,1361.0,2024-11-16,New Delhi,Tablet,analytics for data
A3562,D@taScienceBootcamp,127.0,4850.0,235.92,25.0,10.0,0.079,1057.0,2024-11-12,Bangalore,Desktop,data analytics course
A3563,M@chneLearningBasics,108.0,5245.0,227.35,12.0,5.0,0.046,1384.0,2024-11-27,Pune,Tablet,data anaytics training
A3564,AI_Mark3ting101,96.0,5474.0,201.65,16.0,8.0,0.03,1376.0,2024-11-29,Pune,Mobile,learn data analytics
A3565,Ai_marketing101,103.0,4913.0,180.45,12.0,3.0,0.029,1178.0,2024-11-28,Pune,Mobile,learn data analytics
A3566,W3bDevMastery,160.0,5975.0,212.18,14.0,6.0,0.046,1507.0,2024-11-04,Mumbai,Tablet,data analytics course
A3567,cLOUDcOMPUTNGcOURSE,141.0,5451.0,246.96,13.0,4.0,0.028,1725.0,2024-11-12,Pune,Tablet,learn data analytics
A3568,CloudComputngCourse1,121.0,4538.0,216.98,27.0,4.0,0.033,1874.0,2024-11-19,Chennai,Desktop,data analytics course
A3569,SQLDatabs3Training,176.0,4285.0,245.13,28.0,9.0,0.05113636363636364,1321.0,2024-11-08,Chennai,Mobile,learn data analytics
A3570,CyberSecurtyFundamentals,125.0,5041.0,228.64,21.0,6.0,0.048,1403.0,2024-11-29,Bangalore,Desktop,online data analytic
A3571,SQLDatabs3Training,137.0,5386.0,220.23,23.0,5.0,0.05,1462.0,2024-11-08,Delhi,Desktop,data analitics online
A3572,AI_Mark3ting101,137.0,5168.0,230.04,21.0,7.0,0.051,1377.0,2024-11-13,Mumbai,Desktop,data analytics course
A3573,Deeplearnngpro,174.0,4308.0,190.54,24.0,10.0,0.057,1948.0,2024-11-21,Chennai,Tablet,data analitics online
A3574,Businessanlyticsclass,177.0,3884.0,219.75,29.0,5.0,0.028,1626.0,2024-11-05,Pune,Desktop,analytics for data
A3575,DataScienceBootcamp_,155.0,4312.0,231.52,30.0,3.0,0.019,1003.0,2024-11-06,Bangalore,Mobile,data analytics course
A3576,dEEPlEARNNGpRO,129.0,3482.0,184.89,23.0,9.0,0.06976744186046512,1667.0,2024-11-29,Bangalore,Mobile,online data analytic
A3577,DataSci3nceBootcamp,91.0,4893.0,222.3,29.0,10.0,0.09122252747252749,1430.0,2024-11-21,Chennai,Mobile,learn data analytics
A3578,WebDevMastery1,141.0,3075.0,239.32,12.0,10.0,0.044,1966.0,2024-11-22,Bangalore,Mobile,data analytics course
A3579,Machnelearningbasics,126.0,4558.0,195.36,23.0,3.0,0.024,1020.0,2024-11-26,New Delhi,Desktop,online data analytic
A3580,BusinessAnlyticsClass,87.0,3248.0,220.5,13.0,6.0,0.06896551724137931,1871.0,2024-11-28,New Delhi,Mobile,data analitics online
A3581,AI_Mark3ting101,135.5,5297.0,213.5,27.0,9.0,0.046,1268.0,2024-11-23,Mumbai,Desktop,data analytics course
A3582,BusinessAnlyticsClass_,107.0,3589.0,183.25,19.0,7.0,0.048,1571.0,2024-11-29,Pune,Desktop,data analytics course
A3583,mACHNElEARNINGbASICS,124.0,3383.0,224.63,21.0,7.0,0.056451612903225805,1263.0,2024-11-10,Chennai,Desktop,data analitics online
A3584,BusinessAnlyticsCl@ss,124.0,5629.0,189.62,14.0,9.0,0.073,1626.0,2024-11-27,Pune,Desktop,data anaytics training
A3585,AI_Mark3ting101,97.0,5914.0,226.47,15.0,7.0,0.07216494845360824,1889.0,2024-11-08,New Delhi,Tablet,online data analytic
A3586,WebDevM@stery,186.0,3314.0,237.84,11.0,5.0,0.026881720430107527,1864.0,2024-11-05,Chennai,Tablet,data analitics online
A3587,DataSci3nceBootcamp,165.0,5262.0,211.33,24.0,3.0,0.018,1075.0,2024-11-20,Chennai,Desktop,data analitics online
A3588,CyberSecurtyFundamentals,110.0,3088.0,205.09,13.0,7.0,0.064,1061.0,2024-11-05,Pune,Tablet,data analytics course
A3589,DataScienceBootcamp ,191.0,4753.0,200.39,24.0,9.0,0.047,1702.0,2024-11-05,Chennai,Mobile,analytics for data
A3590,Python4Data,136.0,3036.0,201.48,20.0,7.0,0.046,1811.0,2024-11-13,Pune,Tablet,data anaytics training
A3591,CloudComputngCourse,146.0,5743.0,190.39,18.0,3.0,0.021,1108.0,2024-11-13,Mumbai,Mobile,data anaytics training
A3592,CloudComputngCours3,152.0,5061.0,234.42,12.0,5.0,0.03289473684210526,1566.0,2024-11-10,Mumbai,Tablet,online data analytic
A3593,Datasciencebootcamp,189.0,5944.0,202.89,28.0,5.0,0.026455026455026454,1360.0,2024-11-08,Pune,Mobile,data analytics course
A3594,AI_Marketing101,99.0,4446.0,233.53,11.0,6.0,0.061,1189.0,2024-11-05,Bangalore,Tablet,data anaytics training
A3595,Machnelearningbasics,88.0,5344.0,242.07,17.0,9.0,0.054,1418.0,2024-11-29,Mumbai,Mobile,online data analytic
A3596,AI_Mark3ting101,154.0,3211.0,248.28,14.0,6.0,0.039,1950.0,2024-11-28,Bangalore,Tablet,data analitics online
A3597,Machn3LearningBasics,113.0,3808.0,233.25,18.0,4.0,0.035,1085.0,2024-11-02,Mumbai,Desktop,data anaytics training
A3598,DataScienceBootcamp1,196.0,5853.0,220.13,16.0,7.0,0.036,1558.0,2024-11-08,Bangalore,Tablet,data anaytics training
A3599,mACHNElEARNINGbASICS,137.0,5453.0,217.08,12.0,5.0,0.05,1174.0,2024-11-22,Delhi,Desktop,analytics for data
